Country Name,Country Code,Year,forest_area_percent,access_clean_fuels,access_electricity,renewable_energy_percent,energy_use_per_capita,co2_per_capita,industry_value_added_percent_gdp,gdp_growth,gdp_per_capita,population_total
Afghanistan,AFG,2000,1.85278199408184,6.2,4.4,45.0,,0.0501382814099344,,,308.318269746638,20130327.0
Afghanistan,AFG,2001,1.85278199408184,7.1,9.3,45.6,,0.0463511028500998,,-9.4319740700862,277.118051443941,20284307.0
Afghanistan,AFG,2002,1.85278199408184,8.3,14.1,37.8,,0.0439140640871224,23.8101270064854,28.6000011706788,338.139973643387,21378117.0
Afghanistan,AFG,2003,1.85278199408184,9.35,19.0,36.7,,0.0447454276810823,22.7108641828326,8.83227780288267,346.071627096223,22733049.0
Afghanistan,AFG,2004,1.85278199408184,10.8,23.8,44.2,,0.038301143932592,26.2267897500666,1.41411799339429,338.637273888197,23560654.0
Afghanistan,AFG,2005,1.85278199408184,12.1,28.7,33.9,,0.052297588398106,26.8120992326398,11.2297148272859,363.640141436773,24404567.0
Afghanistan,AFG,2006,1.85278199408184,13.6,33.5,31.9,,0.0557935319150409,28.2107680719994,5.35740324748592,367.75831169358,25424094.0
Afghanistan,AFG,2007,1.85278199408184,15.3,38.4,28.8,,0.0796685368947688,26.8822416082148,13.8263195471281,410.757728879097,25909852.0
Afghanistan,AFG,2008,1.85278199408184,16.7,42.4,21.2,,0.14737589049906,26.9156280026285,3.92498381999467,417.647282647498,26482622.0
Afghanistan,AFG,2009,1.85278199408184,18.3,48.3,16.5,,0.224491273806937,21.8971222069406,21.3905283926492,488.830652491949,27466101.0
Afghanistan,AFG,2010,1.85278199408184,19.8,42.7,15.2,,0.278191742360873,21.1514206977128,14.3624414710737,542.871030476037,28284089.0
Afghanistan,AFG,2011,1.85278199408184,21.3,43.2,12.6,,0.392640542832169,22.7402524820273,0.426354776777345,525.42698276582,29347708.0
Afghanistan,AFG,2012,1.85278199408184,22.9,69.1,15.4,,0.323442048526517,21.1578071539751,12.7522870926697,568.929021458341,30560034.0
Afghanistan,AFG,2013,1.85278199408184,24.4,68.0,16.9,,0.266539509081829,20.4446053132561,5.60074465863221,580.603833333096,31622704.0
Afghanistan,AFG,2014,1.85278199408184,25.8,89.5,19.1,,0.242701667084292,21.2296632181805,2.72454336219565,575.146245808546,32792523.0
Afghanistan,AFG,2015,1.85278199408184,27.5,71.5,17.7,,0.24909135686806,22.1240424906926,1.45131466066431,565.569730408751,33831764.0
Afghanistan,AFG,2016,1.85278199408184,28.9,97.7,20.2,,0.219353479990497,10.4668076938201,2.26031420279821,563.872336723147,34700612.0
Afghanistan,AFG,2017,1.85278199408184,30.15,97.7,19.5,,0.2913283907183,10.0518739969063,2.6470032027451,562.769574140988,35688935.0
Afghanistan,AFG,2018,1.85278199408184,31.7,93.4,18.3,,0.321418704642259,13.3872469597976,1.18922812944517,553.125151688293,36743039.0
Afghanistan,AFG,2019,1.85278199408184,33.3,97.7,18.9,,0.319752781855278,14.0581123697768,3.91160341625552,557.861533207459,37856121.0
Afghanistan,AFG,2020,1.85278199408184,34.6,97.7,18.2,,0.310824605884889,12.9525996015547,-2.35110067203466,527.834554499306,39068979.0
Afghanistan,AFG,2021,1.85278199408184,35.9,97.7,20.0,,0.312156784785117,14.2736570191788,-20.7388393676343,408.625855217403,40000412.0
Afghanistan,AFG,2022,1.85278199408184,37.1,85.3,20.0,,0.278420956418618,16.0503677223963,-6.24017199240269,377.665627080705,40578842.0
Afghanistan,AFG,2023,1.85278199408184,38.6,85.3,,,0.280995468771367,13.4498227120978,2.26694373649188,378.06630312259,41454761.0
Africa Eastern and Southern,AFE,2000,39.1047528492012,11.4947042784065,19.9172563342889,65.3858665294723,635.550217773356,1.0622421586223,27.9171019877841,3.18137506041111,1205.98105360593,406156661.0
Africa Eastern and Southern,AFE,2001,38.9039800957902,11.8410550659279,19.9442774203583,65.8173627780445,621.510017966009,1.06415409635223,28.054315745205,3.50353308518427,1216.33535706379,416807868.0
Africa Eastern and Southern,AFE,2002,38.7032073423792,12.2025228093517,21.5486466155625,65.0992811815578,604.936501069868,1.06934927513265,27.3349295547368,3.91711337379634,1231.4445675519,427820358.0
Africa Eastern and Southern,AFE,2003,38.5024345889681,12.5733800013055,22.4932167182052,64.6151241962775,628.094857041229,1.09630907924875,26.5921747721623,3.00937249317595,1235.71164842373,439173286.0
Africa Eastern and Southern,AFE,2004,37.8406467655959,12.9586900678548,23.724454932615,63.6780350675331,641.941011775843,1.15053019878162,26.8893149488841,5.63469800866547,1271.31275711155,450928044.0
Africa Eastern and Southern,AFE,2005,37.6421527632078,13.3711420200627,23.449539355606,63.1090982683818,626.086764059889,1.15252506257628,27.8152096872531,6.17365914390395,1314.3879382145,463076637.0
Africa Eastern and Southern,AFE,2006,37.4438212701902,13.7827140589691,25.1724823105969,62.7381235737246,630.049517762709,1.14239262022554,27.8943653138769,6.63749738735714,1364.70525366925,475606210.0
Africa Eastern and Southern,AFE,2007,37.2453251750786,14.2541776273004,26.7951445862147,61.5051686589556,639.893343761975,1.160496830435,29.2235447877185,6.70003329209791,1417.47243247841,488580707.0
Africa Eastern and Southern,AFE,2008,37.047084435571,14.7365857921904,25.9088451344457,61.9080266133138,658.39785740852,1.19288937244139,30.4645998089145,4.43752919445292,1440.59728407645,502070763.0
Africa Eastern and Southern,AFE,2009,36.8486322944731,15.1715571055641,26.1878464781111,61.3046006287143,659.121147320855,1.10870336991863,26.6977694815849,0.919472850509038,1414.58775130051,516003448.0
Africa Eastern and Southern,AFE,2010,36.6482350829761,15.6201734437212,27.414953756332,62.8763868126774,627.156239582265,1.10738321159763,27.3212163743139,5.30790438645938,1449.48915951845,530308387.0
Africa Eastern and Southern,AFE,2011,36.4089620173726,16.1231984574132,28.909756234127,62.8052791594478,635.046810144813,1.06523535264226,28.6052577416269,4.07747696614018,1468.63057193646,544737983.0
Africa Eastern and Southern,AFE,2012,31.8906540898919,16.5997340024117,31.6734274619175,61.4099642987411,610.804236639906,1.0733508354952,28.4590121987767,1.89717291956102,1456.72281306529,559609961.0
Africa Eastern and Southern,AFE,2013,31.6806349371412,17.0610493136786,31.7235735731483,60.8017990466951,613.049430088923,1.08764447453486,27.8033727389777,4.35668249727492,1478.97797685759,575202699.0
Africa Eastern and Southern,AFE,2014,31.4706339012314,17.6341502067647,31.8719561283579,61.2358816947099,620.948652436034,1.09673469389234,27.1637700860693,3.92038970191821,1495.95557383523,590968990.0
Africa Eastern and Southern,AFE,2015,31.2604197322287,18.1458333903852,33.9222756622758,61.6702780479896,608.762824499911,1.04629121620399,24.8785505777961,2.93402965863687,1498.8752400759,607123269.0
Africa Eastern and Southern,AFE,2016,31.0396815593755,18.6851183805539,38.8595976583714,61.8228841937413,607.297809226803,1.02549175379521,24.748444475518,2.13011703002091,1490.9075460241,623369401.0
Africa Eastern and Southern,AFE,2017,30.8243162615385,19.2056324304616,40.2237441730368,61.4269497576408,597.786385354869,1.0130084445419,25.3937369507361,2.67752389715308,1490.91109750422,640058741.0
Africa Eastern and Southern,AFE,2018,30.6115118196972,19.7427723256188,43.0350733507835,61.5875298317964,585.044145398047,0.998509432404654,26.172562623672,2.70519413363353,1489.94213724372,657801085.0
Africa Eastern and Southern,AFE,2019,30.3916258622835,20.3326789734798,44.3908605333639,62.6907096127666,587.648036459011,0.984697077678186,26.0330206191942,2.03007686221603,1479.37238691603,675950189.0
Africa Eastern and Southern,AFE,2020,30.1742524356603,20.8628000665566,46.2823709455637,65.7823798017466,566.960723229114,0.897581461901748,25.0956185656564,-2.81757208724623,1399.39849841898,694446100.0
Africa Eastern and Southern,AFE,2021,29.9551937873237,21.4196207400075,48.1272110400485,,579.816693062829,0.899169592257325,25.9427857270268,4.57877206871177,1425.2090572764,713090928.0
Africa Eastern and Southern,AFE,2022,29.7372051021705,21.9964562319101,48.8012579607658,,562.060699360646,0.858131540848484,26.3210526613761,3.72271692296214,1440.43036630175,731821393.0
Africa Eastern and Southern,AFE,2023,,22.5414402127635,50.6675157944854,,,0.838104192853686,26.4166896198758,1.9311603523693,1431.72178996886,750491370.0
Africa Western and Central,AFW,2000,21.5952835465819,4.7619834055432,34.2461158257192,83.1015124875548,285.657322343808,0.532846230654408,31.6429492467533,3.81216115039309,1188.0373057001,274968446.0
Africa Western and Central,AFW,2001,21.5031563447265,4.94420774454716,35.3232672070551,81.9392428609391,289.237182398885,0.549678923121197,27.6777124143976,5.24868324071915,1215.84949075792,282780717.0
Africa Western and Central,AFW,2002,21.411029142871,5.13046451387773,35.809110964429,81.7355279822687,292.177320461456,0.500760903363287,25.027285981308,9.94330712251539,1299.69542056655,290841795.0
Africa Western and Central,AFW,2003,21.3189019410156,5.33589758163863,39.9602539341217,80.7104497731199,296.980066862543,0.528316162801754,27.0744572920452,5.62636064767845,1334.72594265973,299142845.0
Africa Western and Central,AFW,2004,21.2267747391601,5.53526886594561,37.5945022413501,80.7905367283385,302.295886835961,0.509949952083857,28.8135111338226,8.07147345054227,1402.22876764658,307725100.0
Africa Western and Central,AFW,2005,21.1346475373047,5.71052225934465,37.9359101368567,80.9340336358309,312.334701917274,0.49998850874155,29.4197914902828,5.79743371948868,1441.98859440003,316588476.0
Africa Western and Central,AFW,2006,21.0425203354492,5.91580210003368,39.9529044823027,81.8733098332193,302.907262026617,0.463581453079197,28.1434367027884,5.28717104206022,1475.92318265943,325663158.0
Africa Western and Central,AFW,2007,20.9503931335938,6.15038782667752,40.8648618879836,82.3300149481968,300.302468319768,0.436395837396212,27.0768748584186,5.44753043563995,1513.01942969263,334984176.0
Africa Western and Central,AFW,2008,20.8582659317383,6.43123005576525,41.8660146613745,81.2111702741465,306.79657435129,0.449868685797778,28.1358811661849,6.21081188431489,1562.21124621273,344586109.0
Africa Western and Central,AFW,2009,20.7661387298829,6.720296438535,42.0024854401026,82.3902132632194,295.423285524058,0.415925385739169,24.6156342319428,6.14119135977269,1612.48837316067,354343844.0
Africa Western and Central,AFW,2010,20.6740115280274,7.07508068473374,41.9519903118982,80.6878062215966,336.412979107051,0.455503589914399,27.3403594105445,7.00073960255909,1677.95238312056,364358270.0
Africa Western and Central,AFW,2011,20.586055376098,7.44953029220942,46.0619669218462,79.282287064176,359.064392844876,0.472250947112022,30.3228391802371,4.92204702375463,1711.53923110365,374790143.0
Africa Western and Central,AFW,2012,20.4980992241686,7.95470756255725,44.1865003474968,78.4812300030604,353.413958029407,0.468177383760881,29.7369723233846,5.12970299383294,1749.98138710355,385360349.0
Africa Western and Central,AFW,2013,20.4101430722392,8.53206596157449,47.1945030733476,76.7014987422216,356.913661271615,0.498386225371945,28.7586082396961,6.04669213138413,1805.79842409374,396030207.0
Africa Western and Central,AFW,2014,20.3221869203098,9.23632232818544,47.7673605462369,75.7410088804396,354.759851343277,0.511575107019229,27.3416005895994,5.6915512073646,1857.17116320705,406992047.0
Africa Western and Central,AFW,2015,20.2342307683804,10.2293177427588,46.8624182524845,76.181670524591,336.978667905031,0.501555690461132,23.152227373643,2.93286367242145,1860.72768628324,418127845.0
Africa Western and Central,AFW,2016,20.1526101563381,11.3670393876637,51.0451271925992,75.7968398295924,343.896337502189,0.513155585290625,21.5173149706202,0.194316483405615,1815.17120349953,429454743.0
Africa Western and Central,AFW,2017,20.0713271823989,12.7875838072298,48.9007280475057,76.1016805879549,332.429748033803,0.490150552582322,24.42401180708,2.29634886599959,1808.72220111739,440882906.0
Africa Western and Central,AFW,2018,19.9860995956125,14.4886617182289,51.3358293517534,75.4765777368905,325.467766288687,0.506406830322649,26.6968365569618,2.90466430784954,1814.69463581898,452195915.0
Africa Western and Central,AFW,2019,19.9012301104615,16.4039349690026,51.2915769115352,75.0787881678252,341.666132517863,0.516134318686947,23.3347838450209,3.28168276850104,1829.06806387649,463365429.0
Africa Western and Central,AFW,2020,19.8167839774834,18.3176434655596,51.8560428463068,75.846980103796,336.566406948633,0.498326745083038,21.2395036083466,-3.73062984236253,1719.26150438049,474569351.0
Africa Western and Central,AFW,2021,19.7320365324224,20.1306504282424,54.368598708444,,350.102510019167,0.52634914230718,21.9220901239411,2.54969083217036,1721.90947456022,485920997.0
Africa Western and Central,AFW,2022,19.6474877713602,21.777317719367,55.6866829669796,,351.913061564233,0.521524499284441,23.0816586357113,4.47279468511532,1757.45658962159,497387180.0
Africa Western and Central,AFW,2023,,23.0651743187298,57.0692665803595,,,0.494008435504324,23.1898778620108,3.66242752919044,1778.86434703356,509398589.0
Albania,ALB,2000,28.0766423357664,36.6,99.4,41.4,581.374748988005,1.04657550743325,21.712185305831,7.46285871776054,1991.91435867116,3089027.0
Albania,ALB,2001,28.1232481751825,39.3,99.4,39.0,598.228317118281,1.12398874181296,24.386649861103,8.8637306604876,2188.91854451375,3060173.0
Albania,ALB,2002,28.1698540145985,42.3,99.4,35.8,661.11795163205,1.31323725585954,26.2383265737354,4.62839587394552,2297.10853513924,3051010.0
Albania,ALB,2003,28.2164598540146,45.4,99.4,33.7,649.35788110735,1.38556975617973,27.084687755804,5.33326426009945,2428.68934653563,3039616.0
Albania,ALB,2004,28.2630656934307,48.6,99.4,35.8,716.623145884767,1.45837098137756,27.7299752177294,5.26626173860785,2567.29763687121,3026939.0
Albania,ALB,2005,28.3096715328467,51.2,99.4,36.8,721.077407396492,1.3776914859669,28.1372131604488,5.13082193056189,2712.86983830331,3011487.0
Albania,ALB,2006,28.3562773722628,54.4,99.4,31.6,707.890606549635,1.3817995172674,28.4284255205783,6.0189812403864,2894.36032580174,2992547.0
Albania,ALB,2007,28.4028832116788,57.8,99.4,32.0,680.948166186712,1.42962144661125,28.5772545670045,6.50009261158209,3105.8796756386,2970017.0
Albania,ALB,2008,28.4494890510949,60.6,100.0,35.8,712.287869024953,1.42332985219763,28.5616497223775,6.90706230713707,3345.98161761476,2947314.0
Albania,ALB,2009,28.4960948905109,63.2,99.6,37.1,734.057809949862,1.46321851369709,27.5678722962167,2.69075152362146,3459.24695646692,2927519.0
Albania,ALB,2010,28.542700729927,65.9,99.6,37.0,731.053397459356,1.56778821711206,27.4749142839601,2.97315442681247,3579.82413181046,2913021.0
Albania,ALB,2011,28.5946532846715,68.6,99.7,35.8,766.894617514824,1.72129581663193,26.9409865024688,2.46351683915714,3677.89457937717,2905195.0
Albania,ALB,2012,28.6466058394161,70.8,99.9,39.9,699.444897699178,1.58649537107597,25.4077242038709,0.984129880204108,3771.84781862015,2860708.0
Albania,ALB,2013,28.6985583941606,72.8,99.9,41.1,826.01838486232,1.69345614437421,25.506803612245,1.7072283175406,3895.89975621942,2816902.0
Albania,ALB,2014,28.7505109489051,74.7,100.0,38.6,844.590080017958,1.83944794209463,23.8286690584956,2.24022695382642,4045.11934884933,2773767.0
Albania,ALB,2015,28.8024635036496,76.5,100.0,38.5,803.987448070775,1.78508860089342,24.4814091473313,2.2277040745779,4199.53912925398,2731293.0
Albania,ALB,2016,28.8021897810219,78.0,99.9,39.4,840.619363568519,1.68739628528903,23.8670178864359,3.90893551362245,4431.55635814168,2689469.0
Albania,ALB,2017,28.7920620437956,79.7,99.9,36.9,894.466399568989,2.0244422333699,22.9533327106507,3.28317593330073,4648.23078660658,2648285.0
Albania,ALB,2018,28.7919708029197,80.9,100.0,37.8,904.739774695665,2.04549315439886,23.7535886253159,3.67141928098908,4893.82375538717,2607733.0
Albania,ALB,2019,28.7919708029197,82.1,100.0,40.1,908.317252679183,1.94096037816015,22.9655210859374,2.06257790176122,5072.43648354739,2567801.0
Albania,ALB,2020,28.7919708029197,83.4,100.0,44.4,855.185594249541,1.80646079858255,23.4687164183412,-3.31375636888916,4980.61699524696,2528480.0
Albania,ALB,2021,28.7919708029197,84.5,100.0,41.9,914.732925521475,2.0532886275877,22.4341412350759,8.96957619074095,5511.75743402862,2489762.0
Albania,ALB,2022,28.7919708029197,85.4,100.0,,884.57221529163,1.84525761573088,23.0250522159549,4.8268006234359,5867.65096230557,2451636.0
Albania,ALB,2023,28.7919708029197,86.1,100.0,,888.463855695385,1.74914408919284,23.160711973189,4.01541716935742,6198.17195301204,2414095.0
Algeria,DZA,2000,0.662960692602887,96.5,98.6,0.4,873.657787057718,2.84556706172908,53.3309696535528,3.80000000158476,3553.32420521991,30903893.0
Algeria,DZA,2001,0.677193984230017,97.0,98.6,0.4,863.498325342364,2.73923253741053,40.8145902645976,2.99999999863043,3610.00605631983,31331221.0
Algeria,DZA,2002,0.691427275857146,97.45,98.6,0.5,911.440557642084,2.82473516050838,39.7667145410183,5.40000000000001,3754.66081538446,31750835.0
Algeria,DZA,2003,0.705660567484276,97.8,98.6,0.5,955.848483496115,2.9993425497372,42.0401015762179,6.50000000062043,3945.89816094007,32175818.0
Algeria,DZA,2004,0.719893859111406,98.1,98.6,0.4,954.298409338891,2.96141820014695,44.9814633218361,4.49999999976698,4066.28204806495,32628286.0
Algeria,DZA,2005,0.734127150738536,98.4,98.6,0.6,979.326457769033,3.06259438261496,48.5068360058496,5.39999999969525,4223.60252133943,33109249.0
Algeria,DZA,2006,0.748360442365665,98.6,98.7,0.4,1032.63866815022,3.13780186991803,50.8913842012469,2.89999999905852,4279.61547120827,33623506.0
Algeria,DZA,2007,0.762593733992795,98.8,98.7,0.4,1077.66189233078,3.18566716670446,50.3717168823853,3.10000000128674,4339.25055772831,34189416.0
Algeria,DZA,2008,0.776827025619925,99.0,99.3,0.3,1070.72807038599,3.26590250079552,51.6161712058703,2.49999999929371,4367.56538017541,34816961.0
Algeria,DZA,2009,0.791060317247055,99.2,98.8,0.3,1147.30600554253,3.27099589762822,42.0128802106709,1.19999999969519,4336.10054052949,35490445.0
Algeria,DZA,2010,0.805293608874184,99.2,98.9,0.3,1151.13889665565,3.27777236779378,45.2431946364671,4.80000000093564,4456.6102741643,36188236.0
Algeria,DZA,2011,0.808484553309765,99.3,99.0,0.2,1174.26806450034,3.38189926038203,44.9869856015855,2.99999999941909,4501.3543013352,36903376.0
Algeria,DZA,2012,0.811675497745346,99.4,98.8,0.2,1258.83718458975,3.72600758334859,43.1950549091774,2.40000000034432,4518.43978956464,37646166.0
Algeria,DZA,2013,0.814866442180927,99.5,99.2,0.1,1273.72242693806,3.79361564251901,39.7438543670176,2.60000000061164,4543.23444006767,38414171.0
Algeria,DZA,2014,0.818057386616507,99.5,99.3,0.1,1358.04787814425,3.95441595238121,38.5614138325673,4.09999999866501,4634.10149179952,39205031.0
Algeria,DZA,2015,0.821247986241997,99.6,99.4,0.1,1414.49702064392,4.11245469680565,32.7565009315894,3.20000000089023,4685.05902729002,40019529.0
Algeria,DZA,2016,0.821247986241997,99.6,99.4,0.1,1371.20207705232,3.93495625205734,32.205164049828,3.90000000017621,4768.73140081027,40850721.0
Algeria,DZA,2017,0.815789794104397,99.6,99.5,0.1,1380.3468180174,3.98952018838216,33.4766949498416,1.49999999895587,4742.90075532529,41689299.0
Algeria,DZA,2018,0.810331601966797,99.7,99.6,0.2,1442.30211193457,4.1125786627396,35.3432586054084,1.40000000088281,4717.0035885361,42505035.0
Algeria,DZA,2019,0.814110692183026,99.7,99.5,0.2,1463.50985736009,4.19651934911155,33.5743211841578,0.899999999219148,4672.66408678635,43294546.0
Algeria,DZA,2020,0.818309303282474,99.7,99.7,0.1,1373.67832094406,3.90423106841135,30.0235803787213,-4.99999999908597,4363.68533767783,44042091.0
Algeria,DZA,2021,0.822088053271978,99.7,99.8,0.1,1451.44517709293,4.05087238809753,36.3214812457704,3.79999999900707,4456.74687637774,44761099.0
Algeria,DZA,2022,0.826286664371426,99.7,100.0,,1499.50999958517,4.16005852930563,43.0521306240802,3.60000000094915,4544.46688060372,45477389.0
Algeria,DZA,2023,0.830314224054683,99.7,100.0,,1503.41406578063,4.12827519079225,37.5476547378243,4.10000000005964,4660.40545687895,46164219.0
American Samoa,ASM,2000,88.65,,,0.0,,0.0017588602585524,,,,56855.0
American Samoa,ASM,2001,88.5,,,0.0,,0.0017527562091388,,,,57053.0
American Samoa,ASM,2002,88.35,,,0.0,,0.0017524797588587,,,13054.6364326897,57062.0
American Samoa,ASM,2003,88.2,,,0.0,,0.0017552790015973,,0.965517241379317,13201.7347516166,56971.0
American Samoa,ASM,2004,88.05,,,0.0,,0.001760005632018,,0.409836065573771,13291.5356626851,56818.0
American Samoa,ASM,2005,87.9,,,0.0,,0.0017662539519932,,-0.408163265306129,13284.2791128875,56617.0
American Samoa,ASM,2006,87.75,,,0.0,,0.0017738673856742,,-4.09836065573771,12794.7565021718,56374.0
American Samoa,ASM,2007,87.6,,,0.0,,0.001782118225723,,1.85185185185186,13092.3111393408,56113.0
American Samoa,ASM,2008,87.45,,,0.0,,0.0017912158773375,,-2.65734265734265,12809.4633079683,55828.0
American Samoa,ASM,2009,87.3,,,0.0,,0.0018008932430485,,-4.16666666666666,12342.0575384016,55528.0
American Samoa,ASM,2010,87.15,,,0.0,,0.0018106757441877,,0.299850074962521,12446.3086265015,55228.0
American Samoa,ASM,2011,87.0,,,0.0,,0.0018216595318335,,0.0,12521.8095058644,54895.0
American Samoa,ASM,2012,86.85,,,0.1,,0.0018352327992805,,-4.33482810164425,12068.2667374983,54489.0
American Samoa,ASM,2013,86.7,,,0.2,,0.0018516461133948,,-2.5,11871.7937192729,54006.0
American Samoa,ASM,2014,86.55,,,0.2,,0.0018703475105674,,1.76282051282051,12203.0894714284,53466.0
American Samoa,ASM,2015,86.4,,,0.2,,0.0018911456560384,,3.14960629921259,12727.4102651386,52878.0
American Samoa,ASM,2016,86.25,,,0.2,,0.0019140587616039,,-1.67938931297709,12665.2829921268,52245.0
American Samoa,ASM,2017,86.1,,,0.3,,0.0019385104485713,,-6.98757763975155,11930.7771236826,51586.0
American Samoa,ASM,2018,85.95,,,0.3,,0.0019643278070244,,2.6711185308848,12412.6024074562,50908.0
American Samoa,ASM,2019,85.8,,,0.4,,0.0019916747993387,,-0.487804878048777,12524.0160252283,50209.0
American Samoa,ASM,2020,85.65,,,0.4,,0.0020096059162798,,4.41176470588236,13194.274740128,49761.0
American Samoa,ASM,2021,85.5,,,0.4,,0.0020314880650076,,-0.782472613458523,13233.5784817341,49225.0
American Samoa,ASM,2022,85.35,,,0.4,,0.0020685945968309,,1.73501577287065,13709.0974895473,48342.0
American Samoa,ASM,2023,85.2,,,,,0.002104332821279,,,,47521.0
Andorra,AND,2000,34.0425531914894,100.0,100.0,14.5,,,14.8437550367806,3.52836236122388,34113.8334027285,65685.0
Andorra,AND,2001,34.0425531914894,100.0,100.0,15.4,,,14.9240176087095,8.11935772169949,36790.1209900717,65852.0
Andorra,AND,2002,34.0425531914894,100.0,100.0,15.8,,,15.0672890885022,4.54636221364653,38084.5022003398,66506.0
Andorra,AND,2003,34.0425531914894,100.0,100.0,16.5,,,15.4949366544165,8.69420371612468,39620.3387714274,69486.0
Andorra,AND,2004,34.0425531914894,100.0,100.0,16.6,,,15.7803540103879,8.13567633837351,40054.3399679173,74325.0
Andorra,AND,2005,34.0425531914894,100.0,100.0,16.6,,,16.0357828783728,5.39779598500422,40528.1938997392,77421.0
Andorra,AND,2006,34.0425531914894,100.0,100.0,17.6,,,16.1672951911525,4.80868869916921,41322.0723316534,79585.0
Andorra,AND,2007,34.0425531914894,100.0,100.0,16.6,,,15.4735314793076,1.55318814103222,40789.1781297264,81877.0
Andorra,AND,2008,34.0425531914894,100.0,100.0,17.0,,,15.4327671138582,-5.55918636850581,37775.1438845998,83495.0
Andorra,AND,2009,34.0425531914894,100.0,100.0,17.1,,,14.7664887100921,-5.30284654348291,35604.4007343193,83888.0
Andorra,AND,2010,34.0425531914894,100.0,100.0,18.7,,,13.1256460606154,-1.97495799965345,36277.2814831059,80706.0
Andorra,AND,2011,34.0425531914894,100.0,100.0,18.6,,,11.908853107908,-0.0080697534113909,37637.5045137987,77783.0
Andorra,AND,2012,34.0425531914894,100.0,100.0,18.8,,,11.0715796683925,-4.97444371853503,36206.9954432018,76834.0
Andorra,AND,2013,34.0425531914894,100.0,100.0,19.1,,,10.6182471491429,-3.54759651549344,35684.1861967511,75194.0
Andorra,AND,2014,34.0425531914894,100.0,100.0,19.4,,,10.1535313011382,2.50446552114518,37300.6419409868,73737.0
Andorra,AND,2015,34.0425531914894,100.0,100.0,19.0,,,9.98126871637019,1.43414039522716,38654.95287916,72174.0
Andorra,AND,2016,34.0425531914894,100.0,100.0,18.9,,,10.1407794073814,3.70967806978986,40085.0394278177,72181.0
Andorra,AND,2017,34.0425531914894,100.0,100.0,18.0,,,10.3955176672591,0.346071889630295,39361.0807539996,73763.0
Andorra,AND,2018,34.0425531914894,100.0,100.0,17.6,,,11.0763337210625,1.58876549046354,39242.1633307803,75162.0
Andorra,AND,2019,34.0425531914894,100.0,100.0,17.2,,,11.6998176283166,2.01554763848308,39346.2935180487,76474.0
Andorra,AND,2020,34.0425531914894,100.0,100.0,20.9,,,12.6601582717327,-11.1839399355384,34536.666145207,77380.0
Andorra,AND,2021,34.0425531914894,100.0,100.0,18.4,,,12.3626363853047,8.28677879049404,36929.0364995869,78364.0
Andorra,AND,2022,34.0425531914894,100.0,100.0,18.7,,,11.1453411041301,9.56461225648184,39780.4152991834,79705.0
Andorra,AND,2023,34.0425531914894,100.0,100.0,,,,12.4282261796617,2.58355480961319,40227.2524257376,80856.0
Angola,AGO,2000,62.3314430095452,40.3,24.2,73.8,428.222669261961,1.0195821898899,,3.05462423430785,2172.46326720494,16194869.0
Angola,AGO,2001,61.8862188176787,41.0,20.0,72.8,428.599480858479,0.966865641126569,,4.20599855619506,2189.17352158246,16747208.0
Angola,AGO,2002,61.4409946258121,41.4,26.3,70.8,429.424207435976,0.918500488726172,51.9196521931075,13.6656887608562,2404.97792071531,17327699.0
Angola,AGO,2003,60.9957704339456,41.7,27.4,65.6,446.134132051678,0.965781216283453,48.9228549611473,3.48731240097521,2403.40415157038,17943712.0
Angola,AGO,2004,60.5505462420791,42.1,28.4,62.3,433.557080102511,0.951069768682142,50.2978770697738,11.4198633904585,2583.32411461288,18600423.0
Angola,AGO,2005,60.1053220502126,42.8,29.4,68.9,392.557802386847,0.810676972733782,56.1242984191149,14.1547775343954,2843.3966357968,19291161.0
Angola,AGO,2006,59.660097858346,43.2,30.5,62.6,422.909458684002,0.815392081219552,54.2214232962716,11.8418178757044,3065.05576243895,20015279.0
Angola,AGO,2007,59.2148736664795,43.35,37.5,58.9,446.790005661844,0.820841250748789,57.905278239704,13.0026889457975,3336.36332465208,20778561.0
Angola,AGO,2008,58.769649474613,43.9,38.5,55.4,472.064397001416,0.88603761448524,56.2078263483829,10.7866360496581,3559.19522512236,21578655.0
Angola,AGO,2009,58.3244252827465,44.1,33.8,53.0,504.92416679274,0.940848252177258,40.9723218323879,1.99558909788963,3494.80724466172,22414773.0
Angola,AGO,2010,57.8792010908799,44.7,35.0,53.1,487.281074343005,0.976178185498281,48.5501387093455,5.29366572819954,3540.79159568381,23294825.0
Angola,AGO,2011,57.4339760968958,44.9,34.6,51.7,486.235365702241,0.976536306021153,52.1706630052286,3.59386960240222,3528.16824373399,24218352.0
Angola,AGO,2012,56.9887511029117,45.6,37.3,49.0,531.24332255994,0.981682218580684,53.3611036467722,8.50312283866612,3682.35229322763,25177394.0
Angola,AGO,2013,56.5435261089276,46.1,38.4,46.8,512.021802587495,1.09052642360471,50.3750405397121,4.88306129688392,3716.29718727282,26165620.0
Angola,AGO,2014,56.0983011149435,46.8,32.0,47.5,447.160325436651,1.13720270585859,43.9966362099567,4.65572356315585,3746.81619978613,27160769.0
Angola,AGO,2015,55.6530761209593,47.0,42.0,47.1,517.525209417242,1.17503861630089,36.7338841349078,0.763177710914789,3641.72893919944,28157798.0
Angola,AGO,2016,55.2078447100345,48.0,41.8,48.1,462.934994006148,1.07167614647808,37.3943513261608,-1.70053036291208,3454.03317187119,29183070.0
Angola,AGO,2017,54.7626293414615,48.2,42.9,52.5,456.692217487614,0.92592191412033,37.0989345106935,-0.149396225571834,3328.8982124109,30234839.0
Angola,AGO,2018,54.3174059517125,48.8,45.3,52.5,405.179753107747,0.824809795011719,41.1891594014386,-0.59441122698307,3196.79006983557,31297155.0
Angola,AGO,2019,53.8721745407877,49.2,45.6,51.0,416.996507156148,0.833846270553112,42.2251045134162,-0.204680245744115,3083.97534427357,32375632.0
Angola,AGO,2020,53.4269511510388,49.4,47.0,60.1,397.633186643914,0.613970253682297,36.7098511285088,-4.04244724639663,2864.16146036893,33451132.0
Angola,AGO,2021,52.9817223871019,49.8,48.2,52.9,418.358996013843,0.740292552255736,38.1721950958541,2.10275251923413,2832.81777132286,34532429.0
Angola,AGO,2022,52.5364972326943,50.0,48.5,,423.122517600564,0.748810952279567,34.9333591780179,4.21600258475137,2860.90251922246,35635029.0
Angola,AGO,2023,52.0912696719339,50.2,51.1,,,0.743838637301548,35.1292267229987,1.26330814020108,2809.15727975557,36749906.0
Antigua and Barbuda,ATG,2000,21.4772727272727,100.0,97.7,0.0,,1.81145877829987,13.0989719284255,6.20355212555867,15961.0918359058,74912.0
Antigua and Barbuda,ATG,2001,21.325,100.0,97.7,0.0,,1.74315424154386,12.0578567842058,-4.54810977120295,15003.4389169034,76069.0
Antigua and Barbuda,ATG,2002,21.1727272727273,100.0,100.0,0.0,,1.94854086613356,12.1912695630658,1.02723486062159,14968.0703013883,77032.0
Antigua and Barbuda,ATG,2003,21.0204545454545,100.0,97.9,0.0,,2.10184376765446,12.4830557801763,6.07663666406602,15703.9347145491,77884.0
Antigua and Barbuda,ATG,2004,20.8681818181818,100.0,97.9,0.0,1714.96080996964,2.11384799095517,12.1583925458935,5.76710338270556,16433.4130541483,78719.0
Antigua and Barbuda,ATG,2005,20.7159090909091,100.0,92.2,0.0,1720.86771928502,2.16678599690997,13.5142398300804,6.47368941781741,17301.2134317518,79611.0
Antigua and Barbuda,ATG,2006,20.5636363636364,100.0,100.0,0.0,1774.10550344896,2.43412237606074,17.1234005318303,12.7081474873625,19259.6486517907,80604.0
Antigua and Barbuda,ATG,2007,20.4113636363636,100.0,100.0,0.0,1786.93821599922,2.62655439146186,16.3197565694621,9.31518272315685,20770.2689732844,81704.0
Antigua and Barbuda,ATG,2008,20.2590909090909,100.0,100.0,0.0,,2.78729255113856,17.6099656888504,-0.0140065981851762,20464.786306605,82912.0
Antigua and Barbuda,ATG,2009,20.1068181818182,100.0,98.5,0.0,,3.16847445142742,18.0457313815579,-11.9628794703471,17746.700856041,84173.0
Antigua and Barbuda,ATG,2010,19.9545454545455,100.0,98.7,0.0,,3.26887013595874,14.8379422285868,-7.84050683730972,16135.397384487,85320.0
Antigua and Barbuda,ATG,2011,19.8045454545455,100.0,94.6,0.1,,2.46490293286383,13.2274797388855,-1.95874262217572,15633.9091131821,86332.0
Antigua and Barbuda,ATG,2012,19.6545454545455,100.0,100.0,0.1,,2.59912903965162,13.0746288099393,3.37314273947959,15989.3900199779,87260.0
Antigua and Barbuda,ATG,2013,19.5045454545455,100.0,100.0,0.1,,2.95012718023256,14.7598104413721,-0.600982329599361,15748.1952024226,88064.0
Antigua and Barbuda,ATG,2014,19.3545454545455,100.0,100.0,0.1,,3.15101672956683,15.3667820905787,2.19829188738797,15967.284996712,88765.0
Antigua and Barbuda,ATG,2015,19.2045454545455,100.0,100.0,0.4,,3.25470590209039,15.9280224466081,1.42161997595372,16077.6340769406,89409.0
Antigua and Barbuda,ATG,2016,19.0454545454545,100.0,100.0,0.4,,3.50009447698652,17.7641082763748,4.1203675438061,16635.895232831,89969.0
Antigua and Barbuda,ATG,2017,18.9090909090909,100.0,100.0,0.4,,3.06406685236769,18.8045201502856,2.71272657973627,16992.9327495236,90468.0
Antigua and Barbuda,ATG,2018,18.75,100.0,100.0,0.7,,3.15861249807536,20.6520988023085,6.71200487159726,18042.1596435727,90926.0
Antigua and Barbuda,ATG,2019,18.5909090909091,100.0,100.0,0.7,,3.74983582154897,21.0807459545502,3.1722219373937,18525.2588907167,91364.0
Antigua and Barbuda,ATG,2020,18.4545454545455,100.0,100.0,0.9,,3.54941968076998,21.1209995224877,-18.8687765208148,14950.8942397208,91846.0
Antigua and Barbuda,ATG,2021,18.3029545454545,100.0,100.0,0.9,,3.58964363447357,20.4832005622159,8.17286311186622,16084.7214406048,92349.0
Antigua and Barbuda,ATG,2022,18.1615909090909,100.0,100.0,0.9,,3.69452822059457,19.6581959747844,9.10780623385958,17456.8722243104,92840.0
Antigua and Barbuda,ATG,2023,18.0134090909091,100.0,100.0,,,3.68747053024133,18.9871150486925,2.42736300110336,17789.4058123944,93316.0
Arab World,ARB,2000,1.72240922488866,73.1696240435956,80.4586672566828,6.68620917917034,1309.74545597546,3.51215227162771,50.0059178235864,6.33672922415394,4910.08259157072,286548096.0
Arab World,ARB,2001,1.72047979289802,75.1428628342592,81.3547942659304,6.51598735228951,1388.57722408896,3.633115264201,46.7505686437585,2.09740745302985,4892.98855329169,293580252.0
Arab World,ARB,2002,1.71855036090738,76.8306001761092,81.323622346782,6.35988226243436,1427.30356743639,3.66779172215313,46.7965476859167,1.22074845072102,4835.589416667,300691509.0
Arab World,ARB,2003,1.71664843090733,78.3074247454028,82.3422219013586,6.46595494634639,1413.09141410784,3.68950797028463,47.4038958095678,4.29553168417596,4926.58928334869,307815105.0
Arab World,ARB,2004,1.71472049420213,79.6911920750499,82.2795249538868,6.74118351399042,1434.78995932043,3.80568021763045,49.6159049316719,9.07459188707816,5250.08375247516,315060277.0
Arab World,ARB,2005,1.71278950510318,80.7034328218588,83.07676744851,6.40448670890967,1502.78098850234,3.97948589176681,53.41734229403,5.57295529835658,5412.64941314351,322628451.0
Arab World,ARB,2006,1.71085090568476,81.7111827056212,85.2843937164942,6.19564709639159,1543.33388450494,4.0799244861769,54.6310822829143,6.27629734101787,5614.91183040313,330526310.0
Arab World,ARB,2007,1.70891841103747,82.5885477659631,83.6267638046023,5.60004577861799,1573.21507385738,4.13897390481685,53.4223220003271,4.60116470281086,5727.33322290223,338947976.0
Arab World,ARB,2008,1.70698744257072,83.2770801582467,83.2755641606337,5.13130870182265,1648.78209665742,4.33298977663114,56.1487627202994,5.57116008739757,5894.47746607478,347684619.0
Arab World,ARB,2009,1.70543899396332,83.8921733507662,84.1597287073639,5.05522238152558,1689.54663685973,4.37657957919495,47.7183147067532,0.648247152976467,5787.82712590845,356386673.0
Arab World,ARB,2010,1.70351032861463,84.3023081007578,86.921502593511,4.83562159152557,1751.68699258111,4.54319728443172,50.0622317000738,4.84064243847079,5948.12916468842,363568534.0
Arab World,ARB,2011,1.69743202691255,84.9244031500054,87.1726942320297,4.65946283874801,1756.14584935149,4.56520875403576,53.4253059488925,3.85320358755794,6036.42083357432,372054934.0
Arab World,ARB,2012,2.95640543718181,85.4363986856634,86.8478669651407,4.44428218260031,1794.39801123927,4.77443109767095,54.1899500446277,5.49375422924652,6218.04632240872,381030177.0
Arab World,ARB,2013,2.93793699681367,85.7756561671883,88.9616299190749,4.48323739439238,1773.10893078631,4.75135321426347,52.0080037186228,2.64732060879508,6220.63858713989,390954281.0
Arab World,ARB,2014,2.91945174695356,86.1069557322926,88.4067767085653,4.35137245136187,1834.7635358316,4.81372596274567,49.4959119090372,2.6597523137165,6238.07256611906,400231008.0
Arab World,ARB,2015,2.90093803852791,86.3040919190782,88.6616431398725,4.21496941236506,1838.08041030076,4.80405395156763,40.4265373349113,3.35080366726505,6290.55879501691,410190679.0
Arab World,ARB,2016,2.88332326122098,86.4793431723936,89.1861710572826,4.29077756155343,1837.88924521527,4.75246713161632,38.155994879331,3.57286827951262,6366.04865571626,419808341.0
Arab World,ARB,2017,2.86394290918001,86.6379522000933,90.3510669396465,4.3581617981618,1845.53833233154,4.73116992781887,40.7677492984881,1.32901000226768,6322.52614443499,428315886.0
Arab World,ARB,2018,2.84442046915972,86.6601694019868,88.6898406472267,4.50425823426351,1813.73691367158,4.61885878026092,44.5307863776535,2.67255324455269,6377.12047410411,435998060.0
Arab World,ARB,2019,2.82662078765584,86.744828031453,89.9289963083413,4.70633158020559,1794.80105446141,4.57737026452394,42.4378832257503,1.74778112240244,6367.60443969474,444281315.0
Arab World,ARB,2020,2.80889526080167,86.7608769963874,90.2417769685806,5.17060073389405,1677.41911396716,4.36164535072922,36.2480477287924,-5.30102786914752,5904.57124162288,453723239.0
Arab World,ARB,2021,2.79112084453801,86.6893216166095,90.4340947732985,,1736.00525650969,4.49856109572882,42.7339657537053,4.43160883511413,6073.56224152636,460646603.0
Arab World,ARB,2022,2.77355392704447,86.763430122317,90.6545179070033,,1780.22285816424,4.51655911861293,48.6378194883718,7.00775934349392,6351.57184174657,471352066.0
Arab World,ARB,2023,,86.8229669353075,91.6454299444509,,,4.55256379383056,44.6115100409235,1.63495022269882,6311.42160022415,482105978.0
Argentina,ARG,2000,12.1964855354461,95.8,95.7,9.8,1643.32131961789,3.67485781688948,25.9908360111364,-0.78899893905691,10631.6503639029,37213984.0
Argentina,ARG,2001,12.0808714176615,96.3,95.5,11.5,1518.56737304195,3.49042420795313,25.2434339827333,-4.40883968258557,10051.9448463043,37624825.0
Argentina,ARG,2002,11.9652572998769,96.9,96.1,11.6,1484.25701881625,3.26103662726385,30.5577370913046,-10.8944848285903,8861.56199282278,38029349.0
Argentina,ARG,2003,11.8496431820922,97.2,96.3,10.8,1590.61721067918,3.51848864736106,32.6450990996503,8.83704079576924,9545.53194119994,38424282.0
Argentina,ARG,2004,11.7340290643076,97.6,96.5,9.3,1740.90890259945,3.85579719412006,28.816922006834,9.02957330068152,10302.4465316428,38815916.0
Argentina,ARG,2005,11.618414946523,98.0,96.7,9.6,1712.4320350003,3.91742679391727,28.6263140439084,8.85165992013437,11099.7509190602,39216789.0
Argentina,ARG,2006,11.5028008287384,98.3,97.0,9.2,1784.01669776279,4.1027920897206,29.2032796652469,8.04715150043027,11870.2791559298,39622115.0
Argentina,ARG,2007,11.3871867109537,98.6,97.2,7.7,1845.91422802344,4.32534235715168,27.4152361334783,9.00765087504757,12811.9021206578,40016763.0
Argentina,ARG,2008,11.2715725931691,98.8,97.5,7.7,1889.40923801554,4.43359004127929,26.2724599395946,4.05723310346406,13197.3570267029,40424148.0
Argentina,ARG,2009,11.1559584753845,99.05,97.8,8.6,1722.74402909882,4.03429401041948,25.2842047993735,-5.91852507634947,12285.3784651865,40854831.0
Argentina,ARG,2010,11.0403443575999,99.2,98.8,8.8,1826.05112368849,4.2945461050427,25.2587762576722,10.1253981561002,13387.1553748458,41288694.0
Argentina,ARG,2011,10.9587128976976,99.4,99.0,8.8,1865.25736115683,4.42921822947444,25.2126976058843,6.00395169280579,14040.6189124444,41730660.0
Argentina,ARG,2012,10.8770814377953,99.5,99.1,8.6,1897.60983922809,4.47886128746974,24.4290570649122,-1.0264204544321,13754.4254235596,42161721.0
Argentina,ARG,2013,10.795449977893,99.6,99.3,8.9,1928.54922885127,4.53658672333476,24.0058814423072,2.40532378079436,13946.0950832252,42582455.0
Argentina,ARG,2014,10.7138185179907,99.7,100.0,9.8,1911.61727736839,4.41674615124171,24.2773944936602,-2.51261532081394,13456.1319159151,43024071.0
Argentina,ARG,2015,10.6321870580884,99.8,99.7,9.4,1919.75859208058,4.51258701954955,23.153056135905,2.73115982828944,13679.6264980954,43477012.0
Argentina,ARG,2016,10.6003968297469,99.8,99.9,9.4,1889.87018853289,4.4223010437306,22.0541072112108,-2.08032784377811,13265.8860639123,43900313.0
Argentina,ARG,2017,10.5598368832422,99.8,100.0,10.4,1874.82963739464,4.32102910494897,21.782123219335,2.81850297775918,13520.1129846159,44288894.0
Argentina,ARG,2018,10.5203731515078,99.9,100.0,10.5,1806.77623499039,4.25075806940885,23.7195923321304,-2.61739646282038,13058.3285449954,44654882.0
Argentina,ARG,2019,10.4801786099266,99.9,100.0,10.7,1777.41507710553,4.07504069344001,23.1578477391434,-2.00086100285785,12706.3978108968,44973465.0
Argentina,ARG,2020,10.4407148781923,99.9,100.0,9.8,1623.92450833523,3.72002854932287,22.4088763711802,-9.9004848136464,11393.0505957877,45191965.0
Argentina,ARG,2021,10.4008857415345,99.9,100.0,9.2,1741.51377200597,4.09769704597303,23.4994644263761,10.4418119882506,12549.2811699342,45312281.0
Argentina,ARG,2022,10.3610566048767,99.9,100.0,,1808.76021335553,4.2953116708492,24.1118636272911,6.02074537534855,13276.8232110189,45407904.0
Argentina,ARG,2023,10.3212951412107,99.9,100.0,,1832.06690004241,4.16990486776205,25.1722105252735,-1.85578803046339,12993.0928872416,45538401.0
Armenia,ARM,2000,11.6838777660695,79.3,98.9,7.2,625.503227341883,1.10822389866816,,5.90000000312092,1229.21510436102,3221100.0
Armenia,ARM,2001,11.6765718299965,82.2,100.0,5.4,624.555471332605,1.13126595678436,,9.59999999927597,1351.12072694555,3211800.0
Armenia,ARM,2002,11.6692658939234,84.7,98.0,8.9,586.440648432386,0.969248078004875,,13.1999999979356,1535.20452885187,3199800.0
Armenia,ARM,2003,11.6619599578504,87.1,99.1,9.8,622.582881402385,1.09058915946583,,14.0000000015501,1759.64684829386,3182500.0
Armenia,ARM,2004,11.6546540217773,89.05,99.1,8.7,661.929679898088,1.18777844481658,,10.4999999988202,1955.22262459229,3164900.0
Armenia,ARM,2005,11.6473480857042,90.8,99.8,6.5,798.544180515189,1.41835113145182,,13.8999999991133,2240.09273209788,3146400.0
Armenia,ARM,2006,11.6400421496312,92.3,99.1,7.7,818.274997390362,1.42166863867481,,13.1999999994661,2551.43546358452,3127100.0
Armenia,ARM,2007,11.6327362135581,93.4,99.2,7.0,918.181612522836,1.65871789920834,,13.7000000015467,2919.3734936373,3107400.0
Armenia,ARM,2008,11.6254302774851,94.3,99.2,6.4,973.21714524559,1.82971073175472,,6.90000000042959,3141.33193500774,3087100.0
Armenia,ARM,2009,11.618124341412,95.2,99.3,7.8,851.338387705143,1.46836268754077,,-14.1000000006998,2716.97436280471,3066000.0
Armenia,ARM,2010,11.610818405339,95.7,99.8,9.4,815.62798698571,1.41194823962165,,2.2000000002151,2796.08143428043,3044800.0
Armenia,ARM,2011,11.6035124692659,96.3,99.5,8.0,896.948023835655,1.61963737243634,,4.69999999867412,2943.83687119315,3027900.0
Armenia,ARM,2012,11.5962065331928,96.8,99.5,6.6,982.442415313472,1.87480572732383,27.8270946139077,7.20000000096486,3159.75860786889,3024100.0
Armenia,ARM,2013,11.5889005971198,97.1,99.4,6.8,959.801682347684,1.81763732627399,26.7090481417071,3.3,3266.29882999873,3022000.0
Armenia,ARM,2014,11.5815946610467,97.4,99.7,7.1,1045.97511363021,1.91144070608534,25.2705329463993,3.60000000058993,3393.09252326884,3013800.0
Armenia,ARM,2015,11.5742887249737,97.6,100.0,10.7,1084.52062940136,1.86953338214737,25.7086994351611,3.19999999896625,3512.39350276709,3004600.0
Armenia,ARM,2016,11.5669125395153,97.8,99.8,13.2,1043.09797203416,1.79624369214317,25.5771330395605,0.199999999825991,3533.88503607007,2992300.0
Armenia,ARM,2017,11.5595363540569,98.1,99.7,12.6,1105.96696981707,1.90951198227831,25.8095323791656,7.50000000164144,3815.3747426037,2979400.0
Armenia,ARM,2018,11.5521601685985,98.2,99.9,11.1,1072.33682481147,2.00458066689121,24.7565578476257,5.19999999965324,4027.83393010979,2969000.0
Armenia,ARM,2019,11.5447839831401,98.4,100.0,10.3,1163.09284675689,2.16867510548523,24.9716084573435,7.59999999853918,4343.45839583019,2962500.0
Armenia,ARM,2020,11.6489422255448,98.5,100.0,8.4,1233.30455891532,2.33479655579943,26.8172956979296,-7.19999999920631,4032.09043454955,2961500.0
Armenia,ARM,2021,11.641626848728,98.6,100.0,9.1,1271.52805556324,2.51946122945009,26.3643404113901,5.80000000065645,4264.79961505187,2962300.0
Armenia,ARM,2022,11.6336717932132,98.7,100.0,,1347.59055747413,2.61828101845615,25.4370966437794,12.5999999997766,4791.00481712183,2969200.0
Armenia,ARM,2023,11.6183158247114,98.8,100.0,,,2.52966973653139,22.8800961616671,8.29999999959539,5197.23509013575,2964300.0
Aruba,ABW,2000,2.33333333333333,,91.7,0.2,,2.9683843334658,13.1759545308158,7.62292064930222,28104.8954362859,90588.0
Aruba,ABW,2001,2.33333333333333,,100.0,0.2,,2.97356707750522,13.0540690696972,4.1820016304779,29007.7386958774,91439.0
Aruba,ABW,2002,2.33333333333333,,100.0,0.2,,3.22566631187957,13.2416208673862,-0.944953481157384,28535.4639480222,92074.0
Aruba,ABW,2003,2.33333333333333,,100.0,0.2,,3.67666008074908,14.8922098082515,1.11050459944282,28525.8077063839,93128.0
Aruba,ABW,2004,2.33333333333333,,100.0,0.2,,3.67255986041329,15.5965082540353,7.29372807096192,29959.7748189582,95138.0
Aruba,ABW,2005,2.33333333333333,,100.0,0.2,,3.94633072156501,16.2974611255338,-0.383137672063768,29081.7066997897,97635.0
Aruba,ABW,2006,2.33333333333333,,100.0,0.2,,4.26739097630904,17.6558632372378,1.12741146411624,28885.9118700469,99405.0
Aruba,ABW,2007,2.33333333333333,,100.0,0.2,,4.57413879181228,17.4795502921148,3.0895443848509,29556.8384686554,100150.0
Aruba,ABW,2008,2.33333333333333,,100.0,0.2,,4.50370106126817,16.1823488793703,1.83575517191368,29870.6648077005,100917.0
Aruba,ABW,2009,2.33333333333333,,100.0,0.3,,4.85512381402307,13.0430359920285,-11.6777413693852,26204.0597361984,101604.0
Aruba,ABW,2010,2.33333333333333,,93.4,5.5,,4.74086293917791,11.5460620013165,-2.73345679250639,25429.2180974853,101838.0
Aruba,ABW,2011,2.33333333333333,,100.0,5.7,,2.83358189314852,12.3664483303712,3.36923718421511,26093.0542083227,102591.0
Aruba,ABW,2012,2.33333333333333,,100.0,6.9,,3.60580155604649,10.0760634560669,-1.04079988436683,25444.7336646687,104110.0
Aruba,ABW,2013,2.33333333333333,,100.0,6.9,,3.90631653655075,10.7496646425755,6.43146080719245,26680.1411206342,105675.0
Aruba,ABW,2014,2.33333333333333,,100.0,6.9,,4.12987912777252,10.799498200524,1.42609864257801,26773.8226808518,106807.0
Aruba,ABW,2015,2.33333333333333,,100.0,6.7,,4.28613793486924,12.4688254381031,3.61147995361162,27458.2201537506,107906.0
Aruba,ABW,2016,2.33333333333333,,100.0,7.0,,4.46439246921188,12.7138128237982,1.23433537363427,27587.2498040483,108727.0
Aruba,ABW,2017,2.33333333333333,,100.0,6.8,,4.29576493309422,12.3948278061063,3.49342985290626,28548.8904317739,108735.0
Aruba,ABW,2018,2.33333333333333,,100.0,8.6,,4.27241341315606,11.358156434717,3.21247111920076,29419.208623316,108908.0
Aruba,ABW,2019,2.33333333333333,,100.0,8.3,,4.66562273930203,11.6288104514912,1.22511225158814,29699.1805366222,109203.0
Aruba,ABW,2020,2.33333333333333,,100.0,9.1,,4.50053873852303,12.6114406876517,-23.8979898352395,22729.8897593533,108587.0
Aruba,ABW,2021,2.33333333333333,,100.0,8.8,,4.71123491179201,11.0075338030159,14.7306159219273,26292.9179363154,107700.0
Aruba,ABW,2022,2.33333333333333,,99.9,8.8,,4.99021526418787,9.73591736419981,10.6364309604414,29195.2670227422,107310.0
Aruba,ABW,2023,2.33333333333333,,100.0,,,5.00284093555268,,7.70679839650956,31430.9353682253,107359.0
Australia,AUS,2000,17.1581557606446,100.0,100.0,8.4,5681.22885913159,18.5978917642845,24.5324572225662,3.9160574881715,45979.0765654048,19028802.0
Australia,AUS,2001,17.1286333519909,100.0,100.0,8.4,5486.39455905443,18.6995326153179,23.5866945838107,2.03145880248898,46314.6235297968,19274701.0
Australia,AUS,2002,17.0991109433373,100.0,100.0,8.7,5480.23464289818,18.9093269577501,23.5551713442922,3.94980535772942,47599.4079289312,19495210.0
Australia,AUS,2003,17.0695885346836,100.0,100.0,7.2,5615.57675632995,18.6676694689453,23.9917259622795,3.0912800997751,48509.6632180363,19720737.0
Australia,AUS,2004,17.04006612603,100.0,100.0,6.7,5652.13037917952,19.1634087908315,23.8819093880673,4.21894147547516,50018.5904483861,19932722.0
Australia,AUS,2005,17.0105437173763,100.0,100.0,6.7,5624.49561264785,19.0378039300894,24.5233189129708,3.15548121323168,50972.640519744,20176844.0
Australia,AUS,2006,16.9810213087226,100.0,100.0,6.8,5775.11675226564,19.0793285754815,25.4872372064967,2.7709261737475,51682.8925230537,20450966.0
Australia,AUS,2007,16.951498900069,100.0,100.0,7.0,5853.76413229662,19.2389222350972,25.5716480180669,3.78947119882653,52671.325846724,20827622.0
Australia,AUS,2008,16.9219764914153,100.0,100.0,6.8,5951.19291532561,19.02811960112,25.5090768525458,3.62398503565633,53497.275355342,21249199.0
Australia,AUS,2009,16.8924540827617,100.0,100.0,7.1,5843.93312947132,18.9151698120932,26.9775545923991,1.95484826298522,53430.5274781651,21691653.0
Australia,AUS,2010,16.862931674108,100.0,100.0,8.2,5762.9435664152,18.8509537372201,25.108230070574,2.21004795300735,53768.349733441,22031750.0
Australia,AUS,2011,16.9553102586465,100.0,100.0,8.3,5698.65597309349,18.480821685778,26.461435749675,2.39473494330615,54296.2321324814,22340024.0
Australia,AUS,2012,17.047688843185,100.0,100.0,8.3,5533.72233837943,18.1834489375025,26.3333149596521,3.95247138119184,55465.4462872577,22733465.0
Australia,AUS,2013,17.1400674277235,100.0,100.0,9.2,5533.38146350965,17.5432435542019,25.1836151421438,2.65445302592404,55966.1509270561,23128129.0
Australia,AUS,2014,17.232446012262,100.0,100.0,9.3,5407.4382264583,16.8873574131124,25.5698594984676,2.60118978187332,56571.8062524437,23475686.0
Australia,AUS,2015,17.3248245968004,100.0,100.0,9.4,5318.66679266228,16.8219551608068,23.6861098353126,2.16434780647852,56970.3613028094,23815995.0
Australia,AUS,2016,17.4254877132405,100.0,100.0,9.6,5216.98867184459,16.8911897350521,22.3130168026382,2.75564065529868,57632.9995925594,24190907.0
Australia,AUS,2017,17.4229136169693,100.0,100.0,9.9,5162.45894302308,16.7209445382487,23.4479311698975,2.29331030192918,57991.771347333,24592588.0
Australia,AUS,2018,17.4213145571644,100.0,100.0,9.8,5086.37378454852,16.3939979308791,24.1083351497002,2.87417039499501,58772.7063152213,24963258.0
Australia,AUS,2019,17.4213145571644,100.0,100.0,10.3,5231.57466031316,16.1007065925773,25.2555129054284,2.19401703622717,59181.2997904131,25334826.0
Australia,AUS,2020,17.4213145571644,100.0,100.0,11.2,5159.03638381788,15.3043785143331,25.402839408227,-0.133531904304775,58377.7670517802,25649248.0
Australia,AUS,2021,17.4213145571644,100.0,100.0,12.3,5006.44306522882,14.9787241100123,25.4357795203592,2.00694844335034,59465.535671364,25685412.0
Australia,AUS,2022,17.4213145571644,100.0,100.0,,4942.16372202842,14.530502863688,27.4019620848457,4.25304559238732,61200.4588964781,26018721.0
Australia,AUS,2023,17.4213145571644,100.0,100.0,,4927.64894813822,14.1596700845561,27.5167800860919,3.58382100798981,61869.082498576,26659922.0
Austria,AUT,2000,46.5116335433834,100.0,100.0,26.4,3570.94853169443,8.32478943567338,28.6115523176599,3.18952292988787,38571.0858780001,8011566.0
Austria,AUT,2001,46.5420019389239,100.0,100.0,25.5,3758.79316326234,8.87460827403329,28.4398919244968,1.31698749571339,38929.753800545,8042293.0
Austria,AUT,2002,46.5723703344644,100.0,100.0,24.7,3771.71949185232,9.05961266559572,27.6683434292327,1.48436877605324,39313.7225107545,8081957.0
Austria,AUT,2003,46.6027387300049,100.0,100.0,22.6,3956.93894640762,9.625074325029,27.6979359307016,1.14156504542775,39569.2885567329,8121423.0
Austria,AUT,2004,46.6331071255453,100.0,100.0,23.2,3974.50636807099,9.7416827235943,27.6147888470095,2.56525534067859,40333.3307183894,8171966.0
Austria,AUT,2005,46.6634755210858,100.0,100.0,24.4,4084.35261902051,9.77338007389313,27.4182050564472,2.32036514266782,40989.0131778975,8227829.0
Austria,AUT,2006,46.6938439166263,100.0,100.0,26.6,4105.07525027388,9.4660900140664,27.5909068762418,3.26933601506059,42120.1557002022,8268641.0
Austria,AUT,2007,46.7242123121667,100.0,100.0,29.0,4010.09514877294,9.09435455688135,27.7667298480281,3.77522468729185,43568.8302243941,8295487.0
Austria,AUT,2008,46.7545807077072,100.0,100.0,29.7,4027.90556617748,9.04182372977167,27.4122024469169,1.45330562142114,44063.8642019916,8321496.0
Austria,AUT,2009,46.7849491032477,100.0,100.0,31.3,3819.49986886808,8.15744518101481,26.2777017438174,-3.58626472551299,42372.4758254763,8343323.0
Austria,AUT,2010,46.8153174987882,100.0,100.0,31.1,4065.04189639106,8.82413428790478,26.0396419655738,1.80898243043663,43035.4073531933,8363404.0
Austria,AUT,2011,46.8589190499273,100.0,100.0,31.6,3927.58256477323,8.6022725227944,25.8570853999006,2.92746800169145,44146.1956805294,8391643.0
Austria,AUT,2012,46.9025206010664,100.0,100.0,34.4,3899.1648418957,8.18751763791919,26.009804939464,0.628246239479637,44221.4599530893,8429991.0
Austria,AUT,2013,46.9461221522055,100.0,100.0,34.6,3924.82135403554,8.2087562440867,25.9697730865151,-0.250726423318454,43851.3675497404,8479823.0
Austria,AUT,2014,46.9897237033446,100.0,100.0,35.7,3750.34480080041,7.71395434498633,25.7857017006482,0.755798850316665,43838.8345892137,8546356.0
Austria,AUT,2015,47.0333252544838,100.0,100.0,34.8,3795.51037374619,7.79423187131705,25.5152402246539,1.30352331826198,43915.228020857,8642699.0
Austria,AUT,2016,47.0769510421716,100.0,100.0,34.6,3797.16802222945,7.75747687791272,25.9124691845374,2.11721964494312,44362.6702805116,8736668.0
Austria,AUT,2017,47.1204556471159,100.0,100.0,34.0,3839.94805232106,7.96641934826064,25.8023213025638,2.27224992038207,45056.6385912412,8797566.0
Austria,AUT,2018,47.1639602520601,100.0,100.0,34.1,3717.62532112148,7.60710822359904,25.7190926354333,2.48422114080024,45951.5819164034,8840521.0
Austria,AUT,2019,47.1037324285022,100.0,100.0,34.0,3765.98011899602,7.74519365039325,25.5363771006496,1.75497619649288,46550.5622459492,8879920.0
Austria,AUT,2020,47.137905962191,100.0,100.0,35.8,3546.50449865153,7.05586627765098,25.6544867826211,-6.31825509209936,43428.6983137234,8916864.0
Austria,AUT,2021,47.1720794958798,100.0,100.0,36.0,3728.13398931398,7.39223990896623,25.7253456572227,4.92309171717903,45368.6434337368,8955797.0
Austria,AUT,2022,47.206131846825,100.0,100.0,,3486.72943293763,6.92858132698714,25.8444683875386,5.33096379400371,47332.4240357971,9041851.0
Austria,AUT,2023,47.2402653902084,100.0,100.0,,3308.71167042411,6.40359510066021,26.0904948643547,-0.786244288594673,46497.9114640341,9131761.0
Azerbaijan,AZE,2000,11.9510925488772,70.1,98.9,2.1,1403.59874667104,3.57759113386179,42.5383099128887,11.0999991434346,1504.73106706035,8048600.0
Azerbaijan,AZE,2001,12.0060469226672,73.8,98.6,1.8,1411.21434888717,3.41713926422724,43.4626382722552,9.89999986533643,1640.93664540398,8111200.0
Azerbaijan,AZE,2002,12.0588116391101,77.0,100.0,2.4,1414.77602454642,3.36350565042615,46.1542268041237,9.43891626906561,1782.47319183639,8171950.0
Azerbaijan,AZE,2003,12.1086289502976,80.0,98.8,2.9,1476.84102371293,3.61612076608251,48.5398446792136,10.2082994004776,1949.60608417331,8234100.0
Azerbaijan,AZE,2004,12.1604630346429,82.8,99.0,3.1,1539.50003907972,3.55156804911816,50.7690323790767,9.25380179728907,2111.4533834475,8306500.0
Azerbaijan,AZE,2005,12.21700096782,85.3,99.1,3.4,1600.22780340266,3.72019280611546,58.7877819924137,27.9615381082131,2674.3688564996,8391850.0
Azerbaijan,AZE,2006,12.2751890799521,87.6,99.5,2.9,1559.84917576741,3.76443064157793,64.9582315349244,34.4662096226792,3556.83212858133,8484550.0
Azerbaijan,AZE,2007,12.3311694441419,89.35,99.5,3.8,1459.38898151201,3.37022362579096,66.160328626082,25.4632157314482,4412.20326117932,8581300.0
Azerbaijan,AZE,2008,12.3862623597613,91.0,99.7,3.1,1587.24837009442,3.67789898897688,65.5185214713533,10.591437462476,4778.12452736673,8763400.0
Azerbaijan,AZE,2009,12.441808477161,92.2,99.9,3.3,1391.33099195543,3.12751089916749,56.2619552546943,9.36950260277183,5118.43395494687,8947243.0
Azerbaijan,AZE,2010,12.4914658343012,93.5,99.9,4.4,1305.91209278641,2.94181834728393,59.9948192629224,4.78883248761557,5300.11048729062,9054332.0
Azerbaijan,AZE,2011,12.6009956689008,94.4,99.9,3.5,1396.04478051641,3.21257348402642,61.7339963903076,-1.5729973511111,5149.20665913206,9173082.0
Azerbaijan,AZE,2012,12.7108265382661,95.2,100.0,2.8,1497.29486664714,3.47266029417207,59.5173508549842,2.20293891708398,5193.17501119552,9295784.0
Azerbaijan,AZE,2013,12.8205035144388,95.9,100.0,2.5,1497.90257470252,3.52686650169203,57.0544154549517,5.84341590483928,5425.99559780578,9416801.0
Azerbaijan,AZE,2014,12.9297085757836,96.4,100.0,2.1,1526.15877863995,3.64178419497101,53.5868546669355,2.79758521448559,5508.60265612676,9535079.0
Azerbaijan,AZE,2015,13.0395340115892,96.9,100.0,2.3,1510.91856857889,3.57774691556657,44.8913203383597,1.04954641215085,5500.50364628486,9649341.0
Azerbaijan,AZE,2016,13.1544115156647,97.3,100.0,1.9,1480.9342834589,3.52696895574541,47.5578070076723,-3.06359842251706,5272.71817141861,9757812.0
Azerbaijan,AZE,2017,13.2731460646972,97.6,100.0,1.9,1478.78418442924,3.47329869912147,49.7017251037138,0.153614661745507,5229.25259993413,9854033.0
Azerbaijan,AZE,2018,13.4139303602971,97.9,100.0,1.9,1471.37027563956,3.49731397232391,52.2509114518304,1.50040167167313,5261.92938234432,9939771.0
Azerbaijan,AZE,2019,13.5533670481767,98.2,100.0,1.7,1587.78477584687,3.68923143929596,48.8232665251868,2.47980879185565,5346.95318604114,10024283.0
Azerbaijan,AZE,2020,13.6941896764514,98.4,100.0,1.3,1536.83056349558,3.50800312410799,41.9563201571824,-4.19896065333343,5087.50022783627,10093121.0
Azerbaijan,AZE,2021,13.8329909255898,98.6,100.0,1.3,1623.82932438235,3.69156864195704,48.8181736249399,5.61644027150554,5349.58226071425,10137750.0
Azerbaijan,AZE,2022,13.9724815486993,98.8,100.0,,1714.03725982832,3.91289240245969,56.1467373576856,4.71468033247649,5599.58524971025,10141756.0
Azerbaijan,AZE,2023,14.1119540229885,98.9,100.0,,1732.19739502846,4.1112835014681,45.8408458162374,1.35447749115767,5668.61021317029,10153958.0
"Bahamas, The",BHS,2000,50.9350649350649,100.0,100.0,0.0,,3.07965476245619,12.1488719700562,4.14841930754267,32424.7271786716,323835.0
"Bahamas, The",BHS,2001,50.9350649350649,100.0,100.0,0.4,,3.02803840944863,9.53614103678483,2.62600982683425,32870.0918307285,327836.0
"Bahamas, The",BHS,2002,50.9350649350649,100.0,100.0,0.4,,3.27760589118674,10.6168563566021,2.70495624731029,33374.602685914,331614.0
"Bahamas, The",BHS,2003,50.9350649350649,100.0,100.0,1.5,,2.4122663265975,10.870239197122,-1.26491667612372,32559.311554898,335618.0
"Bahamas, The",BHS,2004,50.9350649350649,100.0,100.0,1.6,1954.1941597848,2.57223749345168,10.3431253996283,0.882373744518318,32444.0739567569,339782.0
"Bahamas, The",BHS,2005,50.9350649350649,100.0,100.0,1.7,2023.87945122625,2.50251530995016,10.8090522762856,3.39608420536011,33144.7878790275,343894.0
"Bahamas, The",BHS,2006,50.9350649350649,100.0,100.0,2.0,2026.55184786509,3.1443128812343,11.7337529813863,2.51659221712706,33541.850748701,348375.0
"Bahamas, The",BHS,2007,50.9350649350649,100.0,100.0,3.5,2006.59998754719,3.71829487114175,9.25945110064285,1.44609991235758,33549.3360007274,353334.0
"Bahamas, The",BHS,2008,50.9350649350649,100.0,100.0,2.0,,3.80207751591645,10.3895116853506,-2.32364807041851,32331.8246135092,358120.0
"Bahamas, The",BHS,2009,50.9350649350649,100.0,100.0,1.5,,3.12119291089,10.0100581448934,-4.17542805647342,30581.3342198488,362810.0
"Bahamas, The",BHS,2010,50.9350649350649,100.0,100.0,1.3,,3.49136546949749,11.4998771761611,1.53866248693835,30657.4319059659,367478.0
"Bahamas, The",BHS,2011,50.9350649350649,100.0,100.0,1.4,,2.29791057463905,12.0451419747876,0.613170735890648,30492.6738528071,371729.0
"Bahamas, The",BHS,2012,50.9350649350649,100.0,100.0,1.4,,2.70887876229462,13.0340285810231,4.52003886739061,31553.4919490645,375469.0
"Bahamas, The",BHS,2013,50.9350649350649,100.0,100.0,1.4,,2.87924887782918,12.939963533264,-2.86320081549439,30368.2631244189,378953.0
"Bahamas, The",BHS,2014,50.9350649350649,100.0,100.0,1.4,,2.97228863347441,13.1841890278389,1.8469701294558,30658.5344563722,382298.0
"Bahamas, The",BHS,2015,50.9350649350649,100.0,100.0,1.4,,2.90751688093298,11.1534432655268,0.997411675486745,30719.405417469,385346.0
"Bahamas, The",BHS,2016,50.9350649350649,100.0,100.0,1.2,,3.20959657780469,13.1841863831865,-1.15650811269629,30152.1619246021,388055.0
"Bahamas, The",BHS,2017,50.9350649350649,100.0,100.0,1.1,,3.51818891890854,12.9253067028738,3.3713988456489,30974.7477261317,390485.0
"Bahamas, The",BHS,2018,50.9350649350649,100.0,100.0,1.1,,3.08262692982478,12.2620756365452,2.39795510823548,31537.2423841956,392717.0
"Bahamas, The",BHS,2019,50.9350649350649,100.0,100.0,1.1,,3.67517577753848,12.9893801310537,-0.838585871193203,31117.6299132391,394675.0
"Bahamas, The",BHS,2020,50.9350649350649,100.0,100.0,1.4,,2.96390417897101,12.1169136946117,-20.0893664891399,24791.6704945106,395863.0
"Bahamas, The",BHS,2021,50.9350649350649,100.0,100.0,1.1,,3.65514300923625,11.850128769627,17.5861390037409,29114.0597726386,396373.0
"Bahamas, The",BHS,2022,50.9350649350649,100.0,100.0,1.1,,3.53551107063979,9.50434632433366,10.8779009410268,32186.4575039237,397538.0
"Bahamas, The",BHS,2023,50.9350649350649,100.0,100.0,,,3.52944121770479,9.77716369922666,3.04824180553773,33009.645615121,399440.0
Bahrain,BHR,2000,0.52112676056338,100.0,100.0,0.0,12833.272118279,27.8732774764658,,5.30006940305884,25407.9694054552,637582.0
Bahrain,BHR,2001,0.542253521126761,100.0,100.0,0.0,12648.0885082095,27.8270902261551,,2.49094875338352,25106.2869742612,661316.0
Bahrain,BHR,2002,0.563380281690141,100.0,100.0,0.0,12214.6865774264,27.0590652632527,,3.34855067103268,24149.0156013799,710553.0
Bahrain,BHR,2003,0.576388888888889,100.0,100.0,0.0,11894.9484733033,26.0244049510998,,6.29644129075703,23857.6403579769,764517.0
Bahrain,BHR,2004,0.589041095890411,100.0,100.0,0.0,11271.2138903395,24.1830866740881,,6.98096175867695,23688.1121059225,823741.0
Bahrain,BHR,2005,0.601351351351351,100.0,100.0,0.0,11975.4282360997,26.2934535823821,,6.76899737789502,23439.6704353038,888822.0
Bahrain,BHR,2006,0.621621621621622,100.0,100.0,0.0,11582.0205666291,26.4976718615945,45.2834880040933,6.4669995195042,23095.0181330228,960424.0
Bahrain,BHR,2007,0.633333333333333,100.0,100.0,0.0,11533.9934710843,24.8744581663532,45.9178652906561,8.29396129093843,23112.4888058398,1039295.0
Bahrain,BHR,2008,0.644736842105263,100.0,100.0,0.0,11593.7971674415,25.0739468018008,50.4076629462208,6.24501094995797,23127.2148040048,1103496.0
Bahrain,BHR,2009,0.664473684210526,100.0,100.0,0.0,10432.8967547383,23.4684724821052,43.0997000499723,2.53988570158225,22206.9371985225,1178415.0
Bahrain,BHR,2010,0.68241469816273,100.0,100.0,0.0,10317.976004905,23.4711361344292,43.9268581860394,4.3342989754845,22224.0736166249,1228543.0
Bahrain,BHR,2011,0.698826597131682,100.0,100.0,0.0,10624.3872166304,24.2703050994962,48.2947958378082,1.92815791170796,23288.0449398313,1195020.0
Bahrain,BHR,2012,0.716883116883117,100.0,100.0,0.0,9996.52196196405,24.9936309104324,46.3397302766462,3.80302899043062,23894.8804447088,1208964.0
Bahrain,BHR,2013,0.737662337662338,100.0,100.0,0.0,11219.433931134,25.6391882801584,46.6971284608616,5.29262224906203,24271.6278814506,1253191.0
Bahrain,BHR,2014,0.75745784695201,100.0,100.0,0.0,10257.0253426946,25.3239482048013,45.3135767644884,4.30885692657077,24135.4991304849,1314562.0
Bahrain,BHR,2015,0.77120822622108,100.0,100.0,0.0,10405.6390717453,24.4242594076429,39.0907990671172,2.50787205267615,23734.0551143019,1370322.0
Bahrain,BHR,2016,0.79589216944801,100.0,100.0,0.0,9878.66504979139,23.4996762017411,38.2033398636175,3.81499327422425,23715.2791328712,1423726.0
Bahrain,BHR,2017,0.82051282051282,100.0,100.0,0.0,9444.4239393348,22.4846714044751,39.9934662996166,4.95383534123657,23606.8867501313,1501116.0
Bahrain,BHR,2018,0.848329048843188,100.0,100.0,0.0,9533.85538285247,22.5016316377385,41.4758871750475,2.05258864979861,24059.7838641562,1503091.0
Bahrain,BHR,2019,0.871794871794872,100.0,100.0,0.0,10388.189018559,24.8338675631303,40.6177669647554,2.05287774418655,24873.6640060134,1483756.0
Bahrain,BHR,2020,0.89171974522293,100.0,100.0,0.0,10832.91852134,25.0238418045325,39.1001079781372,-5.9113629524152,23586.9309581516,1472204.0
Bahrain,BHR,2021,0.911392405063291,100.0,100.0,0.0,10666.0574068433,24.8329361557867,44.2164324898801,4.35004091668986,24086.7847803428,1504365.0
Bahrain,BHR,2022,0.936708860759494,100.0,100.0,,10701.7927575092,25.4678810750754,46.3896273702963,6.18016125475185,25234.40256182,1524693.0
Bahrain,BHR,2023,0.95,100.0,100.0,,,24.5323732339754,43.4381277604186,3.87811614845566,25342.6226641572,1577059.0
Bangladesh,BGD,2000,14.7524629330875,7.7,32.0,60.2,135.945727032601,0.200508674079581,22.2793826819325,5.29329471892532,620.560472822105,134544304.0
Bangladesh,BGD,2001,14.7278904509488,8.0,35.0,55.9,148.255373268618,0.238535190866528,22.5838118742213,5.07728777526728,641.288922876274,136805810.0
Bangladesh,BGD,2002,14.70331796881,8.3,37.8,54.4,147.979643675058,0.247202877217844,22.8392543728467,3.83312393993225,655.672139362272,138933658.0
Bangladesh,BGD,2003,14.6787454866713,8.7,40.5,52.6,153.143093984627,0.255292689169796,22.4741487860882,4.73956739963045,676.826252046427,140970351.0
Bangladesh,BGD,2004,14.6541730045325,9.1,40.6,52.0,154.242895346549,0.265286510438952,22.7797200060528,5.23953291029852,702.656357081873,142902856.0
Bangladesh,BGD,2005,14.6296005223938,9.4,44.2,50.6,159.825599702335,0.279053178068632,23.2998442190711,6.53594493875502,739.203718353409,144715786.0
Bangladesh,BGD,2006,14.6050280402551,10.0,50.5,48.6,168.32467252269,0.297067114877888,24.0953205119221,6.67190498576788,779.419570444998,146405973.0
Bangladesh,BGD,2007,14.5804555581163,10.4,46.5,47.2,174.011519357534,0.312314517812567,24.5005410079343,7.05859935449848,825.508229964537,147989278.0
Bangladesh,BGD,2008,14.5558830759776,11.0,54.3,45.2,180.396452212736,0.343404266569929,24.7270013036793,6.01378975738535,866.45815762135,149474264.0
Bangladesh,BGD,2009,14.5313098256127,11.7,57.1,43.1,187.659357547152,0.365403611658953,25.2955721814431,5.04512479919337,901.729626251937,150873714.0
Bangladesh,BGD,2010,14.5067373434739,12.6,55.3,40.3,195.590116597033,0.399267470769648,24.9564767264585,5.57178818533122,943.66422864236,152201981.0
Bangladesh,BGD,2011,14.4991441960513,13.4,59.6,38.4,200.299626883527,0.425203089273234,25.0452996007551,6.46437912497728,995.579947155662,153591076.0
Bangladesh,BGD,2012,14.4915510486287,14.5,65.5,37.3,208.040539602777,0.450583313929743,25.3099593902625,6.52145877906443,1050.39140404066,155070101.0
Bangladesh,BGD,2013,14.4839579012061,15.5,61.5,37.0,218.935059190067,0.460477953853579,26.3070701636507,6.01360565834344,1103.15695907123,156532141.0
Bangladesh,BGD,2014,14.4763647537835,16.8,62.4,35.4,224.107149946033,0.485260877115325,26.3110467833576,6.0610593588495,1159.40753475981,157964929.0
Bangladesh,BGD,2015,14.4687716063609,18.1,74.0,33.1,237.713163558492,0.536099232905876,26.8313948329541,6.55263987816197,1224.38647668165,159383179.0
Bangladesh,BGD,2016,14.4687716063609,19.4,75.9,30.2,255.923548835134,0.584484613989962,31.0691513830358,7.11347821270093,1299.83091360792,160811932.0
Bangladesh,BGD,2017,14.4687716063609,20.6,88.0,28.1,260.880286120411,0.622997104678737,31.2482919641603,6.59024999794057,1373.75363740186,162186147.0
Bangladesh,BGD,2018,14.4687716063609,22.0,86.9,27.0,257.873889464682,0.643225929977613,31.9828135899766,7.31941263014136,1462.25050255713,163523103.0
Bangladesh,BGD,2019,14.4687716063609,23.1,92.2,26.1,273.340023331257,0.662908100271382,32.8525491977868,7.88191515117722,1564.20802445636,164913055.0
Bangladesh,BGD,2020,14.4687716063609,24.6,96.2,27.2,272.076572071717,0.626122292349066,32.9115650824449,3.44801755122445,1604.6659234742,166298024.0
Bangladesh,BGD,2021,14.4687716063609,25.9,99.0,25.0,292.487219529267,0.702428158073895,33.3160943869001,6.93867912442445,1702.08028414189,167658854.0
Bangladesh,BGD,2022,14.458774758176,27.2,99.4,,297.118356342706,0.713556533909868,33.9200804971876,7.09982877575158,1804.3493461776,169384897.0
Bangladesh,BGD,2023,14.4899215263887,28.4,99.5,,,0.693947563901367,34.5942721606063,5.77511237007889,1885.37733613545,171466990.0
Barbados,BRB,2000,14.6511627906977,100.0,100.0,11.9,,2.24373528502688,15.3064226180748,4.44718962836241,21523.3992235883,262063.0
Barbados,BRB,2001,14.6511627906977,100.0,100.0,10.8,,2.15261503286653,14.6914388606973,-2.36546466744424,20985.2828573064,262425.0
Barbados,BRB,2002,14.6511627906977,100.0,100.0,9.8,,2.29454699638082,14.4197650088524,0.787402032457734,21012.5595449081,264148.0
Barbados,BRB,2003,14.6511627906977,100.0,100.0,8.6,,2.39750767563663,15.7049384639352,2.17548079415926,21338.1720739511,265776.0
Barbados,BRB,2004,14.6511627906977,100.0,99.9,8.7,1402.92856661853,2.35953879191015,15.0878211641748,1.41159830663733,21516.1662922098,267298.0
Barbados,BRB,2005,14.6511627906977,100.0,99.9,8.7,1451.40041532381,2.40299807224253,14.9456735174761,3.95545720757542,22250.0263806215,268706.0
Barbados,BRB,2006,14.6511627906977,100.0,100.0,8.8,1474.06315508774,2.58479566818024,16.2232839435553,6.07054621673575,23487.4418767503,270002.0
Barbados,BRB,2007,14.6511627906977,100.0,100.0,8.6,1478.1339388399,2.47559788859072,14.723406023603,2.07918386258883,23862.135352962,271288.0
Barbados,BRB,2008,14.6511627906977,100.0,100.0,7.6,,2.90450801939028,15.1245152189883,0.633460590858988,23887.7289633459,272714.0
Barbados,BRB,2009,14.6511627906977,100.0,100.0,8.5,,2.91365554878649,15.4080285848763,-5.01727538250874,22572.5926053677,274123.0
Barbados,BRB,2010,14.6511627906977,100.0,100.0,8.2,,2.98063892633055,13.2789225969081,-2.21771085628247,21982.1839041348,275243.0
Barbados,BRB,2011,14.6511627906977,100.0,100.0,4.1,,2.45854442871163,14.1706839010436,-0.310320187825369,21842.8635599786,276139.0
Barbados,BRB,2012,14.6511627906977,100.0,100.0,3.8,,2.32398587409456,13.4540784004027,-3.41390821153806,21036.3003366556,276938.0
Barbados,BRB,2013,14.6511627906977,100.0,100.0,3.1,,2.63158842490051,13.7863495200452,-1.771174940631,20609.6076272963,277665.0
Barbados,BRB,2014,14.6511627906977,100.0,100.0,3.0,,2.39628091453864,13.7076112870512,0.752615446604594,20713.7670210437,278348.0
Barbados,BRB,2015,14.6511627906977,100.0,100.0,3.0,,2.57894548191691,13.6105578126234,-1.17048018967635,20424.2087530019,278990.0
Barbados,BRB,2016,14.6511627906977,100.0,100.0,2.8,,2.76396826872867,13.317238219434,1.49650622520576,20684.7801825176,279598.0
Barbados,BRB,2017,14.6511627906977,100.0,100.0,4.3,,2.43387074322467,13.6200874515014,0.708386729317951,20788.7046543161,280171.0
Barbados,BRB,2018,14.6511627906977,100.0,100.0,4.9,,2.77224618914114,12.7833454127409,-1.2760241773002,20483.9550976366,280711.0
Barbados,BRB,2019,14.6511627906977,100.0,100.0,3.4,,3.08882780300633,12.5530481916957,0.227712137486577,20494.3871602646,281207.0
Barbados,BRB,2020,14.6511627906977,100.0,100.0,4.7,,2.38766338419158,13.14764982754,-14.3647119341564,17519.837062872,281698.0
Barbados,BRB,2021,14.6511627906977,100.0,100.0,5.5,,2.30908001857188,12.595942867231,-0.0967779613221893,17475.0281776857,282147.0
Barbados,BRB,2022,14.6511627906977,100.0,100.0,5.5,,2.4401561359885,12.8135484901741,17.2264626793379,20472.9494048647,282318.0
Barbados,BRB,2023,14.6511627906977,100.0,100.0,,,2.44602176130568,12.2874052538677,2.914357359625,21068.2610447067,282336.0
Belarus,BLR,2000,40.78423252879,92.7,89.0,5.7,2471.64424935802,5.63748483157157,33.4789463312094,5.80000327485702,2615.36376799462,9979610.0
Belarus,BLR,2001,40.9610340951667,93.8,89.5,6.3,2496.01811483439,5.53944992364947,32.4639554654927,4.72530605111095,2753.0336970697,9928549.0
Belarus,BLR,2002,41.1400736581061,94.9,90.0,6.5,2560.5012580496,5.59425588928258,31.8153820256099,5.04526758311702,2910.39937484153,9865548.0
Belarus,BLR,2003,41.3166950982616,95.6,90.5,6.2,2652.43981373496,5.69894155704101,32.7410515030849,7.04319246586394,3137.26261430575,9796749.0
Belarus,BLR,2004,41.49495845968,96.4,91.0,6.3,2760.11626065827,6.08289947550633,35.0189431066695,11.4497432088167,3520.40452642524,9730146.0
Belarus,BLR,2005,41.6672829371946,96.9,91.5,6.8,2776.99847069087,6.21065065245296,37.8387848851416,9.40000151584914,3877.71738911289,9663915.0
Belarus,BLR,2006,41.8286480305958,97.5,92.1,7.2,2974.24553406449,6.50329976582844,37.2070344531772,9.99999473022963,4291.68647163264,9604924.0
Belarus,BLR,2007,42.0052143656266,97.8,92.6,7.3,2925.85288440163,6.38627760224321,37.0472792241675,8.60000659811426,4682.20676719042,9560953.0
Belarus,BLR,2008,42.1809543523474,98.2,93.2,7.1,2939.40597422615,6.79739735106636,38.8242464026726,10.1999994860937,5177.64534775676,9527985.0
Belarus,BLR,2009,42.3577363995702,98.5,93.8,7.4,2789.00314061154,6.48177831683936,36.1139633461021,0.199995231733979,5200.77418555423,9504583.0
Belarus,BLR,2010,42.5328483701491,98.8,94.4,7.3,2895.6108099575,6.97190461749866,35.3917911979998,7.75001707500896,5616.0941173307,9483836.0
Belarus,BLR,2011,42.5346212606574,99.0,95.0,7.5,3081.68018120351,6.65434111179211,36.0880730361763,5.54997471638077,5941.68999156239,9461643.0
Belarus,BLR,2012,42.5403772320218,99.2,95.6,7.2,3219.42653369693,6.80323020321301,36.2806503161792,1.70785253368828,6052.6373706236,9446836.0
Belarus,BLR,2013,42.5419401896426,99.3,96.2,7.0,2870.32580279278,6.82283812148219,35.9037019421087,0.998719299661161,6115.43288098707,9443211.0
Belarus,BLR,2014,42.5317653086864,99.4,96.8,6.7,2923.57682069269,6.77047133861776,35.3790497233345,1.65112470228097,6212.91667418659,9448515.0
Belarus,BLR,2015,42.5341662643242,99.5,97.4,6.8,2660.14026759548,6.25386583936119,32.6923057673017,-3.82957056812593,5967.05595058777,9461076.0
Belarus,BLR,2016,42.9069698701401,99.5,98.0,6.7,2639.09486268036,6.23725167194174,30.9584092512823,-2.5264464460425,5811.20159182547,9469379.0
Belarus,BLR,2017,42.9784026641969,99.6,98.7,7.3,2692.58344898873,6.3666212107869,31.5544850881623,2.53218349471909,5964.89668834561,9458989.0
Belarus,BLR,2018,43.0515321706572,99.7,99.3,7.2,2849.29477344053,6.722115187495,31.2656097096379,3.14919758275296,6165.91320019277,9438785.0
Belarus,BLR,2019,43.1261547557461,99.7,100.0,7.8,2748.96883661007,6.50202478662403,31.737128716913,1.44645548204305,6267.73508743505,9419758.0
Belarus,BLR,2020,43.1944033894965,99.7,100.0,8.4,2673.86548599188,6.20046882969124,31.3515556956682,-0.672742918585868,6251.98898968645,9379952.0
Belarus,BLR,2021,43.2722345405272,99.8,100.0,8.2,2929.27533668037,6.30387145078492,32.144290729821,2.43886210234947,6457.73053706343,9302585.0
Belarus,BLR,2022,43.3351396620523,99.7,100.0,,2862.48703453706,6.05700801391753,33.0290955450834,-4.65839591328999,6206.61909685419,9228071.0
Belarus,BLR,2023,43.4080686559958,99.7,100.0,,,5.86387585149229,31.6950575540559,4.12654007153881,6497.78450683592,9178298.0
Belgium,BEL,2000,21.9991428477236,100.0,100.0,1.4,5662.98174716427,12.1836556517498,24.9438325836543,3.71670510672588,35878.3153586195,10251250.0
Belgium,BEL,2001,22.0735502587941,100.0,100.0,1.6,5606.17298271092,12.225212096938,24.3121509872514,1.09960362419645,36148.2880924306,10286570.0
Belgium,BEL,2002,22.1479576698645,100.0,100.0,1.7,5397.64817804299,11.4676730426502,23.7873363393069,1.70689430349601,36600.862592332,10332785.0
Belgium,BEL,2003,22.222365080935,100.0,100.0,1.9,5609.48271408916,11.8899015654483,23.2266548885812,1.03795518162204,36826.2699296094,10376133.0
Belgium,BEL,2004,22.2967724920054,100.0,100.0,2.0,5615.40613034968,11.7049703885478,22.9599989488568,3.57120671942319,37976.6972967442,10421137.0
Belgium,BEL,2005,22.3711799030759,100.0,100.0,2.5,5549.63760862596,11.3572144110239,22.5737781481988,2.32173792911834,38645.2605193362,10478617.0
Belgium,BEL,2006,22.4455873141463,100.0,100.0,2.9,5445.56547084695,11.0047176903814,22.139925542401,2.55234087322462,39371.0858277448,10547958.0
Belgium,BEL,2007,22.5199947252168,100.0,100.0,3.4,5302.04532963844,10.6264716677489,22.2819524770029,3.67692462515802,40520.0843207009,10625700.0
Belgium,BEL,2008,22.5944021362872,100.0,100.0,4.0,5425.00683224834,10.6675992553856,21.59544849636,0.446905130727231,40380.9075004042,10709973.0
Belgium,BEL,2009,22.6688095473577,100.0,100.0,4.9,5161.34227289199,9.93765290266015,20.4890564622648,-1.90644105515335,39293.637546825,10796493.0
Belgium,BEL,2010,22.7432169584281,100.0,100.0,6.2,5510.36842215322,10.5458393885377,20.6595926026257,2.71031150254662,39991.5646206286,10895586.0
Belgium,BEL,2011,22.7394586753701,100.0,100.0,6.7,5063.16739563614,9.46659728377578,20.7514599517248,1.93115502411325,40236.9596308558,11038264.0
Belgium,BEL,2012,22.735700392312,100.0,100.0,7.7,4822.68880223172,9.27476642514783,19.9956487544689,0.215803612089744,40074.492800399,11106932.0
Belgium,BEL,2013,22.7319421092539,100.0,100.0,8.3,5000.34617077523,9.35170659157785,19.9151935690442,0.305494549070232,40007.8997891411,11159407.0
Belgium,BEL,2014,22.7281838261959,100.0,100.0,9.1,4701.25771608477,8.72331187181937,19.6190570732838,1.76554038149924,40533.9135027898,11209057.0
Belgium,BEL,2015,22.7244255431378,100.0,100.0,9.4,4661.66376202285,9.08415110044211,19.4767746872729,1.47416433731927,40893.804537772,11274196.0
Belgium,BEL,2016,22.7244255431378,100.0,100.0,9.2,4904.15770755315,8.94429666461985,19.0981057822176,1.19350273007754,41172.8862831209,11331422.0
Belgium,BEL,2017,22.7244255431378,100.0,100.0,9.7,4863.63280171736,8.77081443615992,19.1545604130921,1.47446761556785,41619.328629169,11375158.0
Belgium,BEL,2018,22.6051880759519,100.0,100.0,10.7,4660.20692893781,8.79128601300038,18.9641251486969,1.87796847383565,42208.3625650272,11427054.0
Belgium,BEL,2019,22.604446776415,100.0,100.0,10.2,4775.95747475268,8.73127988733552,19.2417105698694,2.4428900448156,43006.4042308863,11488980.0
Belgium,BEL,2020,22.604446776415,100.0,100.0,12.3,4386.43050829817,7.96694296814415,19.0811705163268,-4.7929839083518,40769.0218072962,11538604.0
Belgium,BEL,2021,22.604446776415,100.0,100.0,11.7,4823.5834216252,8.2875698190821,17.9965228539946,6.25445686466593,43140.9676652971,11586195.0
Belgium,BEL,2022,22.604446776415,100.0,100.0,,4368.44562567427,7.6776616173853,20.0021164809193,3.9562379757933,44486.7438563594,11680210.0
Belgium,BEL,2023,22.604446776415,100.0,100.0,,4051.07409072709,7.27763098404696,19.4660546903987,1.71412195515242,44866.1935177304,11779946.0
Belize,BLZ,2000,63.9763261727313,79.6,79.0,34.5,,0.580151910929863,22.744823557302,12.2406120663359,5663.64632374973,240799.0
Belize,BLZ,2001,63.6786058746164,80.5,80.2,23.9,,0.573720000483133,20.9114170811182,4.99356206143864,5764.99055491104,248379.0
Belize,BLZ,2002,63.3808855765015,81.2,81.0,25.7,,0.555449222488272,19.9175020724415,5.39907320663811,5895.15235037898,256009.0
Belize,BLZ,2003,63.0831652783867,81.9,81.8,24.4,,0.567518386534233,17.343341981465,9.66522679614125,6274.47428279313,263780.0
Belize,BLZ,2004,62.7854449802718,82.4,82.6,26.3,570.507346662348,0.504991019110156,17.5296122470878,4.78066505273344,6383.07432412662,271688.0
Belize,BLZ,2005,62.487724682157,82.6,83.5,25.6,575.5529419335,0.539446825700405,17.1067830923414,2.2191905367057,6337.12389222378,279731.0
Belize,BLZ,2006,62.1900043840421,83.1,91.0,32.7,597.475319406137,0.606159553699831,19.0207043326734,4.51145460193301,6435.58767337678,287878.0
Belize,BLZ,2007,61.8922840859272,83.1,85.2,28.0,601.148260722729,0.568726781492739,20.1544257967177,3.33939738340764,6465.82885846045,296100.0
Belize,BLZ,2008,61.5945637878124,83.3,86.1,29.8,,0.534891132569547,20.2437331550786,-1.62747776449082,6187.95885023655,304361.0
Belize,BLZ,2009,61.2968434896975,83.2,86.9,25.1,,0.629210464022725,19.3850622805813,-0.446709636828217,5997.68447156383,312614.0
Belize,BLZ,2010,60.9991231915826,83.4,89.9,29.4,,0.72850473855954,18.2141330384501,1.41741099233461,5937.75398343789,320245.0
Belize,BLZ,2011,60.4856641823762,83.6,91.7,42.2,,0.45829794254777,18.8728848459132,-0.13007112300869,5802.24344531492,327298.0
Belize,BLZ,2012,59.9722051731697,83.5,90.9,47.9,,0.487120754513866,16.1069146883141,3.94389321816617,5902.74234696881,334414.0
Belize,BLZ,2013,59.4587461639632,83.3,91.1,38.0,,0.602118684998551,15.8082252818975,4.06646561608865,6013.07879895362,341627.0
Belize,BLZ,2014,58.9452871547567,83.4,91.5,37.4,,0.586089194464108,15.8379694223947,3.89226067249989,6116.49578852783,348923.0
Belize,BLZ,2015,58.4318281455502,83.5,91.8,30.3,,0.693733109198418,14.5536010059023,2.7602602736023,6154.62264230369,356333.0
Belize,BLZ,2016,57.9430074528715,83.4,93.3,33.3,,0.715098504270575,15.4437196063941,-0.0187414958130319,6012.21296983668,364705.0
Belize,BLZ,2017,57.4537483559842,83.4,94.2,37.2,,0.762857648136934,14.0908583022047,-1.83323729057784,5767.61921963762,373202.0
Belize,BLZ,2018,56.9649276633056,83.3,91.7,35.5,,0.748502206582401,13.6672354461825,0.822068592512508,5707.61059954436,380226.0
Belize,BLZ,2019,56.4756685664182,83.4,92.7,30.4,,1.03206342706225,14.0497462353602,4.25658710030072,5864.14611827109,385829.0
Belize,BLZ,2020,55.9864094695309,83.2,96.8,31.4,,0.815225735136076,16.2275294669346,-13.5228997055506,5006.48453276935,390812.0
Belize,BLZ,2021,55.4971503726436,83.2,97.7,26.6,,0.850141395132365,16.9358302169145,17.9899244143607,5839.40157956017,395346.0
Belize,BLZ,2022,55.0078912757563,83.0,98.6,30.8,,0.88023578897185,15.4868338744118,9.25051329530994,6262.56088273674,402733.0
Belize,BLZ,2023,54.5186321788689,82.9,99.6,,,0.913632980301917,14.4095485383145,0.500127941638667,6165.69414825936,411106.0
Benin,BEN,2000,36.6721355090458,0.7,21.5,70.3,274.581436432907,0.214093266343738,18.7563482119071,5.85771420543269,861.213292013209,7221619.0
Benin,BEN,2001,36.2287158566868,0.9,21.9,66.9,283.230273372813,0.249449473218799,21.6063061308323,5.33313570603937,879.854463773645,7445596.0
Benin,BEN,2002,35.7852962043278,1.2,23.4,64.0,294.724145806201,0.279189715333064,21.2560648162627,4.64303087074482,893.137100961634,7675426.0
Benin,BEN,2003,35.3418765519688,1.5,24.3,61.7,301.499151686105,0.303295686756215,21.7653358858628,3.44357677591658,896.146763201736,7913070.0
Benin,BEN,2004,34.8984568996098,1.9,25.2,60.7,305.279536303894,0.313564226616338,20.4994246078487,4.42968455385082,907.624431209378,8159094.0
Benin,BEN,2005,34.4550372472508,2.3,26.1,59.2,296.647429948477,0.332477109339693,21.6135923867357,1.71316456361184,893.91536869992,8426144.0
Benin,BEN,2006,34.0116175948918,2.8,27.9,57.3,339.270972775752,0.443919541179229,21.1570137776206,3.94373882815798,900.62053578735,8693242.0
Benin,BEN,2007,33.5681979425328,3.3,28.0,54.5,358.123373575729,0.49124583746046,19.5111771844474,5.98634932177609,926.740113754071,8953969.0
Benin,BEN,2008,33.1247782901738,3.8,29.0,54.8,355.191568797727,0.47312305208688,17.6606220766815,4.89657708429647,943.203380303862,9228466.0
Benin,BEN,2009,32.6813586378148,4.2,30.0,52.8,361.653717680842,0.492616639306086,17.9195079292369,2.31929213912838,936.565651071554,9509423.0
Benin,BEN,2010,32.2379389854558,4.5,34.2,47.2,363.74357481978,0.518653564527383,18.0090531395068,2.11406472648392,928.246655329144,9797484.0
Benin,BEN,2011,31.7945193330968,4.7,36.9,48.7,352.901249030589,0.491508351362043,18.1374491115974,2.96375291904201,927.716412836707,10093623.0
Benin,BEN,2012,31.3510996807378,4.9,38.4,50.3,346.220822053438,0.454419683203629,16.9566846878966,4.811223315688,943.918771531001,10397657.0
Benin,BEN,2013,30.9076800283789,5.0,34.7,52.0,366.743087755895,0.464168181148386,17.2437092893088,7.19143372144946,982.399206290516,10708834.0
Benin,BEN,2014,30.4642603760199,5.1,34.1,51.0,367.294184971858,0.494995287399714,16.4115774866134,6.35767909791932,1014.4330062135,11030004.0
Benin,BEN,2015,30.0208407236609,5.2,29.6,49.9,379.492026672934,0.511448213359745,16.3850954444902,1.77815106030278,1002.41886879614,11360681.0
Benin,BEN,2016,29.5774210713019,5.2,37.0,45.4,409.038821084068,0.610993036151454,15.7020683118185,3.33967342629693,1006.03926633023,11697842.0
Benin,BEN,2017,29.1340014189429,5.4,34.5,45.4,412.304352119196,0.601713652575047,15.1075858507501,5.67156195150444,1032.90471194182,12039780.0
Benin,BEN,2018,28.6905817665839,5.4,39.0,44.0,423.283323822533,0.666298053345352,14.6419567509163,6.69725362180888,1071.50452156932,12383347.0
Benin,BEN,2019,28.2471621142249,5.5,40.0,46.5,414.543641080217,0.639872457668903,16.3125612015902,6.86568662848335,1114.17304526443,12726755.0
Benin,BEN,2020,27.8037424618659,5.7,41.0,46.2,426.185478700943,0.666089321415813,16.2905490528658,3.84879240030133,1126.65404122154,13070169.0
Benin,BEN,2021,27.3603228095069,5.8,42.0,54.5,376.055295296953,0.502981455061003,16.4674003775761,7.1554516457574,1176.37727637273,13413417.0
Benin,BEN,2022,26.9169031571479,5.9,56.5,,375.820983649337,0.513056396449261,17.017826707817,6.25294705373625,1218.49668929091,13759501.0
Benin,BEN,2023,26.4734835047889,6.0,57.0,,,0.488426291085402,17.3021977561605,6.3527773854442,1263.62158336368,14111034.0
Bermuda,BMU,2000,18.5185185185185,,100.0,0.5,,2.44354183590577,11.0730100605738,9.31715641086083,109502.763102809,61550.0
Bermuda,BMU,2001,18.5185185185185,,100.0,0.5,,2.40354308435838,10.3085111383479,7.22243553752608,116809.925253071,61867.0
Bermuda,BMU,2002,18.5185185185185,,100.0,0.5,,2.66486434295645,9.58402713787467,-1.47779059768867,114574.433608566,62142.0
Bermuda,BMU,2003,18.5185185185185,,100.0,0.5,,2.74099958323983,9.56824574079935,3.41070667687531,118018.831592635,62386.0
Bermuda,BMU,2004,18.5185185185185,,100.0,0.5,,2.76556630165454,9.61836268756259,2.32126722323136,120432.12052555,62555.0
Bermuda,BMU,2005,18.5185185185185,,100.0,0.5,,2.9659868284671,9.95111886767338,1.67420611410508,122143.799577518,62711.0
Bermuda,BMU,2006,18.5185185185185,,100.0,0.4,,3.68590253684311,,5.5438663804406,128662.931924261,62834.0
Bermuda,BMU,2007,18.5185185185185,,100.0,0.5,,4.3977146484685,,3.34513970877607,132595.482654866,63010.0
Bermuda,BMU,2008,18.5185185185185,,100.0,0.5,,4.40600315955766,,-1.86595582635186,129525.177139097,63300.0
Bermuda,BMU,2009,18.5185185185185,,100.0,0.4,,3.84960276881932,,-5.6266977105161,121727.584908744,63565.0
Bermuda,BMU,2010,18.5185185185185,,100.0,0.4,,4.84896037661828,6.59753236327659,-2.50287828947368,118382.908990645,63725.0
Bermuda,BMU,2011,18.5185185185185,,100.0,0.4,,2.40691635416503,5.66742455792625,-3.74274431740703,113937.835700983,63733.0
Bermuda,BMU,2012,18.5185185185185,,100.0,0.4,,2.79200578198159,5.11874218822023,-5.30529910675297,108040.575659203,63646.0
Bermuda,BMU,2013,18.5185185185185,,100.0,1.5,,3.1144807625759,5.29900911819128,-0.279708545423034,107860.394791964,63574.0
Bermuda,BMU,2014,18.5185185185185,,100.0,0.4,,4.28150923200428,5.00463985900816,-3.70106759364258,103941.982606956,63529.0
Bermuda,BMU,2015,18.5185185185185,,100.0,0.6,,3.63513172822387,5.12438047943502,0.775529699568978,104855.366822135,63464.0
Bermuda,BMU,2016,18.5185185185185,,100.0,1.1,,4.91260697568126,5.34979364226582,-0.657206304259205,104190.876720334,63449.0
Bermuda,BMU,2017,18.5185185185185,,100.0,0.6,,4.48740130233729,5.50930538497597,3.61141983706115,107734.608357327,63578.0
Bermuda,BMU,2018,18.5185185185185,,100.0,0.7,,4.71401043380176,5.7012359712742,-0.432801300339307,106843.163739391,63831.0
Bermuda,BMU,2019,18.5185185185185,,100.0,0.8,,4.71867346779603,6.37065036340846,0.307106461240664,106709.881238843,64107.0
Bermuda,BMU,2020,18.5185185185185,,100.0,0.9,,3.32701686806872,5.63399872578246,-6.82757303480177,98999.5076617935,64382.0
Bermuda,BMU,2021,18.5185185185185,,100.0,0.9,,3.78511322856082,5.29810754046927,4.60742917109469,103134.729483915,64648.0
Bermuda,BMU,2022,18.5185185185185,,100.0,0.9,,3.97689539606789,5.32590434727504,6.47622571186707,109642.671877743,64749.0
Bermuda,BMU,2023,18.5185185185185,,100.0,,,3.99239543726236,4.63917441657433,4.91721557264164,115124.71719745,64698.0
Bhutan,BTN,2000,65.4773869346734,26.45,31.2,91.4,,0.679217843960842,33.3183174679356,3.35506838174288,1259.6237645235,596863.0
Bhutan,BTN,2001,65.7268592964824,30.3,40.2,90.2,,0.719064037957151,35.4249844481953,7.32837435673082,1321.09878230279,610794.0
Bhutan,BTN,2002,65.9763316582915,34.1,44.1,89.7,,0.764562970745137,35.7295816748361,10.4437797168913,1427.25693317315,624409.0
Bhutan,BTN,2003,66.2258040201005,38.2,41.1,89.7,,0.777840332589471,36.1445809474928,7.78656040877364,1506.4152751782,637663.0
Bhutan,BTN,2004,69.4103943122491,42.5,51.9,90.9,276.691507415332,0.770124695639342,34.5745128686706,5.15725736177561,1552.73915195801,650544.0
Bhutan,BTN,2005,69.6708817587953,46.7,59.8,88.7,308.219954220272,0.82025790757934,34.0427943524964,6.93507146766659,1632.02169500573,661865.0
Bhutan,BTN,2006,69.9313692053415,50.6,59.7,91.6,314.550260212075,0.847645867092825,35.6000595350092,5.6408051539139,1701.11878173586,670799.0
Bhutan,BTN,2007,70.1918566518876,54.9,71.8,92.0,359.542084843091,0.850670678606214,41.6218746913227,16.1047836542012,1952.25734603779,678641.0
Bhutan,BTN,2008,70.4523440984338,58.6,67.6,87.8,,0.844611576292597,40.8156244643724,4.52944877696235,2017.76018913403,686351.0
Bhutan,BTN,2009,70.7128315449799,62.4,71.5,87.8,,1.1543427263872,39.4589101877082,7.66749238553135,2148.56480375034,693988.0
Bhutan,BTN,2010,70.9733189915261,65.8,73.3,84.8,,1.28984994983125,39.32493053906,11.9318738376229,2378.72810760985,701632.0
Bhutan,BTN,2011,71.025211847732,69.1,81.8,84.9,,1.55939648452092,37.4178826768856,8.4892584842808,2552.48871073094,709377.0
Bhutan,BTN,2012,71.0771047039379,72.2,91.5,82.8,,1.47097572910959,38.2126912443455,5.16482012683895,2654.74798946027,717279.0
Bhutan,BTN,2013,71.1289975601438,74.9,87.4,81.7,,1.52604605438228,38.8444853647316,1.73634039505693,2671.07460201171,725273.0
Bhutan,BTN,2014,71.1808904163497,77.7,91.4,82.1,,1.54036274158106,37.6449550742574,5.88108550658288,2797.81883971908,733139.0
Bhutan,BTN,2015,71.2327832725556,80.0,95.4,81.6,,1.76825299952202,38.4680946453953,6.66080128866197,2954.04081911097,740618.0
Bhutan,BTN,2016,71.2342701342282,82.2,99.3,80.8,,1.90461927671535,38.448996403302,8.47594339232963,3173.36773217431,747866.0
Bhutan,BTN,2017,71.2861786912752,84.0,97.7,79.7,,1.95350871960071,39.0388793784971,2.08684522733067,3211.80903275593,754335.0
Bhutan,BTN,2018,71.3455689564761,85.7,100.0,80.0,,2.30402009058136,35.2652134391702,3.50187185732737,3300.55006461736,759759.0
Bhutan,BTN,2019,71.39486103828,87.0,100.0,81.0,,2.36171982050772,33.0939030506784,5.75514851246506,3467.38598979356,764824.0
Bhutan,BTN,2020,71.4472994231778,88.3,100.0,83.9,,1.83518050508697,31.7909765311756,-10.2183974208569,3092.12428399363,770006.0
Bhutan,BTN,2021,71.4997378080755,89.5,100.0,81.8,,1.99176727595359,31.6232724038612,4.42136738945015,3206.20366997254,775442.0
Bhutan,BTN,2022,71.5521761929733,90.6,100.0,82.5,,1.94285158160822,31.8248447380802,5.21386783786224,3349.73309632799,780914.0
Bhutan,BTN,2023,71.60513896172,91.6,100.0,,,1.98465128404026,29.4044714570934,4.63215704523927,3480.51388574877,786385.0
Bolivia,BOL,2000,50.8643865965107,63.1,70.0,29.2,424.497392990293,0.953345248599693,25.7390221812353,2.50781080899505,2014.19024658446,8606326.0
Bolivia,BOL,2001,50.6783457952552,64.1,69.3,29.0,444.570211427174,0.906722195208447,25.4206764753126,1.68379912721821,2013.84581083123,8752736.0
Bolivia,BOL,2002,50.4923049939998,65.0,64.0,28.1,520.021917040091,0.951411488642869,25.4735692447779,2.48556573783827,2029.66993638623,8900355.0
Bolivia,BOL,2003,50.3062641927444,66.0,72.3,27.0,524.19320800163,0.996508557349155,25.5964904919612,2.7113398370071,2050.07133411879,9050700.0
Bolivia,BOL,2004,50.120223391489,67.2,75.9,25.8,523.192178579792,1.02693451431925,26.8396494762825,4.17329558916195,2099.990810637,9204287.0
Bolivia,BOL,2005,49.9341825902335,68.5,68.3,24.6,567.496536227946,1.06158115040733,26.2692194219914,4.42143312687995,2156.18670325307,9360754.0
Bolivia,BOL,2006,49.7481417889781,70.0,76.2,23.7,568.36995826632,1.13232011673559,27.652247464959,4.79700882356046,2221.42722587103,9521689.0
Bolivia,BOL,2007,49.5621009877227,71.7,80.2,22.1,570.3375548833,1.23849365473324,28.2897904061027,4.56438426887904,2283.4273357151,9685960.0
Bolivia,BOL,2008,49.3760601864673,73.2,84.7,21.3,572.261293056089,1.30378490888814,29.7366397824222,6.14849787462195,2383.2503257823,9850858.0
Bolivia,BOL,2009,49.1900193852119,74.9,86.8,20.6,586.284286067628,1.36372054481332,29.2286844945559,3.35699957430558,2422.57579390007,10016275.0
Bolivia,BOL,2010,49.0039785839564,76.4,88.0,19.9,625.49842839535,1.45277929592839,30.1439417460822,4.12672259105658,2481.40700850945,10182345.0
Bolivia,BOL,2011,48.808503646266,77.8,88.3,18.1,660.399933602591,1.55521407094396,30.3691066361261,5.20409244308591,2568.5205166368,10348929.0
Bolivia,BOL,2012,48.6130287085756,78.9,90.4,17.4,703.763401801031,1.62055085263547,29.3342196293346,5.12227558091767,2657.23884915853,10515807.0
Bolivia,BOL,2013,48.4175537708853,80.0,89.5,16.0,699.363675306555,1.69450194184791,28.5181929044884,6.79601142810857,2793.51457098676,10682608.0
Bolivia,BOL,2014,48.2220788331949,81.1,90.0,15.0,757.547132518494,1.7940087500212,27.6254998805738,5.46056950635116,2900.90241586338,10848888.0
Bolivia,BOL,2015,48.0266038955045,82.2,91.5,14.2,748.85994552389,1.81142391012742,25.2024162838659,4.8571871797142,2996.01289811344,11014705.0
Bolivia,BOL,2016,47.7713283485646,83.3,91.8,13.6,778.965230116872,1.91061375561046,25.3263589797711,4.26392086382097,3077.57057564766,11180020.0
Bolivia,BOL,2017,47.5327425459245,84.3,91.8,14.3,800.888183667631,1.92014923064189,30.1846229804293,4.19520633360403,3160.16421228968,11344587.0
Bolivia,BOL,2018,47.3121388350411,85.4,92.8,14.3,803.127890554365,1.90865464156169,30.385489117214,2.86808404814794,3204.53670819124,11508368.0
Bolivia,BOL,2019,47.1095356780209,86.6,95.1,13.5,795.54274549867,1.88492609189688,30.4627271604529,1.50672102666863,3207.3869521223,11671386.0
Bolivia,BOL,2020,46.9249146127573,87.5,97.2,16.9,657.745469205531,1.57121108732946,27.2757447830119,-12.7194690092717,2765.0927177231,11816299.0
Bolivia,BOL,2021,46.7283054555525,88.7,98.6,12.8,757.863166521587,1.83202986254917,30.8437936181153,10.0290488827886,3011.55110807557,11937360.0
Bolivia,BOL,2022,46.5396883596418,89.7,99.9,,798.293220052314,1.93607699297368,32.0192722610323,3.74741781241461,3088.24126155241,12077154.0
Bolivia,BOL,2023,46.3457431920982,90.6,99.8,,,1.99475521348588,29.7722060416097,2.51636590154891,3122.77049447823,12244159.0
Bosnia and Herzegovina,BIH,2000,41.2431640625,53.8,99.0,19.4,1044.83032752066,3.43316975862373,21.5373916859689,5.41431594987505,2567.34136989735,4159771.0
Bosnia and Herzegovina,BIH,2001,41.22560546875,52.7,99.4,20.3,1004.95066006105,3.3728936761354,20.9376145916292,2.42331317180992,2617.18230350812,4179438.0
Bosnia and Herzegovina,BIH,2002,41.208046875,51.6,98.5,21.2,1052.10768786264,3.54063823274201,19.8153934660799,5.027444647203,2743.13878615838,4188002.0
Bosnia and Herzegovina,BIH,2003,41.19048828125,51.0,99.0,20.1,1052.76815633322,3.63494469217951,19.8200761189261,3.86713552011777,2855.68314939849,4178523.0
Bosnia and Herzegovina,BIH,2004,41.1729296875,50.0,99.1,20.1,1161.36225812454,3.87204789582773,20.2334932914418,6.32526794858342,3063.83543448936,4140987.0
Bosnia and Herzegovina,BIH,2005,41.15537109375,49.15,99.1,19.7,1230.32229950965,4.11237124047325,21.4328425323645,3.89718320544974,3217.81341615345,4096493.0
Bosnia and Herzegovina,BIH,2006,41.1378125,47.7,99.4,18.1,1304.39455421949,4.59986434577848,21.0300824020691,5.41400299607282,3419.75887457192,4063272.0
Bosnia and Herzegovina,BIH,2007,41.12025390625,46.6,99.7,14.8,1321.60129723785,4.91480591136147,21.7724374056523,5.85911689412598,3665.08966529499,4013424.0
Bosnia and Herzegovina,BIH,2008,41.1026953125,46.3,99.3,14.3,1510.20925021027,5.48500536029491,23.2014104320358,5.44184730165964,3929.03297717336,3947544.0
Bosnia and Herzegovina,BIH,2009,41.08513671875,45.2,99.4,17.4,1602.5317512912,5.58279640620095,22.9076469417103,-3.0044555389081,3877.53540078456,3879794.0
Bosnia and Herzegovina,BIH,2010,41.067578125,44.95,99.5,19.6,1700.48373318065,5.82913897832648,22.4540096321725,0.865667236280544,3981.20985692032,3811472.0
Bosnia and Herzegovina,BIH,2011,41.293515625,43.3,99.7,14.2,1909.67028647304,6.75293000851462,22.1932597066813,0.959511709726897,4094.25329541877,3741798.0
Bosnia and Herzegovina,BIH,2012,41.519453125,43.0,99.7,15.3,1821.21222097011,6.35152105670861,21.6232008180939,-0.821837252962993,4139.91732773657,3670113.0
Bosnia and Herzegovina,BIH,2013,41.745390625,42.7,99.5,19.5,1787.39246392599,6.42871959276172,22.3236748683798,2.34985873172397,4306.73175072214,3610859.0
Bosnia and Herzegovina,BIH,2014,41.971328125,42.1,99.9,23.6,1682.31287779308,5.83357574795313,22.1563691753674,1.15384793371298,4412.67617817734,3564829.0
Bosnia and Herzegovina,BIH,2015,42.197265625,41.7,99.7,25.2,1755.04377103361,5.92032322488213,21.7264522311122,4.28413016137854,4662.25869219448,3518541.0
Bosnia and Herzegovina,BIH,2016,42.5099609375,41.6,100.0,23.0,1945.25475764264,6.7682636611601,22.3443510624615,3.24225822231566,4876.53471495633,3473003.0
Bosnia and Herzegovina,BIH,2017,42.7326171875,41.3,100.0,18.5,1966.74296405564,6.99679935322086,23.1210747823113,3.24409895306594,5099.81602856447,3428682.0
Bosnia and Herzegovina,BIH,2018,42.7326171875,40.85,100.0,35.4,2205.40019359849,7.10487156775908,23.7113564316664,3.82900399349064,5360.25201017633,3387000.0
Bosnia and Herzegovina,BIH,2019,42.7326171875,40.3,100.0,36.8,2157.71633026544,6.75452909895075,23.2037923257609,2.88585242083978,5583.29721276458,3345533.0
Bosnia and Herzegovina,BIH,2020,42.7326171875,40.2,100.0,37.7,2152.73018925591,6.83055960433407,23.7775660166922,-3.01509335460439,5490.75366635139,3299349.0
Bosnia and Herzegovina,BIH,2021,42.7326171875,39.9,100.0,36.6,2267.26088940872,7.09101986590062,24.7993812228801,7.39164256472846,5995.54197590494,3244907.0
Bosnia and Herzegovina,BIH,2022,42.7326171875,39.3,100.0,,2270.72637629896,6.98907452004835,24.6632482599279,4.22681333390325,6327.16206849174,3204802.0
Bosnia and Herzegovina,BIH,2023,42.7326171875,39.5,100.0,,2171.0481914264,6.53950474604507,23.721885700131,1.99439414850893,6493.32400514463,3185073.0
Botswana,BWA,2000,31.0918779665802,44.7,26.5,38.5,1070.36119676312,2.44404673473305,46.3005302919992,1.98769583378552,5062.64289173588,1677382.0
Botswana,BWA,2001,30.8831365906163,46.5,24.8,37.5,1060.85132722236,2.31028807641857,44.7677938245925,0.250573949689084,4971.96371794188,1712254.0
Botswana,BWA,2002,30.6743952146525,48.2,27.0,36.1,1057.52604830958,2.39310439297486,43.9650990818224,6.06953087648317,5175.47655317231,1744763.0
Botswana,BWA,2003,30.4656538386886,49.6,33.1,36.2,1035.71768168865,2.32883716948916,39.6164131871252,4.62589474959299,5320.440295139,1775736.0
Botswana,BWA,2004,30.2569124627248,50.9,35.3,34.3,1076.41144429025,2.24298424145033,38.8219550208892,2.70582170611173,5369.42516766112,1807146.0
Botswana,BWA,2005,30.0481710867609,52.1,37.5,33.0,1090.97560068282,2.38640952628899,42.8549522076655,4.55664565323181,5514.21742664705,1839877.0
Botswana,BWA,2006,29.839429710797,53.1,39.7,31.8,1096.75774429819,2.21315795650717,46.6243434434334,8.36387109282306,5865.00026521361,1874516.0
Botswana,BWA,2007,29.6306883348332,54.8,41.9,29.0,1117.65874301485,2.3141992914403,45.484421235941,5.79255577727118,6085.6354476126,1911201.0
Botswana,BWA,2008,29.4219469588693,55.9,44.5,27.8,1158.3591770162,2.31254839818048,41.10966210137,3.25207295796832,6158.61629368051,1949970.0
Botswana,BWA,2009,29.2132055829054,57.4,43.4,28.9,1054.28611010741,2.0736203284015,32.9148698460083,-14.1442346163423,5179.4138607146,1990673.0
Botswana,BWA,2010,29.0044642069416,58.3,52.0,29.9,1130.54992383335,1.66355894980648,37.2789379627304,10.119723322694,5584.5034321846,2033111.0
Botswana,BWA,2011,28.7957228309777,59.8,53.2,28.9,1069.64525830171,1.93548698237551,41.4322152540452,6.83841052493574,5850.07858575461,2073535.0
Botswana,BWA,2012,28.5869814550138,60.5,56.0,27.8,1197.22154587787,1.67156956431633,37.5753342991212,-0.170857099335691,5742.91924452636,2108617.0
Botswana,BWA,2013,28.37824007905,61.2,58.0,26.7,1240.35333768798,2.57945832216088,39.106229887551,11.1029068737822,6284.97678002618,2140682.0
Botswana,BWA,2014,28.1694987030861,62.0,60.0,25.8,1333.16636170484,3.29095543184208,41.7777034040156,5.69714422072884,6547.12254115892,2172044.0
Botswana,BWA,2015,27.9607573271223,62.4,62.1,26.1,1308.13445233238,3.21839372606118,37.5439994873569,-4.85132507409779,6141.20394726616,2203273.0
Botswana,BWA,2016,27.7520159511584,63.1,64.2,26.7,1245.11570542658,3.02151088073257,40.3451621913098,7.20442475914267,6490.83463593483,2234776.0
Botswana,BWA,2017,27.5432745751945,63.5,67.4,26.7,1280.40747267283,3.28258954351765,37.1010050249191,4.11437856445083,6662.57644805467,2266747.0
Botswana,BWA,2018,27.3345331992307,64.1,68.3,25.6,1343.69847257232,3.57037693642974,34.8003276690785,4.18869237159223,6843.84612027739,2299141.0
Botswana,BWA,2019,27.1257918232668,64.7,70.1,26.2,1241.6779321074,3.14825844534693,31.947105419301,3.0317733945467,6951.73189051146,2332083.0
Botswana,BWA,2020,26.9170504473029,65.1,71.8,27.7,1119.82959014247,2.57488289838852,26.690568101143,-8.72888243996397,6254.24806241091,2365894.0
Botswana,BWA,2021,26.7083090713391,65.6,73.7,27.4,1142.89798614093,2.72602991287315,33.0400332471158,11.9162724376008,6895.91184943107,2401441.0
Botswana,BWA,2022,26.4995676953752,66.0,75.9,,1165.14968696121,2.80246010889007,37.4571297119178,5.48601706446772,7159.5860618268,2439892.0
Botswana,BWA,2023,26.2908263194114,66.4,76.0,,,2.7096930785842,34.0710602022733,3.20806812224438,7269.05170664457,2480244.0
Brazil,BRA,2000,65.9343586013156,89.0,94.4,42.7,1081.36193393467,2.00787868943563,23.0066186293679,4.38794944364869,6817.78345634413,174018282.0
Brazil,BRA,2001,65.4616708980706,89.5,96.0,41.3,1086.99299318566,1.9928207750233,22.6395279128549,1.3898964044581,6823.0331851176,176301203.0
Brazil,BRA,2002,64.9889831948257,90.1,96.7,42.9,1103.40127916211,1.96879630651915,22.4953278210778,3.05346185683619,6944.62257593723,178503484.0
Brazil,BRA,2003,64.5162954915806,90.7,97.0,45.1,1107.9739157885,1.91839410561756,23.0838178183236,1.14082899877101,6941.43965883253,180622688.0
Brazil,BRA,2004,64.0436077883357,91.2,96.8,45.2,1157.16905577095,1.99978275095698,24.3066232905778,5.75996463685998,7258.78101654079,182675143.0
Brazil,BRA,2005,63.5709200850907,91.8,97.1,46.1,1173.71585743449,1.99935674253319,24.1725782850314,3.20213206216255,7409.56827992249,184688101.0
Brazil,BRA,2006,63.0982323818457,92.2,97.6,46.7,1202.05933940304,2.00204169117872,23.5440216718081,3.96198870899485,7622.03919432148,186653106.0
Brazil,BRA,2007,62.6255446786007,92.7,98.1,47.2,1259.91135986965,2.08496718576573,23.125380408552,6.06987060733128,8003.2532101272,188552320.0
Brazil,BRA,2008,62.1528569753558,93.1,98.5,47.0,1317.23578420454,2.16839391882541,23.0852937521799,5.09419544811998,8330.76364001877,190367302.0
Brazil,BRA,2009,61.6801692721108,93.5,98.9,48.9,1262.10043812649,2.00746250710986,21.8785926263801,-0.12581200299141,8246.09612122851,192079951.0
Brazil,BRA,2010,61.2074815688658,94.0,98.6,46.8,1384.36896688389,2.27112813109879,23.2679773548596,7.52822581812151,8792.63334959864,193701929.0
Brazil,BRA,2011,61.023328156743,94.4,99.3,45.2,1390.00783643031,2.37418967936326,23.1020509677218,3.97442307944702,9067.99212019529,195284734.0
Brazil,BRA,2012,60.8391747446202,94.8,99.5,43.5,1433.15306444735,2.52901988702936,22.1336473645034,1.92117598509462,9167.49818450433,196876111.0
Brazil,BRA,2013,60.6550213324974,95.0,99.6,42.3,1487.45745839708,2.63744450973958,21.2248099504522,3.0048226702888,9366.73824670239,198478299.0
Brazil,BRA,2014,60.4708679203746,95.4,99.7,41.7,1522.42189026812,2.7310345760982,20.4724627475115,0.503955740273241,9338.34170840985,200085127.0
Brazil,BRA,2015,60.2867384370207,95.7,99.7,43.7,1482.02057858653,2.56818858918394,19.3600439809564,-3.54576339347278,8936.1955889444,201675532.0
Brazil,BRA,2016,60.0710205859198,95.8,99.7,45.4,1414.8979311951,2.37533549789759,18.3547582770536,-3.2759169063211,8577.84277969667,203218114.0
Brazil,BRA,2017,59.8329293359527,96.1,99.8,45.3,1431.95949698072,2.41694955353585,18.1885023085758,1.32286905390815,8628.25209645723,204703445.0
Brazil,BRA,2018,59.7083800941358,96.2,99.7,46.9,1403.40232453429,2.28562350357953,18.7490514527988,1.78366676137003,8722.33529970988,206107261.0
Brazil,BRA,2019,59.5585860011916,96.3,99.8,47.5,1415.83477031974,2.25869881785082,18.7546275724707,1.22077782271943,8771.43950372603,207455459.0
Brazil,BRA,2020,59.4174780513368,96.45,99.7,50.0,1379.24649914162,2.1466461829,19.5061183897524,-3.27675879612903,8435.01046209185,208660842.0
Brazil,BRA,2021,59.2704836243471,96.4,99.5,46.5,1430.3934661032,2.41580858865319,22.123475195366,4.7626043797061,8799.22844579944,209550294.0
Brazil,BRA,2022,59.1275092305226,96.5,100.0,,1432.72741132919,2.27889577215227,22.8194568521446,3.01669435408112,9032.08377657776,210306415.0
Brazil,BRA,2023,58.9818729765235,96.5,99.8,,1481.22439922518,2.27447826989363,22.1441739229749,3.24165532813583,9288.02594608687,211140729.0
British Virgin Islands,VGB,2000,24.4666666666667,,97.1,0.9,,1.37344992836322,,,,20241.0
British Virgin Islands,VGB,2001,24.4466666666667,,97.2,0.9,,1.33198692056165,,,,20796.0
British Virgin Islands,VGB,2002,24.4266666666667,,97.3,0.8,,1.44190387307513,,,,21430.0
British Virgin Islands,VGB,2003,24.4066666666667,,97.4,0.8,,1.55417005511882,,,,22134.0
British Virgin Islands,VGB,2004,24.3866666666667,,97.5,0.8,,1.55150561601329,,,,22881.0
British Virgin Islands,VGB,2005,24.3666666666667,,97.6,0.8,,1.57616733572787,,,,23665.0
British Virgin Islands,VGB,2006,24.3466666666667,,97.8,0.7,,1.82909402686482,,,,24493.0
British Virgin Islands,VGB,2007,24.3266666666667,,97.9,0.7,,1.91595048490105,,,,25366.0
British Virgin Islands,VGB,2008,24.3066666666667,,98.1,0.7,,2.08840535605599,,,,26288.0
British Virgin Islands,VGB,2009,24.2866666666667,,98.3,0.7,,2.32934087736057,,,,27218.0
British Virgin Islands,VGB,2010,24.2666666666667,,98.3,0.7,,2.54742547425474,,,,27675.0
British Virgin Islands,VGB,2011,24.24,,98.7,0.9,,1.9226750261233,,,,28710.0
British Virgin Islands,VGB,2012,24.2133333333333,,98.9,0.9,,1.88169385401219,,,,30345.0
British Virgin Islands,VGB,2013,24.1866666666667,,99.1,1.0,,2.06289625587484,,,,31703.0
British Virgin Islands,VGB,2014,24.16,,99.2,1.0,,2.12365754505188,,,,32962.0
British Virgin Islands,VGB,2015,24.1333333333333,,100.0,1.0,,2.0783813554409,,,,34498.0
British Virgin Islands,VGB,2016,24.1333333333333,,100.0,1.0,,2.27876498022315,,,,33878.0
British Virgin Islands,VGB,2017,24.1333333333333,,100.0,1.1,,2.05205052142267,,,,32699.0
British Virgin Islands,VGB,2018,24.1333333333333,,100.0,1.2,,1.91880428196324,,,,34657.0
British Virgin Islands,VGB,2019,24.1333333333333,,100.0,1.2,,2.40142876768787,,,,36395.0
British Virgin Islands,VGB,2020,24.1333333333333,,100.0,1.3,,2.27817422916386,,,,37135.0
British Virgin Islands,VGB,2021,24.1333333333333,,100.0,1.3,,2.23491761220873,,,,37809.0
British Virgin Islands,VGB,2022,24.1333333333333,,100.0,1.3,,2.30694955505102,,,,38319.0
British Virgin Islands,VGB,2023,24.1333333333333,,100.0,,,2.27523406438374,,,,38985.0
Brunei Darussalam,BRN,2000,75.3320683111954,100.0,100.0,0.0,7306.50805505588,18.6101512143715,66.2665822504809,3.47467627672586,37509.5983847742,326424.0
Brunei Darussalam,BRN,2001,75.0094876660342,100.0,100.0,0.0,6624.44570244008,17.5847845325414,62.7475892350944,1.4660608198711,37269.3099216587,333345.0
Brunei Darussalam,BRN,2002,74.6869070208729,100.0,100.0,0.0,6344.70953602184,16.3425943622298,63.0811813132522,3.9614389000248,37976.2627573601,340099.0
Brunei Darussalam,BRN,2003,74.3643263757116,100.0,100.0,0.0,7227.93461469148,18.6157276920813,66.4844984729556,3.58342909978997,38595.1688513702,346637.0
Brunei Darussalam,BRN,2004,74.0417457305503,100.0,100.0,0.0,6509.41375687627,17.7642521768945,70.1910452305488,0.104538372603315,37948.6590825194,352911.0
Brunei Darussalam,BRN,2005,73.719165085389,100.0,100.0,0.0,6180.90186134327,16.7426361599929,73.153005169136,-0.0039253166074644,37312.2778797122,358916.0
Brunei Darussalam,BRN,2006,73.3965844402277,100.0,100.0,0.0,8644.25613377398,23.6259231125724,74.9262615378504,4.09841257308588,38229.3565684183,364663.0
Brunei Darussalam,BRN,2007,73.0740037950664,100.0,100.0,0.0,8703.6654696927,22.0679316100121,73.3951062711011,-3.76362326254647,36174.516515486,370873.0
Brunei Darussalam,BRN,2008,72.7514231499051,100.0,100.0,0.0,9379.39547102847,23.5785205125558,76.4320816379343,-3.90071101715114,34126.6941563969,377793.0
Brunei Darussalam,BRN,2009,72.4288425047438,100.0,100.0,0.0,7906.16450304433,20.8361042415678,67.2954813573315,-1.90025367202547,32855.6021602466,384952.0
Brunei Darussalam,BRN,2010,72.1062618595825,100.0,100.0,0.0,8261.092768512,18.8093247555642,68.6533507031802,2.74136439456163,33121.3178241724,392332.0
Brunei Darussalam,BRN,2011,72.1062618595825,100.0,100.0,0.0,9699.3002516897,19.6830658831365,73.6724144504971,3.74440625524871,33754.3640783713,399389.0
Brunei Darussalam,BRN,2012,72.1062618595825,100.0,100.0,0.0,9446.07290658886,18.7948919633985,72.655614353873,0.913135189664487,33544.5389457877,405557.0
Brunei Darussalam,BRN,2013,72.1062618595825,100.0,100.0,0.0,7399.88850699904,18.9425148710366,70.022444095261,-2.12478292664558,32381.0739795231,411202.0
Brunei Darussalam,BRN,2014,72.1062618595825,100.0,100.0,0.0,8529.79303823974,19.4524295140972,67.8496307805484,-2.50788727590711,31148.7297405401,416750.0
Brunei Darussalam,BRN,2015,72.1062618595825,100.0,100.0,0.0,6437.00247398227,17.4445539207791,61.3627773605269,-0.392383749502031,30625.1287744656,422212.0
Brunei Darussalam,BRN,2016,72.1062618595825,100.0,100.0,0.0,7008.28171997556,18.4753627527107,57.2893638536308,-2.47791771833224,29492.4145927789,427564.0
Brunei Darussalam,BRN,2017,72.1062618595825,100.0,100.0,0.0,8385.25858976533,18.188792250885,59.7205889692852,1.32872661057823,29524.65912789,432772.0
Brunei Darussalam,BRN,2018,72.1062618595825,100.0,100.0,0.0,8304.04242825767,18.3419748292638,63.2448184042319,0.0523710418528935,29200.1952024222,437810.0
Brunei Darussalam,BRN,2019,72.1062618595825,100.0,100.0,0.0,9219.80339333238,17.1760639739767,62.5153210994416,3.86884436177075,29996.2407223175,442680.0
Brunei Darussalam,BRN,2020,72.1062618595825,100.0,100.0,0.0,9175.89257228992,22.6370349840413,59.1336302400797,1.1335733495246,30015.9588506697,447404.0
Brunei Darussalam,BRN,2021,72.1062618595825,100.0,100.0,0.0,8962.62325631033,22.1070085296012,62.7015642235623,-1.59076260099606,29256.1833678343,451721.0
Brunei Darussalam,BRN,2022,72.1062618595825,100.0,100.0,,9537.0515607056,20.9436282583394,67.9255854192344,-1.62833154515108,28549.1756060465,455370.0
Brunei Darussalam,BRN,2023,72.1062618595825,100.0,100.0,,,21.14308997296,61.7411860091314,1.12764418162719,28645.9645396284,458949.0
Bulgaria,BGR,2000,30.507095724487,,88.1,8.0,2276.85216577279,5.89680364134317,22.6775829799096,4.58722541447194,3717.92889906166,8170172.0
Bulgaria,BGR,2001,30.834312573443,,88.6,7.2,2419.77111113907,6.2958054683011,23.9808817257269,3.82370364608695,3937.70160937785,8009142.0
Bulgaria,BGR,2002,31.6856617647059,,89.1,8.7,2410.06924541046,6.07329618467708,24.0045118230475,5.87193108148227,4260.40477488601,7837161.0
Bulgaria,BGR,2003,32.0272133860439,,89.6,9.2,2489.50818804189,6.87596804610276,24.3194023807744,5.23715364977618,4519.18439177056,7775327.0
Bulgaria,BGR,2004,32.3630011033468,,90.1,9.6,2439.63673677668,6.66896898479433,23.1334052420728,6.51042578445376,4849.87141310477,7716860.0
Bulgaria,BGR,2005,32.7319587628866,,90.6,9.8,2599.1917342682,6.8534654520215,24.2323985840088,7.05634873469204,5231.33811895255,7658972.0
Bulgaria,BGR,2006,33.0682132007733,,91.2,10.0,2696.78264240444,7.10899139615699,25.370402523961,6.80258943603174,5629.80127993005,7601022.0
Bulgaria,BGR,2007,33.407605192892,,91.7,8.8,2665.00511750437,7.63903485834564,26.2601834036365,6.65438792422609,6048.74231752797,7545338.0
Bulgaria,BGR,2008,33.7409078353743,,92.3,9.9,2647.46208110447,7.28226303396129,24.9905785476636,6.12955841579208,6464.72198023576,7492561.0
Bulgaria,BGR,2009,34.0899042004421,,92.9,11.6,2337.23945196707,6.25111912335147,26.5673405144322,-3.34714149737695,6288.72543188686,7444443.0
Bulgaria,BGR,2010,34.4233603537214,,93.5,14.3,2393.89142256038,6.69444084245238,23.7541772436849,1.55535979911015,6428.71742590538,7395599.0
Bulgaria,BGR,2011,34.6002210759027,,94.1,13.2,2592.51617710519,7.4553286135295,25.0301012066171,2.09017507758604,6605.30851691027,7348328.0
Bulgaria,BGR,2012,34.777081798084,,94.7,15.6,2493.07808043547,6.83236589446759,25.3837646988557,0.748815411928831,6693.4277325127,7305888.0
Bulgaria,BGR,2013,34.9539425202653,,95.3,18.2,2353.30761322829,6.20837555281037,23.5074812631202,-0.542751388861134,6792.73549964735,7160005.0
Bulgaria,BGR,2014,35.1308032424466,,95.9,17.1,2499.7069748767,6.68898259606321,23.4443018802846,0.949449090947894,6941.01853946718,7073572.0
Bulgaria,BGR,2015,35.3076639646279,,96.6,17.9,2637.50353455494,7.138544362474,24.0301394911987,3.39755336780412,7268.65445473873,6984225.0
Bulgaria,BGR,2016,35.3813559322034,,97.3,17.7,2606.61053390992,6.83625613002581,24.4597736962039,3.02662841229517,7586.50411050819,6894139.0
Bulgaria,BGR,2017,35.5011053795136,,98.1,17.1,2732.22244053467,7.2438350558862,23.9892951281784,2.74592676054861,7898.70693013652,6803468.0
Bulgaria,BGR,2018,35.6208548268239,,98.7,19.6,2764.27513129547,6.90134019828938,22.2389603260891,2.33015213407045,8194.37434587757,6710798.0
Bulgaria,BGR,2019,35.7406042741341,,99.2,19.3,2771.124202737,6.74590424327681,21.5624567722623,3.79331765354152,8626.13418680372,6616726.0
Bulgaria,BGR,2020,35.8603537214444,,99.7,21.1,2664.55152991688,6.01693316252197,21.843324087593,-3.13323303076419,8440.08304721192,6550696.0
Bulgaria,BGR,2021,35.9801031687546,,99.8,20.4,2918.91641380678,7.04917445804336,20.7501971561216,7.82817232822165,9161.47737990726,6507301.0
Bulgaria,BGR,2022,36.0998526160649,,100.0,,2968.65663426552,7.64769654654833,25.3037212349858,4.0838640915123,9597.86796406548,6465097.0
Bulgaria,BGR,2023,36.2196020633751,,100.0,,2604.19104505407,5.73490257494032,22.7029866666098,1.68151074972904,9787.26510772747,6446596.0
Burkina Faso,BFA,2000,26.3760964912281,2.6,9.1,83.9,122.87633161526,0.0731706539893436,21.8707545475914,1.88847388906525,428.309796566198,11925546.0
Burkina Faso,BFA,2001,26.1933479532164,2.9,9.5,81.7,138.808404306933,0.0829849464835342,20.6389246484114,6.61340574539679,442.914122870048,12295001.0
Burkina Faso,BFA,2002,26.0105994152047,3.1,9.9,81.8,140.366660183959,0.0853882812864106,20.6338145094446,4.35296382988099,448.128856317091,12680897.0
Burkina Faso,BFA,2003,25.827850877193,3.4,11.4,80.8,145.412202886927,0.0921992776321892,22.6250739908394,7.80249388870359,468.263047790124,13082532.0
Burkina Faso,BFA,2004,25.6451023391813,3.6,10.7,82.0,149.202025520624,0.0791894660751542,22.6591757180332,4.47845213670386,474.086412333459,13500533.0
Burkina Faso,BFA,2005,25.4623538011696,3.9,11.1,85.4,152.454065294215,0.0817032694873567,20.1658324331189,8.66187322841225,499.192797571217,13932123.0
Burkina Faso,BFA,2006,25.2796052631579,4.3,11.6,84.8,160.051947053493,0.0799863250308358,20.5038527918156,6.25316468817478,514.113131757062,14373707.0
Burkina Faso,BFA,2007,25.0968567251462,4.8,12.0,82.9,167.380496993818,0.110310889211461,22.5483344043863,4.11137901761516,519.26101218434,14816307.0
Burkina Faso,BFA,2008,24.9141081871345,5.0,12.5,83.5,168.80031087063,0.124543742130815,20.5479237002055,5.79999174105387,533.471299938288,15258093.0
Burkina Faso,BFA,2009,24.7313596491228,5.5,12.6,83.3,171.44988829824,0.117256031897002,22.9558804915607,2.96195085866692,533.470084831931,15710066.0
Burkina Faso,BFA,2010,24.5486111111111,5.8,13.1,82.1,227.93902505697,0.121305612623944,26.0555520336446,8.44628157707625,561.847221302489,16176498.0
Burkina Faso,BFA,2011,24.3657894736842,6.4,14.8,81.4,235.67491386243,0.133063992431119,28.3722709055706,6.62256261306693,581.603658737407,16661908.0
Burkina Faso,BFA,2012,24.1829678362573,7.1,15.1,79.2,249.069045065321,0.15032942321544,26.8675103794383,6.45267237953146,600.731343697818,17172287.0
Burkina Faso,BFA,2013,24.0001461988304,7.6,15.4,78.7,258.229706435665,0.171824228532949,24.0957515828697,5.79258484509867,616.741331164082,17695409.0
Burkina Faso,BFA,2014,23.8173245614035,8.3,19.2,78.9,264.949904576004,0.15105767526533,24.9295392471244,4.32684561452976,624.576885187665,18229461.0
Burkina Faso,BFA,2015,23.6345029239766,9.0,16.2,78.8,279.219982120516,0.209618038878152,24.3613757844362,3.9212287937935,630.124750752312,18777487.0
Burkina Faso,BFA,2016,23.4517543859649,9.8,16.6,77.1,271.615575346763,0.203332261693596,24.8815173666488,5.95797670754024,648.420480176012,19334856.0
Burkina Faso,BFA,2017,23.2690058479532,10.6,17.0,74.6,285.313799439353,0.228245053999348,25.1402372200063,6.20348941121868,669.276310328333,19894407.0
Burkina Faso,BFA,2018,23.0862573099415,11.7,14.4,73.7,299.913437292717,0.264797129779167,25.5894433780973,6.60456906812341,694.492813126351,20438288.0
Burkina Faso,BFA,2019,22.9035087719298,12.5,17.6,72.7,302.330693379864,0.271887847085997,27.4259133812459,5.88920497068135,717.021595096634,20961952.0
Burkina Faso,BFA,2020,22.7207602339181,13.5,18.5,73.1,263.88298802906,0.265430526722067,29.4694767840377,2.01077262406221,713.8421779224,21478690.0
Burkina Faso,BFA,2021,22.5380116959064,14.6,19.0,71.2,303.171853475007,0.292658735345638,28.5306243008568,6.94252492572348,745.472563435144,21995243.0
Burkina Faso,BFA,2022,22.3552631578947,15.9,19.5,71.4,312.929085804227,0.288261986140856,26.0439488959765,1.62673258211919,740.306319930259,22509038.0
Burkina Faso,BFA,2023,22.172514619883,17.0,21.7,,,0.272029919860247,25.7539427182556,3.00027415814125,745.405334618409,23025776.0
Burundi,BDI,2000,7.55218068535826,0.3,2.5,93.2,,0.0452072998120304,15.5395706894248,-0.856864058424151,264.154407180223,6470194.0
Burundi,BDI,2001,7.55218068535826,0.3,2.8,94.7,,0.0355422108973504,15.5731910756723,2.05580710835243,262.913885774384,6634365.0
Burundi,BDI,2002,7.55218068535826,0.3,3.1,94.6,,0.0326341870292075,15.8040004931229,4.44651941224797,266.968141648342,6824132.0
Burundi,BDI,2003,7.55218068535826,0.3,3.4,95.8,,0.026280839521612,15.7417123072253,-1.22372796023444,255.500823385612,7043154.0
Burundi,BDI,2004,7.55218068535826,0.2,3.7,96.0,,0.0299699507130413,16.3230191571129,4.83365776809453,258.050009115333,7310656.0
Burundi,BDI,2005,7.55218068535826,0.3,3.2,96.0,,0.0242510542948156,16.9330035986109,0.900000000901912,250.878933475935,7587299.0
Burundi,BDI,2006,7.55218068535826,0.2,2.7,95.3,,0.0292923047818543,15.3152912436064,5.41380714491444,255.105582251925,7865547.0
Burundi,BDI,2007,7.55218068535826,0.2,4.7,95.3,,0.0456757847523743,17.1561942189062,3.44449364663615,254.311725516331,8161874.0
Burundi,BDI,2008,7.55218068535826,0.2,4.8,95.0,,0.0259474981121343,15.415205278109,4.90874190813545,256.012461554496,8505637.0
Burundi,BDI,2009,7.55218068535826,0.2,5.4,94.6,,0.0248556994767115,16.9763256366128,3.7870758305051,252.582019875886,8947646.0
Burundi,BDI,2010,7.55218068535826,0.2,5.3,93.2,,0.034117411675471,15.3861562777509,5.09373697323055,253.308577749924,9376444.0
Burundi,BDI,2011,8.2196261682243,0.2,6.2,92.1,,0.0427455176375168,14.8097338415988,4.02442793864228,254.242110648215,9717978.0
Burundi,BDI,2012,8.88707165109034,0.2,6.5,91.7,,0.0396483854478411,15.791005307553,4.42303118490126,256.180393931874,10071028.0
Burundi,BDI,2013,9.55451713395639,0.2,6.9,90.8,,0.0433169105214592,15.5846860549996,4.92392485117456,259.311117203355,10439341.0
Burundi,BDI,2014,10.2219626168224,0.2,7.0,91.3,,0.0375470437605934,15.4515364871187,4.24490803087248,261.296721752002,10799785.0
Burundi,BDI,2015,10.8894080996885,0.2,7.9,91.2,,0.0393751391707505,15.4180338407269,-0.404525595204191,254.402585226788,11047580.0
Burundi,BDI,2016,10.8894080996885,0.2,8.5,89.6,,0.043231648947978,16.9063592990669,3.20017470604286,258.061970808946,11239451.0
Burundi,BDI,2017,10.8894080996885,0.2,9.3,88.2,,0.0474764316842566,16.9790944347346,3.83185756925806,261.725839288764,11506762.0
Burundi,BDI,2018,10.8894080996885,0.2,9.5,85.7,,0.0654752338347002,17.9191253800086,5.3422447312502,267.508692172687,11859446.0
Burundi,BDI,2019,10.8894080996885,0.15,9.8,84.8,,0.0624381085920451,17.5450876204546,4.45934202358784,270.411005710809,12255336.0
Burundi,BDI,2020,10.8894080996885,0.1,9.1,83.4,,0.0733769801401851,16.3339922370636,0.306443809481593,263.463876356897,12617036.0
Burundi,BDI,2021,10.8894080996885,0.1,10.2,83.1,,0.0692145551715359,17.1450267497716,3.23707479823578,264.682651664249,12965481.0
Burundi,BDI,2022,10.8894080996885,0.2,10.3,83.0,,0.0698215770067585,16.933802359546,2.31770122223331,263.587550051638,13321097.0
Burundi,BDI,2023,10.8894080996885,0.1,11.6,,,0.0693599815916636,18.155774589029,3.254768974261,264.843307950214,13689450.0
Cabo Verde,CPV,2000,9.8560794044665,62.3,58.6,27.9,,0.618110505452035,21.7471907808972,14.2848688450919,2037.31720912714,453317.0
Cabo Verde,CPV,2001,9.93052109181141,62.7,60.3,26.0,,0.705637496116604,19.1640713762081,2.23165454528898,2051.21733888102,460293.0
Cabo Verde,CPV,2002,10.0049627791563,63.0,58.6,26.0,,0.773585471238379,19.0535136023722,5.25089116960211,2127.70872296502,467046.0
Cabo Verde,CPV,2003,10.0794044665012,63.6,63.7,24.8,,0.767243437132301,18.5259962998519,4.17625932578332,2186.89500422765,473383.0
Cabo Verde,CPV,2004,10.1538461538462,64.4,65.4,24.4,185.660345870622,0.81252477209671,18.2180833159781,10.197072633926,2379.79636224135,479370.0
Cabo Verde,CPV,2005,10.2282878411911,65.1,67.0,23.9,204.075322346248,1.25186811374623,19.2110778495222,6.91245795720201,2514.16779255327,485115.0
Cabo Verde,CPV,2006,10.302729528536,66.0,68.8,21.2,207.854452975987,1.34616325133271,19.0922781266815,7.98375044795048,2683.83943856892,490728.0
Cabo Verde,CPV,2007,10.3771712158809,66.8,70.5,21.0,207.581773111107,1.50950240835164,14.0115441145192,15.1706879735517,3056.97102851154,496190.0
Cabo Verde,CPV,2008,10.4516129032258,67.9,72.3,23.8,,1.44687895802376,15.4815103318879,7.03901129565128,3238.44159287498,501355.0
Cabo Verde,CPV,2009,10.5260545905707,68.9,74.1,22.1,,1.3990172698912,15.9694598343425,-1.50358672385678,3159.58698693977,506141.0
Cabo Verde,CPV,2010,10.6004962779156,69.9,81.1,21.2,,1.47081901354299,14.9414577543955,1.83641914989978,3194.61667734233,509784.0
Cabo Verde,CPV,2011,10.6749379652605,71.1,82.3,20.8,,1.70437992597473,14.5699784845003,3.92471821338283,3309.20121643898,511447.0
Cabo Verde,CPV,2012,10.7493796526055,71.8,83.2,24.3,,1.46106591399635,14.00680796227,1.08364848376166,3341.7421054836,511955.0
Cabo Verde,CPV,2013,10.8238213399504,73.1,84.3,25.9,,1.42808336180389,14.5782787253826,0.632136727385131,3361.09387702205,512225.0
Cabo Verde,CPV,2014,10.8982630272953,74.3,85.3,26.1,,1.51095201102423,15.4556956659682,0.696666840118581,3383.8422809791,512326.0
Cabo Verde,CPV,2015,10.9727047146402,75.3,86.4,26.4,,1.54334359887118,14.6158909934146,0.936026507808833,3415.06266730931,512394.0
Cabo Verde,CPV,2016,11.0471464019851,76.6,87.5,23.9,,1.62012197739165,12.6668493291087,4.28071482662371,3560.1400729534,512554.0
Cabo Verde,CPV,2017,11.12158808933,77.7,88.6,21.8,,1.73155024537282,12.5188038438799,4.5513148102974,3719.71306047915,512893.0
Cabo Verde,CPV,2018,11.1960297766749,78.9,90.2,21.9,,1.55059746988304,14.6286899740782,3.70696458310842,3853.67940035241,513415.0
Cabo Verde,CPV,2019,11.2704714640199,79.7,91.4,19.7,,1.62982587180804,13.2851974278212,6.94782634051859,4115.90283469406,514104.0
Cabo Verde,CPV,2020,11.3449131513648,81.0,93.7,23.4,,1.22076090145508,14.6866327211119,-20.8052758990735,3255.93628984058,514679.0
Cabo Verde,CPV,2021,11.4193548387097,82.1,95.5,22.6,,1.2540428801759,12.5191470013199,7.03353010694514,3471.6553421786,516649.0
Cabo Verde,CPV,2022,11.4937965260546,83.0,97.1,21.8,,1.3085363671521,11.0789238411144,15.843675684642,3997.76763250653,519741.0
Cabo Verde,CPV,2023,11.5682382133995,83.9,98.6,,,1.24595323654924,10.9776694022766,4.7947613911073,4168.67748407593,522331.0
Cambodia,KHM,2000,61.0752322682982,3.4,16.6,81.6,273.111060087066,0.160595894702245,21.6455986512559,9.99358032292079,598.561915252147,12462336.0
Cambodia,KHM,2001,60.9665930206209,4.0,9.5,80.5,276.164207089023,0.172816902877153,23.2646257907737,7.38971065070517,632.833573980849,12658484.0
Cambodia,KHM,2002,60.8579537729436,4.6,13.1,81.0,272.095279032918,0.17486253272109,25.3793058382166,6.26507280509637,662.188341283454,12855241.0
Cambodia,KHM,2003,60.7493145252663,5.2,19.3,79.9,275.5985706572,0.18528127568775,26.3428745441044,10.2836813071691,719.333494240509,13050968.0
Cambodia,KHM,2004,60.6406752775889,5.9,14.2,80.7,279.272336910563,0.182676416757728,27.6802685813967,9.45769481103929,775.847139030978,13244731.0
Cambodia,KHM,2005,60.5320360299116,6.6,20.5,79.2,286.390391082312,0.201001517798453,27.4192470160455,13.3033338358455,866.340290123209,13439202.0
Cambodia,KHM,2006,60.4233967822343,7.5,27.5,78.0,289.726360027538,0.220536243491838,29.0700225848228,10.9433600681694,947.065220050691,13639028.0
Cambodia,KHM,2007,60.314757534557,8.4,20.2,74.8,298.213771742013,0.267119017293309,28.1400350776131,10.398458101201,1030.23117620792,13841770.0
Cambodia,KHM,2008,60.2061182868797,9.2,26.4,74.1,296.389616055637,0.291564814662618,26.0495966887473,7.47636606631011,1090.57475806147,14053479.0
Cambodia,KHM,2009,60.0974790392024,10.3,25.6,68.0,311.4624062289,0.341665960393113,25.5665162922046,4.07477850599065,1117.25834194514,14276810.0
Cambodia,KHM,2010,59.988839791525,11.7,31.1,64.8,323.255970747488,0.355795978766856,26.0088985136981,5.07691843229247,1155.85236856699,14500726.0
Cambodia,KHM,2011,58.0146612281894,13.1,37.4,64.0,325.063800981871,0.364412931860331,26.6606926732023,7.28665813879552,1221.38839852454,14722584.0
Cambodia,KHM,2012,56.0404826648538,14.7,42.3,64.4,334.025964498856,0.376906521441665,27.6110297650086,7.65025657870362,1295.25271477893,14945085.0
Cambodia,KHM,2013,54.0663041015182,16.4,50.9,65.0,337.778887518004,0.375413441925121,28.9581198037895,7.8574997554252,1376.29557595926,15170208.0
Cambodia,KHM,2014,52.0921255381826,18.5,56.1,63.7,359.949524640373,0.456810037844296,29.9169916479613,8.00032074618566,1464.53115866927,15396772.0
Cambodia,KHM,2015,50.117946974847,21.1,62.7,60.6,379.745573981888,0.54531544042914,31.4639051712341,7.20703472529512,1547.32010444393,15623251.0
Cambodia,KHM,2016,49.2359506004985,23.8,68.8,58.0,412.747652430932,0.668405454858677,33.0562094608004,7.90550116130704,1645.46671578126,15852803.0
Cambodia,KHM,2017,48.35395422615,27.1,89.1,56.3,418.953616262105,0.735875459113371,34.2980809169165,8.07503915535979,1753.93530504662,16073372.0
Cambodia,KHM,2018,47.4719578518015,31.1,80.7,58.1,440.94962587052,0.756550637862052,36.8714237524226,8.77622376224463,1884.28374817086,16274522.0
Cambodia,KHM,2019,46.589961477453,35.5,84.0,53.0,489.36782496618,0.953249815669925,39.0455946521572,7.93695013588524,2008.32094006706,16481304.0
Cambodia,KHM,2020,45.7079651031045,40.6,86.4,51.4,516.116717657277,1.1140611022444,37.4576122779361,-3.55572193406549,1908.63427518336,16725474.0
Cambodia,KHM,2021,44.825968728756,46.3,82.5,52.4,501.330977178892,1.08885754085366,40.3205085730071,3.08984284148661,1938.76436741728,16974305.0
Cambodia,KHM,2022,43.9439723544074,52.15,92.3,,501.644136152087,1.06878240808886,40.8649626222158,5.12990110773977,2011.27433313262,17201724.0
Cambodia,KHM,2023,43.0619759800589,58.0,95.0,,,1.08564797278218,40.5173741615592,5.00733043811898,2085.05748462122,17423880.0
Cameroon,CMR,2000,45.6886674705422,10.0,41.0,84.6,425.839473286279,0.383989921027349,28.4827009917297,3.83241779430614,1151.27689302947,14912631.0
Cameroon,CMR,2001,45.541217659876,10.8,46.2,85.3,419.668248263033,0.372337680745734,26.1843316001578,4.32426119221549,1169.92670464984,15309490.0
Cameroon,CMR,2002,45.3937678492099,11.8,44.0,85.2,429.502648089236,0.357348891560271,27.4755881959079,4.47702683369155,1189.96707897027,15725528.0
Cameroon,CMR,2003,45.2463180385437,12.7,45.1,85.3,435.147080636702,0.354943027188784,28.4233912786935,5.45315368881347,1221.09446141454,16160340.0
Cameroon,CMR,2004,45.0988682278776,13.7,47.1,85.5,437.082365532497,0.33936994141111,27.6768854698155,7.04886281858374,1271.74326874167,16610487.0
Cameroon,CMR,2005,44.9514184172114,14.6,47.2,86.3,428.539594062507,0.320435144753662,27.9657412557505,2.22827020924117,1264.74345218659,17074594.0
Cameroon,CMR,2006,44.8039686065452,15.6,49.0,85.5,385.035153073309,0.317753314780677,28.704565046287,3.80958327566137,1277.32990712342,17550407.0
Cameroon,CMR,2007,44.6565187958791,16.5,48.2,80.8,352.800578879997,0.373237607574027,27.1251768898711,4.32758900972871,1295.73067471287,18049896.0
Cameroon,CMR,2008,44.5090689852129,17.5,50.6,80.8,345.872865150161,0.3805792337441,27.6000470998579,2.8476778892105,1295.02211276052,18574056.0
Cameroon,CMR,2009,44.3616191745468,18.4,51.7,79.2,363.548840943917,0.403568614250496,26.5112531811637,2.57925177738754,1290.89961351149,19113974.0
Cameroon,CMR,2010,44.2141693638806,19.2,52.8,78.7,356.141255871575,0.398005579196246,25.8445117305141,2.89902472122014,1290.9013745759,19668066.0
Cameroon,CMR,2011,44.0957034968585,20.0,53.7,78.6,363.1696926603,0.367209784906356,25.7767597299444,3.37921128506045,1297.3064962694,20232304.0
Cameroon,CMR,2012,43.9772376298365,20.8,55.2,78.6,368.67461829541,0.360945218894671,26.624872181086,4.62597872209571,1319.66961634054,20809529.0
Cameroon,CMR,2013,43.8587717628144,21.4,56.3,77.7,375.371615915553,0.382158504270741,26.7419459294765,4.99552916130783,1347.2130636706,21402376.0
Cameroon,CMR,2014,43.7403058957923,22.1,56.8,76.9,395.092656580176,0.402109837976095,25.7078027839026,5.71981814509198,1381.81938454907,22059893.0
Cameroon,CMR,2015,43.6218400287703,22.8,58.6,78.1,402.983607731397,0.403515922523748,25.0914880063978,5.66695298703932,1415.00009710569,22763414.0
Cameroon,CMR,2016,43.5033741617482,23.6,59.8,78.8,400.082970120892,0.413632361438979,24.1821445706245,4.53579423678801,1435.61830727839,23454161.0
Cameroon,CMR,2017,43.3849082947262,24.35,60.9,79.2,392.776292653391,0.408780434472765,24.2621952863109,3.54117654926007,1444.90682916573,24128601.0
Cameroon,CMR,2018,43.2664424277041,25.3,62.2,78.7,392.392157002433,0.425229264580814,24.6822312095632,3.95551423892049,1461.01969999317,24806383.0
Cameroon,CMR,2019,43.147976560682,26.3,63.2,78.9,387.419411707774,0.402691984014017,23.826878053897,3.47505998194981,1470.31785276187,25506095.0
Cameroon,CMR,2020,43.02951069366,27.4,64.3,78.9,386.883842275205,0.39632883817277,23.0380654380784,0.259932915907115,1434.51913723409,26210558.0
Cameroon,CMR,2021,42.9110448266379,28.4,65.4,79.2,385.081685358061,0.384499667443882,24.4925542356924,3.33885747179505,1443.57600237663,26915758.0
Cameroon,CMR,2022,42.7925789596158,29.4,71.0,,384.104863153688,0.377591519866032,27.1303593377196,3.7367840056412,1458.66180431693,27632771.0
Cameroon,CMR,2023,42.6741130925938,30.7,72.0,,,0.364184752751828,25.1308706019034,3.34756290750219,1468.17837007337,28372687.0
Canada,CAN,2000,38.7929818338782,100.0,100.0,20.3,8224.74786425172,17.6990281801997,29.5000375204667,5.1385391803606,37906.8601321366,30685730.0
Canada,CAN,2001,38.7876307080739,100.0,100.0,19.8,8017.16666642228,17.2263337035681,28.4475354619999,1.87509810696022,38200.456120621,31020855.0
Canada,CAN,2002,38.7822795822695,100.0,100.0,20.1,7943.44588697183,17.6683722055528,27.5731410327833,2.99925535017809,38921.6673033743,31359199.0
Canada,CAN,2003,38.7769284564652,100.0,100.0,19.7,8303.4318789013,18.1301542885681,27.9074104477255,1.80638512302554,39270.0234577749,31642461.0
Canada,CAN,2004,38.7715773306609,100.0,100.0,20.4,8371.02231862308,17.5256514747091,28.3911197223378,3.09236384292251,40108.7587456658,31938807.0
Canada,CAN,2005,38.7662262048566,100.0,100.0,21.6,8369.95929648006,18.0601166179094,29.2129915241778,3.21045439063563,41006.2229523971,32242732.0
Canada,CAN,2006,38.7608750790522,100.0,100.0,21.5,8427.44174185883,17.6443460330114,28.8475544811015,2.63794375007348,41663.5123057295,32571193.0
Canada,CAN,2007,38.7555239532479,100.0,100.0,21.6,8356.30636250042,18.0804998989628,28.6859019053535,2.04990463726786,42106.8724378248,32888886.0
Canada,CAN,2008,38.7501728274436,100.0,100.0,21.6,8098.35289361915,17.3072079421311,29.3420195046589,0.995406301140747,42067.5687072607,33247298.0
Canada,CAN,2009,38.7448217016393,100.0,100.0,22.2,7696.33407281264,16.140062037934,25.0760182112778,-2.91508621550267,40376.4153847836,33630069.0
Canada,CAN,2010,38.7394705758349,100.0,100.0,21.4,7660.75452103288,16.5297747432196,26.3511331619895,3.09080634469335,41164.3399119626,34005902.0
Canada,CAN,2011,38.7348640747569,100.0,100.0,21.5,7716.24822782698,16.7674945217889,27.1393405983891,3.13719442170364,42043.6419795513,34339221.0
Canada,CAN,2012,38.7302575736789,100.0,100.0,21.8,7637.78487245197,16.3390529794046,26.6346687974256,1.75566129145483,42320.6431330726,34713395.0
Canada,CAN,2013,38.7256510726009,100.0,100.0,22.2,7668.79466344868,16.396768369606,26.6132351758366,2.32581354806429,42851.170527104,35080992.0
Canada,CAN,2014,38.7210445715229,100.0,100.0,22.2,7780.1475931021,16.3774543965685,27.1379424601872,2.87346677785811,43643.2356440047,35434066.0
Canada,CAN,2015,38.7164380704449,100.0,100.0,22.3,7690.40816617685,16.0870291468599,24.4156825468916,0.649971001734855,43594.1941045394,35704498.0
Canada,CAN,2016,38.7120133755838,100.0,100.0,22.1,7944.50789345873,15.8982424179268,23.2953005455848,1.03855092490855,43551.3425975115,36110803.0
Canada,CAN,2017,38.7078876013737,100.0,100.0,22.8,8175.19037647623,16.196245321702,24.0278028870792,3.03383491200222,44339.3886689254,36545075.0
Canada,CAN,2018,38.7037629425392,100.0,100.0,22.3,8161.77967501099,16.5238820455635,24.6223059554353,2.74296344906655,44907.3436912123,37072620.0
Canada,CAN,2019,38.6996371683291,100.0,100.0,22.4,8125.58121311618,16.190860373335,24.0774078769413,1.90843194590616,45100.2915069262,37618495.0
Canada,CAN,2020,38.6955125094946,100.0,100.0,23.9,7495.07932297849,14.4219048812634,22.4516173195,-5.03823343468899,42366.1285377884,38028638.0
Canada,CAN,2021,39.4701279256318,100.0,100.0,23.8,7524.86361233157,14.6897593568847,25.3317475177596,5.95052802804381,44639.193269037,38239864.0
Canada,CAN,2022,39.4659199995449,100.0,100.0,,7578.02093601237,14.7892997763968,,4.18903628100851,45677.686578804,38935934.0
Canada,CAN,2023,39.4617117321106,100.0,100.0,,7336.06703531427,14.1478944295361,,1.52874550838358,45048.2842408265,40083484.0
Caribbean small states,CSS,2000,90.9667714113961,94.4851347583772,88.4159289818663,11.3438453713123,,6.18566316560543,25.3383761305364,4.69150491054475,10510.8694258103,3956229.0
Caribbean small states,CSS,2001,90.927005032349,94.7450832901314,90.4855336740834,10.4633576642336,,6.7832981823572,24.1147739933136,2.10316136448954,10648.8703596983,3987087.0
Caribbean small states,CSS,2002,90.8872386533018,95.0320155091226,90.809112704402,10.9455765407555,,7.10349567382868,23.5609431251789,3.9850481450781,10985.8632347623,4018796.0
Caribbean small states,CSS,2003,90.8474722742547,95.2647900142928,91.0018718387357,10.0274405050996,,7.92816077057707,28.0473584299401,6.09993647177596,11563.3614779162,4050990.0
Caribbean small states,CSS,2004,90.8077058952076,95.4578957248364,91.2894647290611,10.0686854460094,4055.21834361878,8.36697039064895,30.1818106798697,4.66068583586366,12014.5670017555,4080569.0
Caribbean small states,CSS,2005,90.7679395161605,95.6222043241236,90.8157874812198,8.82919141160347,4689.43000938639,9.97526094785784,33.7894934258021,4.39522842972688,12638.9654635453,4049468.0
Caribbean small states,CSS,2006,90.7281731371134,95.8306714897314,91.9463978625701,9.42070063694267,5122.88564753561,10.8026680553479,35.476159469903,7.83209779101442,13550.3562471238,4072929.0
Caribbean small states,CSS,2007,90.6884067580663,95.9724955871823,93.0816054727479,8.52536082474227,5373.67067488637,11.0452065271887,35.3463513086064,3.84674166509373,13982.598007093,4098855.0
Caribbean small states,CSS,2008,90.6486403790192,96.1267637357496,93.4441294061575,8.71866048862679,,10.8484530539161,40.3637318877745,1.69966604699709,14130.2413806317,4124966.0
Caribbean small states,CSS,2009,90.608873999972,96.2321575471213,92.9152943922676,8.57920034028073,,10.4818805570138,31.7624006992937,-3.39231957790483,13578.6986655384,4146899.0
Caribbean small states,CSS,2010,90.5691076209249,96.3488698367133,94.1815124594599,7.763243873979,,11.4353149219988,32.7784870940704,1.85821449903838,13743.4073853565,4173335.0
Caribbean small states,CSS,2011,90.484972923206,96.4731134912774,94.1276818467132,8.84632068164214,,11.278360679697,35.5628234850052,0.886353024582334,13773.5645177114,4201107.0
Caribbean small states,CSS,2012,90.4008382254871,96.5608907293343,95.2543113839721,7.93956806787505,,10.6508420944342,31.1426320241695,4.03485699947825,14236.6654344554,4228445.0
Caribbean small states,CSS,2013,90.3167035277681,96.6247383905139,95.5637395418446,6.8601581027668,,10.4297831543079,30.4030380275484,1.37522571423916,14333.3457750583,4257682.0
Caribbean small states,CSS,2014,90.2325688300492,96.7029961418821,95.8432196458407,6.01613766730402,,10.4323620929298,29.5321625482472,2.59149738961506,14605.7774648313,4286546.0
Caribbean small states,CSS,2015,90.1484341323303,96.7431580335687,96.2001948453372,6.1973602484472,,10.3162562807256,24.7502642396391,-0.100918343775831,14497.5393236017,4314191.0
Caribbean small states,CSS,2016,90.0676618114364,96.7846443707497,96.6656867832991,6.68268450932684,,9.75370928698628,24.180767605956,-3.08019901728429,13963.1395387692,4341333.0
Caribbean small states,CSS,2017,89.9970268057463,96.8152174002666,97.0542900594117,7.41293833131802,,9.31910108242063,25.2121785186899,-0.745458058997372,13780.3075342487,4366140.0
Caribbean small states,CSS,2018,89.9140212644238,96.8253044814276,97.0878277080481,7.1973830973831,,9.21371394967577,25.4666364934236,1.21087866602529,13815.7947601283,4407658.0
Caribbean small states,CSS,2019,89.8309404460082,96.8535261146749,97.3685903913769,5.88822815533981,,9.57560586739,24.3964525899627,0.875117819991502,13825.4223050228,4443134.0
Caribbean small states,CSS,2020,89.7479349046858,96.8179657488997,97.9333626877032,6.28843567906768,,8.74085226791099,24.3719958619709,-9.0291630332097,12531.5018423504,4459302.0
Caribbean small states,CSS,2021,89.6648789277109,96.8005600594932,98.174699090255,,,8.53848494597321,29.2764972873304,6.53181248270917,13290.8289489771,4479167.0
Caribbean small states,CSS,2022,89.581856825428,96.7487530990748,98.3064221501297,,,8.59213618807687,36.151204786258,14.8851030062619,15207.5837552377,4497310.0
Caribbean small states,CSS,2023,,96.685309422501,99.168477538461,,,8.14450926391357,32.4926117797987,8.83833676011841,16468.9430284866,4519904.0
Cayman Islands,CYM,2000,53.875,,100.0,0.0,,3.32963653778293,,,,39674.0
Cayman Islands,CYM,2001,53.7875,,100.0,0.0,,3.1833337389569,,,,41089.0
Cayman Islands,CYM,2002,53.7,,100.0,0.0,,3.36830220633203,,,,42514.0
Cayman Islands,CYM,2003,53.6125,,100.0,0.0,,3.43242135931169,,,,43934.0
Cayman Islands,CYM,2004,53.525,,100.0,0.0,,3.08475921679308,,,,45352.0
Cayman Islands,CYM,2005,53.4375,,100.0,0.0,,3.14396853894161,,,,46788.0
Cayman Islands,CYM,2006,53.35,,100.0,0.0,,3.4105987725991,9.82859311015743,,96066.629965728,48232.0
Cayman Islands,CYM,2007,53.2625,,100.0,0.0,,4.13387807676052,9.65080208027573,3.16262533840754,96202.7389296237,49687.0
Cayman Islands,CYM,2008,53.175,,100.0,0.0,,4.35768606674356,9.08453134393436,-0.357401372925935,93115.3176374189,51151.0
Cayman Islands,CYM,2009,53.0875,,100.0,0.0,,4.32551598312365,7.90355933394894,-7.20048278238133,84001.4219797545,52618.0
Cayman Islands,CYM,2010,53.0,,100.0,0.0,,4.56940054344812,7.06530749303623,-2.71563682344265,79483.0963975025,54099.0
Cayman Islands,CYM,2011,53.0,,100.0,0.0,,3.58954069704708,6.81332422400659,1.16906269526342,78233.0182694571,55606.0
Cayman Islands,CYM,2012,53.0,,100.0,0.0,,3.34290114813778,6.85794611515241,1.22975368307725,77074.3886285602,57136.0
Cayman Islands,CYM,2013,53.0,,100.0,0.0,,3.69448469866167,6.92395107976706,1.2793305928175,76038.8787807923,58655.0
Cayman Islands,CYM,2014,53.0,,100.0,0.0,,3.85804521276596,6.89618179181609,2.65452932151371,76104.621790038,60160.0
Cayman Islands,CYM,2015,53.0,,100.0,0.0,,4.07027675935239,7.00603914795633,2.83312242670048,76379.2098777987,61642.0
Cayman Islands,CYM,2016,53.0,,100.0,0.0,,4.17115689381933,7.28391318982217,3.23997361448569,77031.864216869,63100.0
Cayman Islands,CYM,2017,53.0,,100.0,0.0,,4.35422638878128,7.19381923258219,3.18404730726789,77717.1760762284,64535.0
Cayman Islands,CYM,2018,53.375,,100.0,0.0,,4.68904020260536,7.41439057356221,4.26726567162505,79305.7692066005,65941.0
Cayman Islands,CYM,2019,53.0,,100.0,0.0,,5.84460914640486,7.70795298167285,3.91563637725301,80714.5721513481,67327.0
Cayman Islands,CYM,2020,53.0,,100.0,0.0,,4.83227534797042,8.13491587686282,-4.95480732200573,75199.6446248648,68684.0
Cayman Islands,CYM,2021,52.75,,100.0,0.0,,4.48023050151195,8.36764213758581,4.86941655353661,77259.6331345061,70108.0
Cayman Islands,CYM,2022,52.6666666666667,,100.0,0.0,,5.00342221787655,8.08055165134334,5.77566708028824,80029.0319676823,71591.0
Cayman Islands,CYM,2023,52.4720833333333,,100.0,,,4.92072619732194,7.84424780332668,5.8155918263088,83005.4838305223,73038.0
Central African Republic,CAF,2000,36.7636200199043,0.6,6.0,88.9,,0.0668855141210868,,-2.48943244028874,437.168928414826,3833416.0
Central African Republic,CAF,2001,36.715464380879,0.6,5.7,88.9,,0.0697029993976253,,4.46473902640867,446.658634192083,3919487.0
Central African Republic,CAF,2002,36.6673087418537,0.5,6.1,89.2,,0.069694117212425,,3.61654219150596,452.808702217035,4006077.0
Central African Republic,CAF,2003,36.6191531028283,0.5,6.6,90.2,,0.0644393025152288,,-5.39748521855877,418.240532289858,4103086.0
Central African Republic,CAF,2004,36.570997463803,0.5,7.0,90.6,,0.0611282223493176,,5.99488422798696,433.825227770233,4192826.0
Central African Republic,CAF,2005,36.5228418247777,0.5,7.4,91.0,,0.0588974564039908,,0.908210514871953,427.968043155237,4288810.0
Central African Republic,CAF,2006,36.4746861857524,0.5,7.8,90.8,,0.0611753665667713,,4.77108543044105,439.294330902768,4377579.0
Central African Republic,CAF,2007,36.426530546727,0.5,8.4,90.9,,0.0600972042027709,,4.60753485452025,450.762785401893,4462770.0
Central African Republic,CAF,2008,36.3783749077017,0.5,7.5,93.6,,0.0439790970970725,,2.05413096200485,450.313616886022,4558984.0
Central African Republic,CAF,2009,36.3302192686764,0.5,9.4,93.9,,0.0431878936120557,24.5736807244034,8.58726042640994,492.215398914836,4529047.0
Central African Republic,CAF,2010,36.282063629651,0.5,9.8,93.8,,0.044491480627065,24.5099241422375,4.63081843223307,519.141456408484,4492995.0
Central African Republic,CAF,2011,36.2339079906257,0.5,10.4,93.3,,0.0476449067813708,26.6383554299084,4.19461533741989,532.38295493852,4565021.0
Central African Republic,CAF,2012,36.1857523516004,0.6,11.0,93.1,,0.047952133750668,27.5230753744847,5.05376125356918,553.729578314912,4610848.0
Central African Republic,CAF,2013,36.137596712575,0.6,11.5,95.1,,0.0320522555159282,24.1910676004515,-36.3919770983887,349.821171688973,4642419.0
Central African Republic,CAF,2014,36.0894410735497,0.6,12.0,94.8,,0.0349759105308854,19.4826086120024,0.0810705153264877,351.561554911625,4623182.0
Central African Republic,CAF,2015,36.0412854345244,0.6,12.7,92.9,,0.0504177719405874,22.1252513485047,4.33712103020231,366.322853938121,4629320.0
Central African Republic,CAF,2016,35.9931297954991,0.7,13.4,92.1,,0.0533555326292949,21.6382374370791,4.75031684122342,376.858254120398,4713663.0
Central African Republic,CAF,2017,35.9449741564737,0.7,14.1,91.6,,0.0552204845258517,20.7372245546503,4.52727821346231,387.35795131742,4793511.0
Central African Republic,CAF,2018,35.8968185174484,0.7,14.6,91.4,,0.0601599989505309,20.5557559569889,3.78944359275462,395.020015455909,4878657.0
Central African Republic,CAF,2019,35.8486628784231,0.8,14.3,91.3,,0.0611563525655636,20.5119712162628,3.09999999999999,401.82582161435,4944703.0
Central African Republic,CAF,2020,35.8005072393977,0.8,15.4,90.9,,0.0633426623175616,20.4481887695507,0.899999996857062,398.834274122139,5026628.0
Central African Republic,CAF,2021,35.7523516003724,0.9,15.7,90.9,,0.0631247432561961,21.5873200020514,0.982919996264229,396.020622931961,5112100.0
Central African Republic,CAF,2022,35.7041959613471,1.0,15.7,90.9,,0.0632596180609838,21.157300000739,0.453901876447787,398.91539795642,5098039.0
Central African Republic,CAF,2023,35.6560403223217,1.0,17.6,,,0.0645327701288385,20.7068173193684,0.69996840076054,397.467795750451,5152421.0
Central Europe and the Baltics,CEB,2000,32.4694719942369,100.0,97.9262635329594,9.93462832051322,2381.7789875388,7.03890471790379,28.8746540505293,3.94604998247554,7450.86082262,108447824.0
Central Europe and the Baltics,CEB,2001,32.5934628030289,100.0,98.0235379735737,9.886920662836,2463.92432408414,7.20435542096812,28.6136572822253,3.00541163057468,7730.94875575432,107660041.0
Central Europe and the Baltics,CEB,2002,32.7669761324899,100.0,98.1415583203817,10.1651233390795,2488.20279463695,7.09742209478405,28.2292798238016,3.54243996924046,8057.22231935461,106959751.0
Central Europe and the Baltics,CEB,2003,32.8893064010782,100.0,98.1907968950416,10.2752610927543,2575.75689670154,7.42976308551137,28.4513975696766,3.99687092421381,8405.63159028509,106624167.0
Central Europe and the Baltics,CEB,2004,33.0101869464626,100.0,98.26792983008,10.7849700389784,2585.0570772537,7.42881926216633,29.4176847395587,5.87404889000118,8923.85904704259,106331716.0
Central Europe and the Baltics,CEB,2005,33.1388507968216,100.0,98.3206998410279,11.281127395073,2629.49750034566,7.44169350173254,29.5104721825403,4.90983938008229,9387.59188976247,106041911.0
Central Europe and the Baltics,CEB,2006,33.2639312747045,100.0,98.4242817808159,11.1059202329456,2703.24241265251,7.68161711173249,30.038049615431,6.64053519444492,10036.4787965852,105772481.0
Central Europe and the Baltics,CEB,2007,33.39143984532,100.0,98.5276446395055,11.3862829485805,2711.3043952263,7.76060463348834,30.1613466826005,6.33886223547218,10712.5543317673,105378748.0
Central Europe and the Baltics,CEB,2008,33.5162027850483,100.0,98.668856546125,12.1782191475117,2714.57232709977,7.59072482538242,30.0921617074469,3.96228066394433,11176.9879548804,105001883.0
Central Europe and the Baltics,CEB,2009,33.6099419487253,100.0,98.8586601186684,13.7392384371762,2531.74340604357,6.95809441703389,29.7823364097417,-3.62226734473313,10792.8296963649,104800475.0
Central Europe and the Baltics,CEB,2010,33.7345916725294,100.0,98.9644271545097,14.5716532675985,2657.48197415251,7.2660102095693,29.8123679649624,1.5384784947519,10998.6534832885,104421447.0
Central Europe and the Baltics,CEB,2011,33.8641778866139,100.0,99.0682987223746,14.7499600707318,2658.75435879536,7.29945689539269,30.5763563689949,3.60060363619606,11421.7332703753,104174038.0
Central Europe and the Baltics,CEB,2012,34.0007102947542,100.0,99.2028356897417,15.6926044784711,2585.09598428927,7.05399470144635,29.6263424045918,0.837956413944042,11544.5427262519,103929494.0
Central Europe and the Baltics,CEB,2013,34.099423226925,100.0,99.3084773841306,16.6612114024685,2544.19963483215,6.8403502548835,28.4226806345975,0.667866777557364,11661.9769238564,103570062.0
Central Europe and the Baltics,CEB,2014,34.2084078995082,100.0,99.410769462163,17.0702957655506,2486.69110195474,6.68351960958198,29.3029778023147,3.26201255415126,12076.1572564969,103280478.0
Central Europe and the Baltics,CEB,2015,34.3399778411909,100.0,99.5384709863299,17.1594982078853,2528.22006328076,6.80725105793823,29.5197045389204,4.00166179134685,12596.8862547468,102973167.0
Central Europe and the Baltics,CEB,2016,34.3939142269346,100.0,99.6459138297945,16.8577627377285,2589.29903149768,6.92630565139744,29.0047542211158,2.80726176295552,12991.54601565,102647939.0
Central Europe and the Baltics,CEB,2017,34.4710840221623,100.0,99.8736866830469,16.4703987047156,2707.96339038787,7.21192322255358,28.0127633407988,5.1071317914476,13696.463585633,102337501.0
Central Europe and the Baltics,CEB,2018,34.5008820276483,100.0,99.8763758983526,18.1476863313142,2762.10272447413,7.20834934578621,27.8141950960378,4.95337799401428,14411.9811999448,102074201.0
Central Europe and the Baltics,CEB,2019,34.5318870374642,100.0,99.9480349626799,18.8601539560352,2699.50660805025,6.8563164746062,27.5220760553456,4.03229063844108,15024.0127296269,101864274.0
Central Europe and the Baltics,CEB,2020,34.5592847264491,100.0,99.98058396497,19.6977838168354,2621.63600452965,6.45697745715754,27.0580601426803,-3.30111999071748,14621.1363727276,101215763.0
Central Europe and the Baltics,CEB,2021,34.5892800367668,100.0,99.9870121182289,,2806.97546373865,7.0248875583285,26.598984680488,6.57225386036488,15739.1352320017,100205732.0
Central Europe and the Baltics,CEB,2022,34.6188570565974,100.0,100.0,,2683.1570949953,6.77183501445676,27.3806317184565,4.04227221314891,16397.2583916271,100071871.0
Central Europe and the Baltics,CEB,2023,,100.0,100.0,,2527.170728517,6.09126991078499,27.6367264096285,0.70736329484285,16494.8126887526,100183707.0
Chad,TCD,2000,5.0452668360864,2.7,3.1,88.7,241.652052714378,0.0282421726360368,10.9126742297265,-0.879681024403922,530.600331270541,8512093.0
Chad,TCD,2001,4.97990787801779,2.6,3.4,88.6,242.464236204338,0.0276234182980612,13.0831347755703,11.6581346546737,572.806706828797,8804124.0
Chad,TCD,2002,4.91454891994917,2.4,3.8,88.5,240.376196903121,0.0289046128032407,14.2598695954881,8.49120981920397,600.171451974641,9116192.0
Chad,TCD,2003,4.84918996188056,2.3,4.1,83.9,237.538539726345,0.0418746830809522,30.0655483375136,14.7216670128899,661.556916681677,9487833.0
Chad,TCD,2004,4.78383100381194,2.3,3.5,84.0,224.324118812548,0.0459171720747788,39.0982018059117,33.6293718505196,845.518131173419,9920036.0
Chad,TCD,2005,4.71847204574333,2.3,4.8,83.8,228.51576486102,0.04656232729143,39.9644961738127,17.3325337353466,952.871910097036,10328092.0
Chad,TCD,2006,4.65311308767471,2.2,5.1,83.7,224.010107053053,0.0464674292742376,39.4591190324475,-0.542829570704413,914.210664598894,10706424.0
Chad,TCD,2007,4.5877541296061,2.3,5.5,82.4,218.838867716358,0.0512558587792804,41.0245051426906,4.20017418206496,920.352815674967,11081660.0
Chad,TCD,2008,4.52239517153748,2.4,5.9,79.8,217.080678711419,0.0422348813589332,42.2215131050333,3.08119033861925,916.087274632505,11476296.0
Chad,TCD,2009,4.45703621346887,2.5,6.3,79.4,224.07076139036,0.0418370852465925,34.9025737106603,-1.40828262674047,871.485311273077,11893754.0
Chad,TCD,2010,4.39167725540025,2.7,6.4,79.2,219.108373918314,0.042606847064891,37.9286133933223,13.6738272741836,956.953018715651,12312575.0
Chad,TCD,2011,4.29002541296061,2.9,9.0,80.7,208.551559825517,0.05359468136292,41.0747792133064,4.49542966941512,965.286963557057,12754997.0
Chad,TCD,2012,4.18837357052097,3.1,7.8,76.1,229.379599396786,0.0915222301903308,43.4028876654672,9.0618039227671,1016.42152061894,13210998.0
Chad,TCD,2013,4.08672172808132,3.5,8.1,72.6,227.279984715064,0.096069856875415,38.4745522079809,2.83821524768997,1008.61711429294,13691079.0
Chad,TCD,2014,3.98506988564168,3.8,8.4,72.5,221.117166458392,0.0989591842171624,37.1094347348857,2.06283074347695,993.321157708395,14188678.0
Chad,TCD,2015,3.88341804320203,4.3,7.7,72.7,217.019809756483,0.110147579596714,33.9182904673272,3.30415979759636,993.990730610869,14647621.0
Chad,TCD,2016,3.78732528589581,4.7,9.2,72.7,212.843968377387,0.111858325578718,25.3450186548517,-4.12250332670322,923.56587204799,15114655.0
Chad,TCD,2017,3.69361499364676,5.2,10.9,72.8,204.267378434246,0.141485892472642,26.4585882128612,-1.61746922760291,879.075895466718,15622759.0
Chad,TCD,2018,3.60149301143583,5.9,10.1,73.1,200.502145341686,0.149407072594977,29.0064942875454,5.74111580758154,898.834794007399,16156531.0
Chad,TCD,2019,3.51175349428208,6.6,8.4,72.8,190.365580148423,0.141712220447998,28.75903709786,5.3828220290379,917.203710065059,16685223.0
Chad,TCD,2020,3.42519059720457,7.4,10.9,71.9,193.032680479683,0.140107110268934,23.903002699075,-0.393646583111035,884.980541933197,17224679.0
Chad,TCD,2021,3.33650992693774,8.0,11.3,69.9,195.892702847717,0.153189262919633,28.6098546099848,0.29344264815208,857.527630579087,17828273.0
Chad,TCD,2022,3.24924110546379,8.8,11.7,70.0,198.544774520873,0.155239823582539,33.0636052300641,4.12969897676332,862.60212817252,18455316.0
Chad,TCD,2023,3.16103105146125,9.7,12.0,,,0.150566300727613,30.749163725071,3.98004368401293,856.832488745342,19319064.0
Channel Islands,CHI,2000,4.19191919191919,,100.0,,,,,,,148110.0
Channel Islands,CHI,2001,4.28787878787879,,100.0,,,,,,,148850.0
Channel Islands,CHI,2002,4.38383838383838,,100.0,,,,,,,149881.0
Channel Islands,CHI,2003,4.47979797979798,,100.0,,,,,,,150960.0
Channel Islands,CHI,2004,4.57575757575758,,100.0,,,,,,,152039.0
Channel Islands,CHI,2005,4.67171717171717,,100.0,,,,,,,153126.0
Channel Islands,CHI,2006,4.76767676767677,,100.0,,,,,,,154214.0
Channel Islands,CHI,2007,4.86363636363636,,100.0,,,,,,,155309.0
Channel Islands,CHI,2008,4.95959595959596,,100.0,,,,,,,156408.0
Channel Islands,CHI,2009,5.05555555555556,,100.0,,,,,,67617.8205403696,157511.0
Channel Islands,CHI,2010,5.15151515151515,,100.0,,,,,-3.60663231572742,64722.9832990297,158621.0
Channel Islands,CHI,2011,5.15151515151515,,100.0,,,,,1.12504310895372,65006.4871287216,159706.0
Channel Islands,CHI,2012,5.15151515151515,,100.0,,,,,-5.75366122139113,60861.9006460501,160767.0
Channel Islands,CHI,2013,5.15151515151515,,100.0,,,,,0.493931120528785,60780.669022098,161777.0
Channel Islands,CHI,2014,5.15151515151515,,100.0,,,,,2.42710178482311,61892.8083445708,162726.0
Channel Islands,CHI,2015,5.15151515151515,,100.0,,,,,0.374367083829384,61847.8212238857,163454.0
Channel Islands,CHI,2016,5.15151515151515,,100.0,,,,7.67577166610065,1.21302407657195,62434.1859444218,163883.0
Channel Islands,CHI,2017,5.15151515151515,,100.0,,,,8.01938108801916,1.80648131383585,63393.3938698644,164319.0
Channel Islands,CHI,2018,5.15151515151515,,100.0,,,,7.92367533443251,1.1222435658518,63859.9826096615,164949.0
Channel Islands,CHI,2019,5.15151515151515,,100.0,,,,7.93089515501041,1.57335596156342,64594.5213908684,165639.0
Channel Islands,CHI,2020,5.15151515151515,,100.0,,,,7.65409465237542,-8.89677926591959,58636.7036143365,166235.0
Channel Islands,CHI,2021,5.15151515151515,,100.0,,,,8.86439875936375,9.93680136985076,64267.6930018122,166741.0
Channel Islands,CHI,2022,,,100.0,,,,8.38306788106733,5.34196140375869,67508.9385276664,167215.0
Channel Islands,CHI,2023,,,100.0,,,,8.22051703911843,3.71500590367266,69818.1528119104,167691.0
Chile,CHL,2000,21.2728705691214,100.0,97.9,31.4,1623.48012689232,3.47382404191017,27.8329007305146,4.9716214882971,8465.35303258864,15503635.0
Chile,CHL,2001,21.3950172958259,100.0,97.1,32.1,1574.84475911504,3.29401921683893,28.4825729751045,3.15403492459967,8632.0148244056,15683849.0
Chile,CHL,2002,21.5171640225303,100.0,97.3,33.1,1612.43130205148,3.29162863363271,28.5180345922146,3.20279913520113,8810.69052712257,15857925.0
Chile,CHL,2003,21.6393107492347,100.0,98.8,31.6,1612.22953620512,3.37761857406592,29.7153366007983,4.72324526861041,9130.7842621819,16024752.0
Chile,CHL,2004,21.7614574759392,100.0,97.5,31.4,1699.73240740445,3.61395788630139,32.7525021838824,6.67425416822923,9642.37478651228,16187322.0
Chile,CHL,2005,21.8836042026436,100.0,97.7,32.3,1735.08874376693,3.6175914799259,34.0353024141328,5.83704571917758,10104.4208391373,16348778.0
Chile,CHL,2006,22.005750929348,100.0,99.4,32.9,1788.47442583539,3.65616252034094,38.684729192628,6.04999082563968,10611.6144012877,16509195.0
Chile,CHL,2007,22.1278976560525,100.0,98.0,30.5,1836.95620548021,4.06392771027535,37.4665970166252,5.16823098528431,11051.3450717678,16671581.0
Chile,CHL,2008,22.2500443827569,100.0,98.2,30.8,1801.2828820239,4.23564646521513,31.9839914243068,3.78939280635238,11356.0922105983,16838988.0
Chile,CHL,2009,22.3721911094613,100.0,99.6,31.5,1735.83895157902,4.01098641712794,31.8892011542261,-1.11803723642878,11116.4093443103,17009731.0
Chile,CHL,2010,22.4943378361658,100.0,99.5,27.0,1795.6817303266,4.2093619030369,33.4669030156191,5.85165102224047,11649.2897090856,17181464.0
Chile,CHL,2011,22.7285765777398,100.0,99.6,28.8,1937.32339633854,4.55717718537356,32.4417542348483,6.22389678509138,12252.8441074615,17351816.0
Chile,CHL,2012,22.9628153193138,100.0,100.0,30.3,2123.49178972428,4.64341271955513,30.5583003272184,6.15534001855494,12882.834417927,17519119.0
Chile,CHL,2013,23.1970540608878,100.0,99.6,30.2,2177.50491871487,4.82901967693119,29.4304373078105,3.30850824710085,13182.7329619856,17687006.0
Chile,CHL,2014,23.4897141198213,100.0,100.0,27.0,1946.21181666587,4.4057176939683,28.9028670653185,1.79264947139259,13285.9540361192,17864195.0
Chile,CHL,2015,23.7245368895995,100.0,99.7,25.1,1968.30286182049,4.67539634716479,27.8806404106495,2.15194249981184,13433.9202987032,18047625.0
Chile,CHL,2016,23.8708420449261,100.0,100.0,24.6,2070.46958170364,4.86474105721938,26.7795650481896,1.753038749071,13505.097711133,18267221.0
Chile,CHL,2017,24.0364518962995,100.0,99.7,24.1,2065.97571745805,4.83609776199712,27.3811560671383,1.35769537343957,13473.3458532934,18558868.0
Chile,CHL,2018,24.2020617476728,100.0,100.0,25.5,2067.9764736837,4.75406192633103,27.8615227739821,3.99002947789977,13763.0068844795,18893191.0
Chile,CHL,2019,24.3497974857398,100.0,100.0,25.3,2154.35451877758,4.96139546396702,27.1184422429165,0.634367533828438,13630.5935435578,19197744.0
Chile,CHL,2020,24.5152454733888,100.0,100.0,26.7,1946.16760616995,4.51770681212954,29.8295676046618,-6.14347479224092,12679.024004022,19370624.0
Chile,CHL,2021,24.6807203850391,100.0,100.0,24.2,2032.98120427379,4.57991726498939,30.860053303873,11.3149204879049,14051.4713630677,19456334.0
Chile,CHL,2022,24.8461772576085,100.0,100.0,,2124.6984823137,4.62474983424569,31.0330474006021,2.15399356192458,14283.1489501524,19553036.0
Chile,CHL,2023,25.0116461113584,100.0,100.0,,2039.34969353537,3.91719041336885,28.8030257311404,0.521367977246825,14280.3475638842,19658835.0
China,CHN,2000,18.8534727562839,40.3,96.7,29.6,898.07500446721,2.88907594771294,45.0738315177586,8.58643201808462,2237.44298500334,1262645000.0
China,CHN,2001,19.1049681205612,41.6,97.0,28.4,921.506436459842,3.00747564571294,44.276543602601,8.31263887091522,2405.89396743215,1271850000.0
China,CHN,2002,19.3564538990231,42.8,97.2,27.0,976.159336791292,3.22795454545455,43.8758028122184,9.24339326638321,2610.72960252379,1280400000.0
China,CHN,2003,19.6079386867747,44.1,97.4,23.9,1105.13742396493,3.70467882645141,44.9827621327146,10.1181928640117,2857.0373538115,1288400000.0
China,CHN,2004,19.8594228667065,45.7,97.7,20.2,1249.04415339994,4.24069749050016,45.2328326582556,10.1314073631003,3127.86276523632,1296075000.0
China,CHN,2005,20.1109081284255,47.4,97.9,17.4,1369.79197119649,4.78299420120885,46.3816216984585,11.458238455067,3465.81734409951,1303720000.0
China,CHN,2006,20.3623927769671,49.1,98.2,16.4,1490.18647938836,5.28052516361306,46.8865028592172,12.6746751655235,3883.35412942474,1311020000.0
China,CHN,2007,20.6138778860824,51.2,98.5,14.9,1595.46606847798,5.7076324565497,46.1852362301075,14.1499854947127,4409.75700836878,1317885000.0
China,CHN,2008,20.8653616938384,53.2,98.8,14.1,1629.97754209383,5.85225866357655,46.2364191302482,9.67024588602851,4811.47471804961,1324655000.0
China,CHN,2009,21.1168450517356,55.3,99.1,13.4,1728.61645229501,6.24909018523805,45.1788587231356,9.40269972778044,5237.76666540352,1331260000.0
China,CHN,2010,21.3683288541342,57.9,99.7,12.3,1899.79996108685,6.80718476794211,45.7066207106778,10.5962719761682,5764.86534987407,1337705000.0
China,CHN,2011,21.574627370433,60.3,99.9,11.3,2027.46525356855,7.40185065816131,45.8002054108107,9.4613358870736,6275.90956436258,1345035000.0
China,CHN,2012,21.7809258867318,63.1,99.9,11.5,2085.21872095825,7.58441651466929,44.6820698165478,7.85617427055587,6723.19443752823,1354190000.0
China,CHN,2013,21.9872244030306,65.9,100.0,11.5,2137.32572690907,7.89327631231478,43.3938707801605,7.77872409446717,7198.06876478162,1363240000.0
China,CHN,2014,22.1935229193294,69.0,100.0,11.9,2177.55011435267,7.93164331637339,42.2827157791092,7.46190028229434,7686.57792954381,1371860000.0
China,CHN,2015,22.3998214356282,71.6,100.0,12.2,2175.1544486832,7.79057049265868,40.0475902161032,6.97878002657477,8175.33285077393,1379860000.0
China,CHN,2016,22.6305120997506,74.2,100.0,12.6,2149.2047500244,7.76322483949301,38.811156093921,6.77555562837017,8679.37704460133,1387790000.0
China,CHN,2017,22.8306567492632,76.9,100.0,13.1,2215.91139022057,7.87802652170332,39.129944350895,6.8912663621211,9221.51403820573,1396215000.0
China,CHN,2018,23.0309079153534,79.5,100.0,13.5,2310.87757050979,8.2177362485386,38.9777001747097,6.75671800166833,9798.6528523316,1402760000.0
China,CHN,2019,23.2311590814436,81.6,100.0,14.3,2397.96868908473,8.39147587098516,37.7642333162735,6.06850235053705,10356.4804194995,1407745000.0
China,CHN,2020,23.4313037309562,83.8,100.0,14.9,2465.96954605987,8.47858302033874,36.9115624066306,2.34018843078414,10573.6420059282,1411100000.0
China,CHN,2021,23.6315548970464,85.6,100.0,15.2,2623.79959356116,8.88715660313235,38.0924722040717,8.57008513166322,11469.5707134928,1412360000.0
China,CHN,2022,23.8316995465589,87.2,100.0,,2676.48200976111,8.86482511020235,37.8945266620066,3.1341888719577,11830.5983703496,1412175000.0
China,CHN,2023,24.0319389958256,88.7,100.0,,2850.94152906511,9.23027553501428,36.7725030223561,5.41484330099675,12484.1578844175,1410710000.0
Colombia,COL,2000,56.5439387111311,78.0,95.2,27.9,667.583045920418,1.62232046746357,27.3057722832576,2.92486148176778,4016.80951748167,39089934.0
Colombia,COL,2001,56.3701928796755,78.9,98.5,27.1,656.363849955728,1.58737525769177,27.2228150417753,1.67789830787579,4020.50789754842,39709262.0
Colombia,COL,2002,56.1964470482199,79.8,94.9,28.6,633.502528932254,1.50246201581761,27.5290127709183,2.50398046659659,4058.28493578738,40324680.0
Colombia,COL,2003,56.0227012167643,80.6,95.1,30.6,637.730006109548,1.46690208610805,28.9037801318181,3.91827190322513,4154.17528523618,40937429.0
Colombia,COL,2004,55.8489553853087,81.2,95.3,29.0,631.890053306001,1.44656025415104,29.7258920854426,5.33302206759905,4311.91591255233,41543171.0
Colombia,COL,2005,55.6752095538531,81.9,96.8,28.9,652.562904286665,1.46901976755809,30.3481497700898,4.82876110773741,4457.27537460443,42128977.0
Colombia,COL,2006,55.5014637223975,82.5,95.7,30.6,678.542899481449,1.38318811487663,30.9134600266245,6.71686869844402,4694.03442939175,42691084.0
Colombia,COL,2007,55.3277178909419,83.1,96.0,31.0,666.0281887489,1.41654840316635,30.5790350660201,6.73819469090975,4947.25260813108,43235374.0
Colombia,COL,2008,55.1539720594863,83.7,96.8,30.8,691.923098284556,1.39852072752987,32.1310911250351,3.28344618616541,5048.57187245249,43758808.0
Colombia,COL,2009,54.9802262280306,84.5,96.1,31.4,714.941179061526,1.47547382640238,31.2470343359106,1.13964864548062,5046.97121757727,44271541.0
Colombia,COL,2010,54.806480396575,85.0,96.8,30.6,700.696762170174,1.52200045741908,31.3713561004301,4.49465897070922,5214.24547620131,44777319.0
Colombia,COL,2011,54.6851410545291,85.8,96.7,29.6,710.261245359868,1.61663552853102,33.3021551703249,6.94789198173555,5517.1011086899,45259614.0
Colombia,COL,2012,54.5638017124831,86.5,97.0,29.6,681.235570018512,1.61000537888315,33.4055006173979,3.91263576716115,5675.75617978305,45715810.0
Colombia,COL,2013,54.4424623704371,87.1,97.8,32.0,881.628352144932,1.8121783209001,32.7475552904174,5.13399351995672,5910.80592301166,46151584.0
Colombia,COL,2014,54.3211230283912,88.1,97.8,32.1,885.243525415168,1.82364474726519,30.9858527230854,4.49903000110972,6121.83982019825,46565429.0
Colombia,COL,2015,54.1997836863452,88.7,98.2,31.1,887.262025874734,1.83556759919216,28.5894478881361,2.95590137527523,6248.51490534512,46969940.0
Colombia,COL,2016,54.0419017575485,89.2,98.4,30.5,910.977529760876,1.8654751539246,27.689162311787,2.08738250162794,6316.07067782542,47437512.0
Colombia,COL,2017,53.8438666065795,89.7,98.5,32.2,859.140165402896,1.68289187289759,26.8148589146209,1.35936086788746,6309.67745292518,48131078.0
Colombia,COL,2018,53.6642451554754,90.1,98.5,30.4,816.327425217962,1.74191600051117,26.8954667535946,2.56432428277704,6353.5464285392,49024465.0
Colombia,COL,2019,53.4846327174403,90.6,99.4,31.5,889.78306823908,1.72438739011403,25.993426836769,3.18685539245533,6439.96359812647,49907985.0
Colombia,COL,2020,53.3050112663362,90.9,99.7,32.0,810.052298592826,1.66507219030647,23.439238595813,-7.18591413760859,5891.95523215403,50629997.0
Colombia,COL,2021,53.1253958539883,91.4,100.0,29.7,872.65899160931,1.80057803586778,24.5553120236384,10.8011981904878,6457.16921807086,51188173.0
Colombia,COL,2022,52.9457763857593,91.5,100.0,,851.232776568033,1.70753982802254,26.1230022316952,7.32827729427979,6856.72590505374,51737944.0
Colombia,COL,2023,52.7661596214511,91.8,98.7,,862.634681996071,1.77360964835025,24.6925648854384,0.712380031974334,6828.59753791113,52321152.0
Comoros,COM,2000,22.3965609887157,0.5,39.8,69.9,,0.168071929562752,12.2062715454078,-1.00701887109655,1150.82840106354,536080.0
Comoros,COM,2001,22.1612036539495,0.7,42.0,69.5,,0.177442344943533,12.2063718015717,5.41959971808741,1188.50107049357,547220.0
Comoros,COM,2002,21.9258463191832,0.8,44.8,70.3,,0.179631183544066,12.2063143076875,4.59768263263243,1217.11501559943,558923.0
Comoros,COM,2003,21.690488984417,1.0,46.5,64.4,,0.228853032127175,12.2062786708097,1.93442812313498,1216.98036712949,569798.0
Comoros,COM,2004,21.4551316496507,1.2,48.7,63.5,58.5496225271395,0.241431090538381,12.2062936509226,3.10041210399676,1231.14746798849,580704.0
Comoros,COM,2005,21.2197743148845,1.4,51.0,65.7,62.4286078251729,0.228961137347999,12.2064983176676,5.66520240193151,1274.6143662974,592677.0
Comoros,COM,2006,20.9844169801182,1.7,53.2,61.8,69.4498415055403,0.26738188979633,12.206432106225,-1.75444679449394,1227.24636392125,604753.0
Comoros,COM,2007,20.749059645352,2.0,55.5,74.4,66.4584302518775,0.17360238731649,12.4102413287259,0.803599788247752,1212.69629084896,616927.0
Comoros,COM,2008,20.5137023105857,2.3,57.8,73.4,,0.16939268115562,12.1356370474847,3.96461118871815,1235.97247187374,629307.0
Comoros,COM,2009,20.2783449758195,2.7,60.1,68.5,,0.206714884562121,12.073328072351,3.24060198483924,1250.90035344227,641947.0
Comoros,COM,2010,20.0429876410532,3.2,69.7,66.0,,0.238074876763037,11.775324962086,3.77788070743117,1272.60650664705,654836.0
Comoros,COM,2011,19.8076303062869,3.6,69.3,69.0,,0.210760774545846,11.6973185544088,4.14356479211455,1299.11099021922,668056.0
Comoros,COM,2012,19.5722729715207,4.1,69.3,68.3,,0.213312207502604,11.2226651481809,3.16835627559691,1313.5812493744,681630.0
Comoros,COM,2013,19.3369156367544,4.5,69.4,63.6,,0.250792884721456,11.648240313246,4.4661636979028,1343.5451171047,696192.0
Comoros,COM,2014,19.1015583019882,5.1,71.8,68.0,,0.217145957220138,11.6109251303108,2.10666920560958,1342.32802421364,711503.0
Comoros,COM,2015,18.8662009672219,5.5,74.1,67.0,,0.235591359081414,10.4084081560234,1.14747399397193,1329.37048235986,726682.0
Comoros,COM,2016,18.6297689414293,6.0,76.4,64.0,,0.270175168960594,9.85451807028183,3.32039987961315,1345.62555739306,741741.0
Comoros,COM,2017,18.3933369156368,6.6,78.7,59.5,,0.344536382486926,9.13735009601101,3.81570211280726,1369.41038262485,756669.0
Comoros,COM,2018,18.1622783449758,7.1,81.0,57.7,,0.268666001373787,8.87679585626469,3.64259587408398,1391.84620461012,771590.0
Comoros,COM,2019,17.9258463191832,7.7,83.3,55.3,,0.287320520024715,8.5310006225517,1.76070164655727,1389.36430643805,786578.0
Comoros,COM,2020,17.6894142933906,8.3,85.6,50.8,,0.334969326682981,8.08945324004138,-0.195577456821965,1359.70624686714,802163.0
Comoros,COM,2021,17.4529822675981,9.0,87.9,41.2,,0.485471305614698,9.3792276382052,2.0001921183449,1359.76242021159,818174.0
Comoros,COM,2022,17.2165502418055,9.7,89.9,39.3,,0.515231578493098,9.63879809359056,2.60301031927843,1368.3741885336,834188.0
Comoros,COM,2023,16.9801182160129,10.4,89.8,,,0.515412394592109,9.52779062082263,2.99521564038136,1382.51308503106,850387.0
"Congo, Dem. Rep.",COD,2000,63.4741183476324,1.0,6.7,97.9,275.387991752247,0.0371727398112935,22.4057063027137,-6.91092731652104,339.52682222392,50507442.0
"Congo, Dem. Rep.",COD,2001,63.1772567874551,1.2,7.1,98.3,275.762066091527,0.0350106917650027,30.0162665475473,-2.10017302488848,322.033920024307,52132646.0
"Congo, Dem. Rep.",COD,2002,62.8803952272777,1.5,7.7,98.3,276.777259129011,0.0356238387555068,32.6183368838049,2.94776518359767,321.547848190451,53750524.0
"Congo, Dem. Rep.",COD,2003,62.5835336671004,1.6,8.3,98.0,278.852304991619,0.0419088893806427,28.8579384069788,5.57782231144439,329.709536540469,55343867.0
"Congo, Dem. Rep.",COD,2004,62.2866721069231,1.8,9.0,97.9,281.570244519871,0.0388664526195872,31.7824234941503,6.73837393324293,341.714925751419,56997741.0
"Congo, Dem. Rep.",COD,2005,61.9898105467458,2.0,6.0,97.4,283.637336009607,0.0422504365918147,31.706002446974,6.13515115548968,351.708486411683,58775724.0
"Congo, Dem. Rep.",COD,2006,61.6929489865685,2.3,10.2,97.3,285.454693557021,0.0421028090513797,29.2943469787201,5.10894433184896,358.454382275579,60615908.0
"Congo, Dem. Rep.",COD,2007,61.3960874263911,2.4,15.2,97.2,287.041319589996,0.0451232624374833,34.3633671355341,8.52992974243585,377.437143095814,62477752.0
"Congo, Dem. Rep.",COD,2008,61.0992258662138,2.7,11.6,97.0,288.80618607177,0.0449242144792916,32.9518891770136,7.40172337539792,393.331182464822,64390664.0
"Congo, Dem. Rep.",COD,2009,60.8023643060365,2.9,12.3,97.0,288.416335052288,0.0423191311503679,35.9314571550511,0.565481557604713,383.515898271062,66412044.0
"Congo, Dem. Rep.",COD,2010,60.5055027458592,3.1,13.0,96.8,289.77384157959,0.0429619235950426,29.1029769216412,7.84300782191249,400.619567973092,68563038.0
"Congo, Dem. Rep.",COD,2011,60.0196837299574,3.3,13.7,96.2,297.445424445388,0.0475516268605633,38.636424619178,7.59331721294959,417.130434045991,70849311.0
"Congo, Dem. Rep.",COD,2012,59.5338647140557,3.4,15.4,95.5,355.439956409565,0.0411769262109865,39.1726260796598,8.66859360531922,438.406058243633,73254618.0
"Congo, Dem. Rep.",COD,2013,59.048045698154,3.6,15.2,93.9,357.441615003334,0.0439415039531586,39.9816041724909,9.62448879216879,464.526715460494,75789395.0
"Congo, Dem. Rep.",COD,2014,58.5622266822523,3.8,13.5,92.9,359.366872219799,0.0473985501773001,41.6198309477347,7.30227750870263,481.830241883776,78403242.0
"Congo, Dem. Rep.",COD,2015,58.0764076663505,3.9,16.6,95.8,358.542081264932,0.0443348733039091,40.537636098592,6.35973756164829,495.826633014883,81035531.0
"Congo, Dem. Rep.",COD,2016,57.5905868860413,4.0,17.3,97.0,355.065446444122,0.0356208635159088,38.655052456977,0.393832798154563,480.461377880475,83956415.0
"Congo, Dem. Rep.",COD,2017,57.1047705167508,4.1,18.0,96.7,342.47376862199,0.0373745177008366,39.2934247373311,4.24121047272719,482.854682128541,87083398.0
"Congo, Dem. Rep.",COD,2018,56.6189541474604,4.2,18.7,96.4,339.760214710945,0.0462188660927098,38.2165467089592,6.07168870646615,495.312105711027,90047644.0
"Congo, Dem. Rep.",COD,2019,56.1333009858627,4.4,19.1,96.3,334.541728823177,0.0478324083410493,34.4712510908167,0.555384294580819,482.524295129472,92947442.0
"Congo, Dem. Rep.",COD,2020,55.6472067223925,4.4,20.1,96.2,372.066377241717,0.0482487769194453,35.1616850161085,0.775427992354622,470.852950000929,95989998.0
"Congo, Dem. Rep.",COD,2021,55.1615535607949,4.6,20.8,96.3,394.033246290347,0.0466742294309333,42.3529383597517,6.42961005647355,485.160805929784,99148932.0
"Congo, Dem. Rep.",COD,2022,54.6754592973247,4.8,21.5,,390.899911233015,0.0610125487309351,41.9573891532378,9.31116944064918,513.512704372167,102396968.0
"Congo, Dem. Rep.",COD,2023,54.1898572594341,5.0,22.1,,,0.0580434409082674,39.5009688150508,8.5334898318451,539.45912637913,105789731.0
"Congo, Rep.",COG,2000,64.9926793557833,7.9,29.4,64.9,225.662303752435,1.43173787700172,72.1526717557252,7.5759803952642,2057.01922023551,3151345.0
"Congo, Rep.",COG,2001,64.9575402635432,8.5,30.3,61.2,243.309874139573,1.34418648284191,65.4884538397696,3.80260189913561,2056.16505922617,3272537.0
"Congo, Rep.",COG,2002,64.9224011713031,9.2,31.2,68.6,239.240008598283,0.853385683474042,63.3189225141337,4.58187006108889,2100.16876714574,3350771.0
"Congo, Rep.",COG,2003,64.887262079063,9.9,32.1,62.1,274.55383829075,1.03507128920732,61.1723594842012,0.813264076303781,2058.88683675038,3445753.0
"Congo, Rep.",COG,2004,64.8521229868228,10.5,33.0,63.1,283.381960024439,1.01524195118066,65.864484078508,3.47663162118089,2058.88402946896,3565554.0
"Congo, Rep.",COG,2005,64.8169838945827,11.4,33.8,63.1,293.789280034956,1.17157455930687,61.7104106958137,7.75575897806648,2140.03686200251,3696393.0
"Congo, Rep.",COG,2006,64.7818448023426,12.3,34.9,69.3,369.707983010852,1.25545648118301,62.6291888487541,7.98623836334291,2226.0233547376,3837409.0
"Congo, Rep.",COG,2007,64.7467057101025,13.4,35.8,60.2,316.33461657179,1.07141690721857,57.0704175228573,-6.61399480441001,2004.10103961966,3980430.0
"Congo, Rep.",COG,2008,64.7115666178624,14.5,36.8,56.8,327.786840368286,1.07747214852886,63.9419789342891,6.30637595585259,2061.55829880574,4113517.0
"Congo, Rep.",COG,2009,64.6764275256223,15.55,37.1,55.9,359.405355169563,1.14836451954455,55.6979481298564,11.6372888615758,2211.31572382028,4281219.0
"Congo, Rep.",COG,2010,64.6412884333821,16.9,40.0,54.5,375.619909098947,1.18584852172315,66.1791697837805,9.93126543095578,2332.28508055953,4462290.0
"Congo, Rep.",COG,2011,64.606149341142,18.4,40.8,64.3,484.212624823738,1.05242743383335,65.8738951997526,2.20591936286718,2307.49384399715,4609724.0
"Congo, Rep.",COG,2012,64.5710102489019,20.2,41.6,65.1,539.866446808636,0.944931388370302,65.3102191154701,9.94715314257564,2467.06102906839,4740450.0
"Congo, Rep.",COG,2013,64.5358711566618,22.0,42.5,62.3,553.991199731793,1.11984540566293,61.989308125115,-0.712434451876447,2390.65754938662,4857099.0
"Congo, Rep.",COG,2014,64.5007320644217,23.9,43.4,62.1,535.524998656392,1.0605360257884,58.0014155398265,6.64606540928447,2488.68118548992,4975880.0
"Congo, Rep.",COG,2015,64.4655929721816,25.8,44.3,64.2,552.356622008088,1.12810370252086,48.6789561936062,0.415193061293763,2439.35189403696,5097581.0
"Congo, Rep.",COG,2016,64.4304538799414,27.9,45.3,67.7,561.321718306384,1.07043781028987,38.4474514101503,-8.68524343913786,2174.19310251224,5222536.0
"Congo, Rep.",COG,2017,64.3953147877013,29.8,46.2,69.8,548.018753920295,1.03367382350737,45.9671895089887,-5.59477371915547,2003.27121075187,5351011.0
"Congo, Rep.",COG,2018,64.3513909224012,31.85,47.0,70.6,552.165155128985,1.17123140519682,54.391991835456,-2.30431780125842,1909.9560382117,5483118.0
"Congo, Rep.",COG,2019,64.307467057101,33.7,47.7,69.8,582.586127914209,1.28891524697681,50.1286715725578,1.12447391976529,1885.51080877731,5616661.0
"Congo, Rep.",COG,2020,64.2635431918009,35.4,48.7,71.4,586.736109679603,1.28685363330599,33.9517597969829,-6.26777227963225,1725.51040049963,5752791.0
"Congo, Rep.",COG,2021,64.2196193265007,37.5,49.7,71.4,588.291763608764,1.20634406636725,42.893702942357,1.01507036990908,1701.79060456872,5892183.0
"Congo, Rep.",COG,2022,64.1756954612006,38.8,50.6,,627.585966198745,1.38493056623382,49.2455523632312,1.47535613247133,1686.00234391385,6035104.0
"Congo, Rep.",COG,2023,64.1317715959004,40.1,51.3,,,1.27244805620677,45.2236339577947,1.90686426346754,1677.08549205924,6182885.0
Costa Rica,CRI,2000,55.9580885233059,88.9,96.9,33.0,729.765643709357,1.30313360027163,25.4449908253979,3.86871808953644,7726.51985682031,3937739.0
Costa Rica,CRI,2001,55.9854680767724,89.3,98.2,32.1,721.224052506606,1.379963366939,25.2166020654827,3.49116989434005,7854.2339580182,4008947.0
Costa Rica,CRI,2002,56.0128476302389,89.7,98.5,32.5,749.371708338678,1.38535541703828,24.569597934029,3.41687639041064,7989.55926102157,4075705.0
Costa Rica,CRI,2003,56.0402271837054,90.1,98.7,33.3,788.059466397896,1.46632440832863,24.1792374989641,4.31717986636224,8207.45746763047,4138784.0
Costa Rica,CRI,2004,56.0676067371719,90.5,99.0,39.2,921.916666058511,1.47144886356872,24.6690619237543,4.42459959654504,8445.52914945791,4200078.0
Costa Rica,CRI,2005,56.0949862906385,90.8,99.1,41.7,908.919718136397,1.49160807652233,24.2695341122995,3.97666636818026,8655.33965418585,4261240.0
Costa Rica,CRI,2006,56.122365844105,91.1,99.1,42.4,974.343838741737,1.59797655356903,23.7198679368366,7.3266954325067,9160.29437453236,4321340.0
Costa Rica,CRI,2007,56.1497453975715,91.4,99.2,41.2,1014.83038205,1.76101901079574,23.8937947565006,8.21513198348715,9779.51149389818,4380248.0
Costa Rica,CRI,2008,56.177124951038,91.7,99.3,40.7,1006.22785721082,1.71851436108013,23.5536024382425,4.73817487754022,10104.9092039691,4440056.0
Costa Rica,CRI,2009,56.2045045045045,92.0,99.4,40.7,1002.15369604859,1.62647554075289,23.5227381446589,-0.873455942787785,9883.67567046297,4499791.0
Costa Rica,CRI,2010,56.231884057971,92.4,99.0,40.4,998.694530541271,1.58829243966477,23.3229652114345,5.36034352634111,10285.0856660419,4555962.0
Costa Rica,CRI,2011,56.5524089306698,92.8,99.2,38.0,992.84219730848,1.66999542065841,22.5898706745828,4.40315923970431,10612.4694861141,4609833.0
Costa Rica,CRI,2012,56.8729338033686,93.1,99.5,38.1,1017.65462461791,1.63797343615926,22.2048773810709,4.88259241025739,11001.5192856576,4663934.0
Costa Rica,CRI,2013,57.1934586760674,93.6,99.6,37.8,1060.1064484558,1.68258114091864,21.3449724793135,2.49476611209954,11151.1437869768,4716147.0
Costa Rica,CRI,2014,57.5139835487662,94.0,99.4,37.6,1064.11783400047,1.68785381694898,20.6164054191975,3.54210987765977,11422.6735793176,4767119.0
Costa Rica,CRI,2015,57.8345084214649,94.3,99.4,38.3,1024.45144520777,1.61015749564449,19.9678784677773,3.65208096802883,11714.7105980732,4818038.0
Costa Rica,CRI,2016,58.1551116333725,94.7,99.5,34.1,1001.15093508133,1.69149442839303,19.6500112824728,4.20432325175899,12084.4351325634,4866998.0
Costa Rica,CRI,2017,58.4757148452801,95.1,99.6,33.3,972.752740541664,1.70887391193112,19.3145397059632,4.1576989627609,12468.5654531709,4913177.0
Costa Rica,CRI,2018,58.7961222091657,95.3,99.7,33.1,950.307226341185,1.70246265595066,19.5581432647296,2.6159044043379,12679.5253643016,4957818.0
Costa Rica,CRI,2019,59.1167254210732,95.6,99.7,33.4,996.673606298647,1.63874650393745,19.2336569312753,2.41751181762513,12877.650101079,4999553.0
Costa Rica,CRI,2020,59.4373286329808,95.9,99.9,36.4,948.979659241415,1.42529676301864,20.3678511278951,-4.27335432161462,12242.2098908533,5034320.0
Costa Rica,CRI,2021,59.7579318448884,96.1,100.0,34.2,996.593947554107,1.59152551349924,20.6057923603832,7.93576224743147,13146.6927918465,5059988.0
Costa Rica,CRI,2022,60.0785350567959,96.3,100.0,,1009.21522950084,1.61315999460817,20.6464381116167,4.55149177958398,13686.1614090822,5081765.0
Costa Rica,CRI,2023,60.3991382687035,96.6,100.0,,1025.14935705085,1.58608566210135,20.459253835237,5.11192183224598,14318.8389652137,5105525.0
Cote d'Ivoire,CIV,2000,16.0202830188679,15.9,48.7,63.7,383.698511747895,0.393649269755518,13.9368025202647,-0.265789462275947,1717.95385651231,17699004.0
Cote d'Ivoire,CIV,2001,15.6652924528302,15.9,49.7,64.7,359.274350379988,0.384346412791568,14.1786160309594,-2.15401249077306,1636.57318705218,18178913.0
Cote d'Ivoire,CIV,2002,15.3103018867925,16.1,51.4,65.3,374.217410519231,0.396005933281089,14.5005281247497,-2.73052647441901,1551.27925902838,18654771.0
Cote d'Ivoire,CIV,2003,14.9553113207547,16.1,51.5,70.3,345.063532585105,0.304012299363856,15.2123312134125,-4.72586658630681,1441.58801755037,19125542.0
Cote d'Ivoire,CIV,2004,14.600320754717,16.1,52.4,75.4,474.644512103845,0.305981117632049,15.5260750475447,3.18503822575397,1451.86547141894,19595000.0
Cote d'Ivoire,CIV,2005,14.2453301886792,16.3,58.9,77.9,479.367342054554,0.318684175934195,16.2241764456125,0.996065564854788,1431.73320203111,20068458.0
Cote d'Ivoire,CIV,2006,13.8903396226415,16.3,60.2,74.8,460.427068503443,0.305580401271205,16.5839543942617,2.81557859252327,1437.77453798586,20546802.0
Cote d'Ivoire,CIV,2007,13.5353490566038,16.8,55.3,76.3,484.162880249649,0.296468595840396,16.483170824856,1.10142976793477,1420.1738958245,21030558.0
Cote d'Ivoire,CIV,2008,13.180358490566,17.2,60.3,74.2,475.685968287363,0.321574734065806,17.4088361491375,4.7826659787672,1454.62731800082,21514439.0
Cote d'Ivoire,CIV,2009,12.8253679245283,17.8,57.3,73.7,426.33967683994,0.291450017592556,18.0163071461274,3.60332156667053,1473.9183699329,21997940.0
Cote d'Ivoire,CIV,2010,12.4703773584906,18.7,58.4,75.4,369.59298919728,0.325279209216089,15.9765793754723,6.84804939907013,1540.52927270246,22488065.0
Cote d'Ivoire,CIV,2011,12.1153899371069,19.4,55.8,79.1,412.202996239574,0.307997563310417,16.7624007263304,-5.37044724000579,1426.46463864534,22982000.0
Cote d'Ivoire,CIV,2012,11.7604025157233,20.9,55.8,74.9,442.184553267778,0.384376785213736,17.7324551897287,7.62041176451649,1503.43433046682,23467078.0
Cote d'Ivoire,CIV,2013,11.4054150943396,22.4,61.5,72.2,446.309801337907,0.409402344006993,18.9795295741683,10.7602131311256,1632.32712787006,23939775.0
Cote d'Ivoire,CIV,2014,11.050427672956,24.0,61.9,71.9,438.71877312695,0.426425227791211,19.8455486242141,9.37199994240375,1742.53693001178,24527395.0
Cote d'Ivoire,CIV,2015,10.6954402515723,25.9,62.6,64.5,383.892794978009,0.44620325590139,20.1215578301808,7.19494942728191,1814.71855088017,25246342.0
Cote d'Ivoire,CIV,2016,10.3404402515723,28.0,64.3,64.0,391.655583364613,0.43877495464017,20.820713814142,7.17275963956332,1889.27777949938,25989405.0
Cote d'Ivoire,CIV,2017,9.98544025157233,30.2,65.6,62.5,392.585250514189,0.461221278034062,19.8085626532407,7.41076242592504,1972.81431788947,26733372.0
Cote d'Ivoire,CIV,2018,9.63044025157233,32.3,67.1,60.5,358.541401840133,0.449429152663727,19.1116818893978,4.84314605889178,2013.32307598499,27464173.0
Cote d'Ivoire,CIV,2019,9.27547169811321,34.7,68.6,61.1,364.149863069511,0.467605284700189,21.6420400540965,6.72137167584978,2093.09994335779,28193009.0
Cote d'Ivoire,CIV,2020,8.92047169811321,36.9,69.9,61.8,375.317183892023,0.459550187168112,20.7022034045474,0.699728593494228,2055.08483996432,28915449.0
Cote d'Ivoire,CIV,2021,8.5654927672956,39.35,71.1,58.2,468.414497630569,0.580322307864011,22.1030350664638,7.06332910205232,2146.47635317946,29639736.0
Cote d'Ivoire,CIV,2022,8.21049968553459,41.7,72.0,,471.775424802239,0.605701555801839,23.0445423474416,6.39988362720531,2227.09845246984,30395002.0
Cote d'Ivoire,CIV,2023,7.85551603773585,44.1,72.4,,,0.575152377678325,23.9006374307143,6.60000045223954,2315.38147441648,31165654.0
Croatia,HRV,2000,33.7136929460581,100.0,100.0,26.8,1882.60707106679,4.33677043315335,24.2022887541673,2.94525315127181,8880.26980689876,4468302.0
Croatia,HRV,2001,33.7762913149234,100.0,100.0,26.9,2033.21443990495,4.77793267439475,23.8042548140776,3.11123490972072,9515.73569793698,4299642.0
Croatia,HRV,2002,33.8388896837888,100.0,100.0,24.6,2081.90027621886,4.96469924275494,22.9131996881856,5.80332825904055,10062.0396800621,4302174.0
Croatia,HRV,2003,33.8699878493317,100.0,100.0,24.8,2229.34173996566,5.28621677887642,23.3409303583976,5.56837282817526,10619.3078243865,4303399.0
Croatia,HRV,2004,33.9325280537488,100.0,99.9,26.6,2228.32579300293,5.27995632579101,24.1488165361816,4.17048489878957,11059.0980614364,4304600.0
Croatia,HRV,2005,33.995068258166,100.0,99.9,26.8,2260.50892445087,5.30160818255534,23.7734716436971,4.3270764246793,11522.7905248265,4310145.0
Croatia,HRV,2006,34.0576084625831,100.0,99.8,25.5,2247.14619166641,5.34348188039458,23.4058870686343,5.06907770841399,12104.0421469867,4311159.0
Croatia,HRV,2007,34.1201486670002,100.0,99.8,22.7,2335.40182770311,5.68549100892136,22.9415854297126,5.04927635248129,12717.9875997872,4310217.0
Croatia,HRV,2008,34.1826888714173,100.0,100.0,24.1,2276.1355193129,5.41153048758558,22.7583110451343,1.97287006723876,12970.4376964616,4309705.0
Croatia,HRV,2009,34.2452290758345,100.0,100.0,27.2,2199.79195573117,5.03419020013328,22.6914100390127,-6.81231217572574,12099.5521781656,4305181.0
Croatia,HRV,2010,34.3077692802516,100.0,100.0,29.8,2181.04401120231,4.87506829937978,21.36803442175,-1.33604672354973,11965.0049285028,4295427.0
Croatia,HRV,2011,34.314916732185,100.0,100.0,27.2,2137.20950653716,4.77830091047516,21.5043974590517,-0.110906722446629,11993.0713179162,4280622.0
Croatia,HRV,2012,34.3220641841184,100.0,100.0,29.4,2020.48417283556,4.40975990806428,21.0396616788925,-2.23743360119771,11780.4742767284,4260368.0
Croatia,HRV,2013,34.3292116360517,100.0,100.0,32.8,1990.54136695236,4.34143567122871,20.5075395928616,-0.13364573653061,11838.2152450357,4233922.0
Croatia,HRV,2014,34.3363590879851,100.0,100.0,33.6,1909.83580091578,4.20723258150827,20.6526480346575,-0.557692913614588,11862.7609491821,4201598.0
Croatia,HRV,2015,34.3435065399185,100.0,100.0,33.1,2018.54259233172,4.34144843408463,20.3701373622843,2.31998692708386,12283.7840620053,4151725.0
Croatia,HRV,2016,34.3813916088914,100.0,100.0,31.8,2057.18869470229,4.44976669563441,20.2769414390036,3.46646114288178,12848.419539107,4106867.0
Croatia,HRV,2017,34.5151954828104,100.0,100.0,29.8,2159.96952184034,4.65112768894595,19.7721853620712,3.28396321643012,13485.3012514274,4041407.0
Croatia,HRV,2018,34.5598956472018,100.0,100.0,32.8,2127.63878608554,4.45402410514506,19.289972926094,2.91107593407843,14060.9874833125,3988775.0
Croatia,HRV,2019,34.6045672217854,100.0,100.0,31.6,2173.19836034448,4.5506268056586,19.5762975915854,3.10152683894853,14641.663970693,3949390.0
Croatia,HRV,2020,34.6517155110793,100.0,100.0,32.4,2104.84530641676,4.39207849561316,20.0965004802369,-8.31086401501189,13545.4881162417,3914206.0
Croatia,HRV,2021,34.6963902787706,100.0,100.0,34.1,2212.49721053261,4.5132213846884,19.585411788668,12.6322190351024,15395.1287782758,3878981.0
Croatia,HRV,2022,34.7410650464618,100.0,100.0,,2154.95483266747,4.57371420212618,20.0657707482195,7.29445343642668,16618.1111874724,3855641.0
Croatia,HRV,2023,34.785739814153,100.0,100.0,,2237.23369863861,4.83573016043274,21.1543842881963,3.76164540703459,17225.154484029,3859686.0
Cuba,CUB,2000,22.6722532588454,62.8,97.0,34.4,1146.62965504967,2.6101013141558,25.535082151714,5.9147601740486,4112.26168350671,11109109.0
Cuba,CUB,2001,23.135009310987,67.0,96.2,34.0,1116.77994621466,2.49667717503705,24.8623841628159,3.18502990449461,4229.90309433356,11144132.0
Cuba,CUB,2002,23.8217877620077,69.85,95.5,34.8,1037.52939903133,2.3766937945776,23.7013441300368,1.42482126141282,4277.39565642359,11177418.0
Cuba,CUB,2003,24.2866541353383,72.9,96.5,33.6,1029.43346967314,2.30143800064642,22.5059329493165,3.79274022304334,4426.96599591833,11209383.0
Cuba,CUB,2004,24.7514331359835,75.9,96.6,33.8,1003.51882706152,2.25263365447208,22.0396303955187,5.77053807021559,4670.18802138025,11238756.0
Cuba,CUB,2005,25.2113866967306,78.6,96.8,26.3,946.329944254021,2.32679017565643,21.5268299936084,11.2016564219094,5182.35283601732,11262554.0
Cuba,CUB,2006,25.68072911773,80.7,96.9,22.0,943.950122138325,2.3753319353995,22.2047369498775,12.0658631129953,5799.41163668615,11278550.0
Cuba,CUB,2007,26.1452461480646,82.55,97.1,18.6,896.176370398525,2.44623324395833,22.5269990563768,7.26213696647943,6215.76603727772,11287272.0
Cuba,CUB,2008,26.6121758737317,84.6,97.3,18.7,951.380570130012,2.36176603793102,22.3864961360912,4.11682804164681,6469.08507847668,11291762.0
Cuba,CUB,2009,27.0791055993987,86.2,97.6,19.0,922.433325080438,2.38540684367623,22.6047036082474,1.4513054307407,6561.25305093006,11294719.0
Cuba,CUB,2010,27.5460353250658,87.65,97.8,15.6,1000.18410148569,2.49451002437816,22.8936077602288,2.39035229650723,6716.49048497058,11297409.0
Cuba,CUB,2011,27.9086306766608,88.8,98.0,19.2,969.828922638862,2.45522503021925,22.258298304102,2.80230083647626,6902.16397571139,11301571.0
Cuba,CUB,2012,28.4372099128918,90.1,98.3,19.4,989.672645686508,2.55579516374824,23.3671948701822,3.01490028898772,7109.24834185635,11303175.0
Cuba,CUB,2013,29.5835732105162,91.0,98.5,18.2,939.539657450213,2.56876181773557,23.150308497952,2.74760256257211,7307.82004410741,11298167.0
Cuba,CUB,2014,30.1249759661604,91.8,98.7,23.2,957.502047515328,2.38402768086374,22.1520752925073,1.04757663187654,7392.48324633027,11285775.0
Cuba,CUB,2015,30.5859750240154,92.6,99.0,21.1,977.911020303909,2.61116898217438,22.3538093576701,4.4383335888395,7727.91997207998,11275065.0
Cuba,CUB,2016,31.1514801999231,93.1,99.2,19.2,960.436964626777,2.42368545978683,22.9428012655288,0.512843095700745,7774.0698462623,11265612.0
Cuba,CUB,2017,31.233140655106,93.7,99.4,22.0,923.435423623599,2.35681925818751,24.3566251471414,1.80979178380274,7927.27769431767,11247829.0
Cuba,CUB,2018,31.233140655106,94.2,99.6,24.0,879.967792727537,2.38546526365894,24.8779064658428,2.24794852913217,8120.43123558256,11227118.0
Cuba,CUB,2019,31.233140655106,94.5,99.8,23.1,865.534592725481,1.98985150737589,24.5495399680549,-0.163087223606624,8124.75282059108,11202846.0
Cuba,CUB,2020,31.233140655106,94.7,99.9,24.5,854.374889761112,1.6536430395816,23.0186675609211,-10.9494359030206,7252.28811179844,11176354.0
Cuba,CUB,2021,31.233140655106,94.9,100.0,20.9,814.636458485932,1.95602152386118,23.347541717258,1.25448735650322,7379.04275283674,11122168.0
Cuba,CUB,2022,31.233140655106,94.9,100.0,,815.615862798832,1.78698206661591,23.7832356383659,1.77465227724316,7552.33152218842,11059820.0
Cuba,CUB,2023,31.233140655106,94.9,100.0,,,1.81740702369189,24.497265486032,-1.92937123169681,7433.42885399674,11019931.0
Curacao,CUW,2000,,,100.0,0.1,15737.4929646986,,14.7899219306528,,21523.645846078,133860.0
Curacao,CUW,2001,,,99.9,0.6,16822.3232965303,,17.4657123656503,-0.695753704098053,22171.0654932071,129047.0
Curacao,CUW,2002,,,99.9,0.6,16514.1127118309,,16.5039464506558,0.397065216763636,22231.8792561824,129205.0
Curacao,CUW,2003,,,99.8,0.6,15429.1801756291,,15.483181105965,0.288186681651752,21840.8912647914,131897.0
Curacao,CUW,2004,,,99.8,0.6,15940.4432872767,,15.02736671908,0.208461073109362,21512.1115522523,134192.0
Curacao,CUW,2005,,,99.7,0.6,14857.2079227624,,15.4098404091381,0.676425345201665,21112.3218717015,137658.0
Curacao,CUW,2006,,,99.7,0.6,14173.7542929601,,16.0921965506674,1.63593468987035,20913.6629896021,141239.0
Curacao,CUW,2007,,,99.7,0.6,15739.9605046222,,16.3959922621749,2.46996322836787,21011.1570121301,144056.0
Curacao,CUW,2008,,,99.7,0.5,14857.6293771313,,15.2140225018826,2.18804308019168,21202.4304610307,145880.0
Curacao,CUW,2009,,,99.7,0.5,15357.3651335183,,16.9450402530542,-0.531308242338184,20952.8997952543,146833.0
Curacao,CUW,2010,,,100.0,0.5,13360.0021450019,,15.0197289233141,0.0823066088131412,20706.437408421,148703.0
Curacao,CUW,2011,0.157657657657658,,100.0,0.5,14346.8108243342,,13.6386620146608,0.508457572414372,20518.0985782641,150831.0
Curacao,CUW,2012,0.157657657657658,,100.0,0.6,14573.1049283609,,13.7863246725506,-0.34895035717112,20277.5112566223,152088.0
Curacao,CUW,2013,0.157657657657658,,100.0,1.1,13626.2436481406,,15.3389624484324,-0.635696647893425,19921.4771792975,153822.0
Curacao,CUW,2014,0.157657657657658,,100.0,1.4,14937.500719369,,16.3585494364432,-0.637398345190817,19529.5285930905,155909.0
Curacao,CUW,2015,0.157657657657658,,100.0,1.3,15175.8915126441,,16.5035976098599,0.45815174597594,19361.8129630226,157980.0
Curacao,CUW,2016,0.157657657657658,,100.0,1.4,12894.4531964629,,17.1537622222003,-1.06770769957464,18953.0538552203,159664.0
Curacao,CUW,2017,0.157657657657658,,100.0,1.9,10612.5565556293,,15.4098974290629,-1.27620931537493,18651.4796966993,160175.0
Curacao,CUW,2018,0.157657657657658,,100.0,2.5,9497.71301546317,,14.4127503636018,-2.10411142994484,18355.1765793615,159336.0
Curacao,CUW,2019,0.157657657657658,,100.0,2.5,5972.17142455573,,13.2746383749834,-3.20613171902549,17980.5297947929,157441.0
Curacao,CUW,2020,0.157657657657658,,100.0,2.8,5080.24893387534,,11.9846938667569,-18.4384703505393,14849.9696941839,155482.0
Curacao,CUW,2021,0.157657657657658,,100.0,2.8,5441.31998240944,,11.436769306643,4.18371193053579,15625.4114231051,153948.0
Curacao,CUW,2022,0.157657657657658,,100.0,,5649.73104335971,,11.1890586123849,6.90599999999999,16772.8147195764,153321.0
Curacao,CUW,2023,0.157657657657658,,100.0,,,,11.6877248208857,4.20199999999977,17326.9646862721,154654.0
Cyprus,CYP,2000,18.5725108225108,100.0,100.0,3.1,2264.91863707719,7.52680002574744,17.6860389784449,5.96530445494226,22383.96484375,947667.0
Cyprus,CYP,2001,18.5858225108225,100.0,100.0,3.0,2202.31996036706,7.25889846462136,17.3938040761177,3.95256258200938,23019.25,964127.0
Cyprus,CYP,2002,18.5991341991342,100.0,100.0,3.2,2193.91481710233,7.31170524942941,17.9301859605063,3.72297491128981,23604.189453125,981440.0
Cyprus,CYP,2003,18.6124458874459,100.0,100.0,3.2,2345.28181012039,7.84731740013405,18.0129342330248,2.62329962315329,23930.783203125,999590.0
Cyprus,CYP,2004,18.6257575757576,100.0,100.0,3.3,2162.85328059404,7.65231487166892,18.067453251524,5.02627226665527,24799.6484375,1017875.0
Cyprus,CYP,2005,18.6390692640693,100.0,100.0,3.4,2161.54002386306,7.63016201306566,17.8911353003281,4.85298762175586,25631.3671875,1036151.0
Cyprus,CYP,2006,18.652380952381,100.0,100.0,3.5,2209.33213219678,7.59803038263763,17.830157800694,4.71378358593959,26395.50390625,1054418.0
Cyprus,CYP,2007,18.6656926406926,100.0,100.0,4.3,2293.75458684904,7.74568058214957,18.1971192501955,5.09822614854798,27156.818359375,1072714.0
Cyprus,CYP,2008,18.6790043290043,100.0,100.0,5.7,2399.21662682596,7.78551565223927,17.8966297974596,3.64698922103939,27449.2265625,1091026.0
Cyprus,CYP,2009,18.692316017316,100.0,100.0,6.3,2311.55219411824,7.47035932974632,15.9545009113836,-2.01508203683694,26183.685546875,1109371.0
Cyprus,CYP,2010,18.7056277056277,100.0,100.0,6.5,2192.46748939146,7.01719074742689,14.4791152125979,2.28267100119788,26090.048828125,1127816.0
Cyprus,CYP,2011,18.7028138528139,100.0,100.0,7.6,2093.44029665285,6.67871500305715,12.7453636495298,0.416711868408683,25538.78125,1146493.0
Cyprus,CYP,2012,18.7,100.0,100.0,8.6,1936.16516091053,6.11139379970946,11.7579854336711,-3.44738151374587,24285.49609375,1165397.0
Cyprus,CYP,2013,18.6971861471861,100.0,100.0,9.7,1646.32678982431,5.440262861149,10.7492783120679,-6.58747751118347,22711.71875,1183895.0
Cyprus,CYP,2014,18.6943722943723,100.0,100.0,9.5,1659.57813297538,5.67256975156453,9.97287676875997,-1.77605867728616,22373.578125,1201801.0
Cyprus,CYP,2015,18.6915584415584,100.0,100.0,10.4,1677.40248205105,5.62213100101517,10.1909463210663,3.41892038889013,23088.44140625,1219502.0
Cyprus,CYP,2016,18.6807359307359,100.0,100.0,10.3,1761.87442919766,5.83770911607033,10.836514879496,6.57359080924678,24477.986328125,1237112.0
Cyprus,CYP,2017,18.6785714285714,100.0,100.0,10.9,1794.01732213218,5.87048294831676,11.3472324007128,5.75083236554525,25666.00390625,1254275.0
Cyprus,CYP,2018,18.6764069264069,100.0,100.0,12.0,1773.61456364017,5.67702050070156,12.0224270287232,6.27166360056404,26962.40625,1270737.0
Cyprus,CYP,2019,18.6742424242424,100.0,100.0,12.0,1758.05457120745,5.60889302704421,12.7890118881986,5.87559583386607,28167.16015625,1286671.0
Cyprus,CYP,2020,18.6720779220779,100.0,100.0,15.0,1638.57191138119,5.22358661605671,12.8234844954585,-3.22063018637567,26895.68359375,1302247.0
Cyprus,CYP,2021,18.6699134199134,100.0,100.0,15.6,1666.21660995085,5.25252617267475,11.4804477138081,11.3975590801512,29517.072265625,1317309.0
Cyprus,CYP,2022,18.6677489177489,100.0,100.0,,1682.70492545045,5.425313774533,10.375046731535,8.27372597293814,31370.55078125,1331370.0
Cyprus,CYP,2023,18.6655844155844,100.0,100.0,,1672.78575414138,5.35563459868429,11.3336799309353,3.61945644636856,31884.84375,1344976.0
Czechia,CZE,2000,34.1308399119969,100.0,100.0,5.9,4021.61848184496,12.902573099746,33.3054131766471,4.010669619984,12543.9364342367,10255063.0
Czechia,CZE,2001,34.1568396531642,100.0,100.0,6.3,4141.00267465915,12.9423815445542,33.7406533635544,2.9172195289956,12958.4667607533,10216605.0
Czechia,CZE,2002,34.1828393943316,100.0,100.0,7.3,4201.38475973945,12.4942776816049,33.0610183304209,1.51345949139996,13179.9878092741,10196916.0
Czechia,CZE,2003,34.2088391354989,100.0,100.0,6.7,4387.20916861071,12.8180719674459,32.2100439891755,3.300836832613,13618.9349633164,10193998.0
Czechia,CZE,2004,34.2392699974113,100.0,100.0,7.1,4486.66998957412,12.8990092380177,33.4524157670713,4.73633969683438,14259.63342798,10197101.0
Czechia,CZE,2005,34.2652731038053,100.0,100.0,7.5,4431.36895897075,12.6378778002542,33.5317423512837,6.37502886086791,15147.7214417611,10211216.0
Czechia,CZE,2006,34.295715210356,100.0,100.0,7.9,4519.45697588637,12.7739538554172,34.2768164992188,6.62317299177447,16107.3042502688,10238905.0
Czechia,CZE,2007,34.3217216828479,100.0,100.0,8.3,4485.47979116894,12.8496660008304,34.147619592136,5.48882595164517,16892.542854974,10298828.0
Czechia,CZE,2008,34.35217503884,100.0,100.0,9.0,4360.02770432797,12.1449804099396,33.6216094655094,2.61226807205139,17190.6470333289,10384603.0
Czechia,CZE,2009,34.3781848783014,100.0,100.0,10.2,4077.69663054804,11.4624026803688,32.9918730301951,-4.79832416684926,16272.8084766719,10443936.0
Czechia,CZE,2010,34.4086494885407,100.0,100.0,10.9,4308.57118358445,11.551447766509,32.7825374564339,2.71466509907701,16665.9317825137,10474410.0
Czechia,CZE,2011,34.4371617247184,100.0,100.0,12.2,4144.39895277279,11.253602294493,33.3153047782183,1.77238085338473,16926.2846674435,10496088.0
Czechia,CZE,2012,34.465673960896,100.0,100.0,12.8,4109.54462324211,10.8487615339863,32.6118775656289,-0.770668190622743,16772.3539223328,10510785.0
Czechia,CZE,2013,34.4986531986532,100.0,100.0,13.9,4110.99172821634,10.41753532722,32.3750644937133,-0.0418124160447491,16759.7808635642,10514272.0
Czechia,CZE,2014,34.5271691271691,100.0,100.0,14.8,3984.15406100189,10.1886522126064,33.5256056944841,2.24521219862635,17118.0425571578,10525347.0
Czechia,CZE,2015,34.5601606009584,100.0,100.0,14.8,3982.18836315647,10.2684424579836,33.515061761941,4.95875848915604,17931.5987670768,10546059.0
Czechia,CZE,2016,34.579070068644,100.0,100.0,14.8,3927.72515918366,10.3928969863904,33.0261220764687,2.58087013921376,18359.0978103904,10566332.0
Czechia,CZE,2017,34.6025126278979,100.0,100.0,14.5,4089.51341285553,10.4187499138699,32.2345069182507,5.17356529967881,19257.6930680911,10594438.0
Czechia,CZE,2018,34.6259551871519,100.0,100.0,14.7,4081.41868670154,10.2865042924091,31.2449402120943,2.83030588267866,19736.6295261285,10629928.0
Czechia,CZE,2019,34.6514173213048,100.0,100.0,15.9,4002.2461173426,9.72456561033821,30.8172927602906,3.56577658128261,20360.0599221814,10671870.0
Czechia,CZE,2020,34.6779919254939,100.0,100.0,17.0,3764.47161158552,8.86715826663618,29.6728490106408,-5.30487955463876,19233.1469549829,10697858.0
Czechia,CZE,2021,34.7066980208929,100.0,100.0,17.2,4056.31700066788,9.4724309646164,28.5164055991395,4.02901832055149,20373.8783043424,10505772.0
Czechia,CZE,2022,34.7369431785448,100.0,100.0,,3895.62928915395,9.15364691432385,29.2185730464326,2.8471706583814,20627.348651011,10672118.0
Czechia,CZE,2023,34.7623883740408,100.0,100.0,,3509.34804885656,7.88005974203708,30.0237282227463,0.0475803308973752,20272.5874017334,10864042.0
Denmark,DNK,2000,14.29,100.0,100.0,10.7,3491.17168608231,9.95378693898587,23.6797577866217,3.72400899471576,49266.9882757886,5339616.0
Denmark,DNK,2001,14.327225,100.0,100.0,11.1,3586.44822949877,10.2155097528674,22.8976347853224,0.95003224600012,49557.1509962227,5358783.0
Denmark,DNK,2002,14.36445,100.0,100.0,11.9,3536.23974586372,10.0932099016896,22.6551034070512,0.456530018779986,49624.5965359582,5375931.0
Denmark,DNK,2003,14.401675,100.0,100.0,12.7,3729.38314390985,11.0731621530472,22.1695327851468,0.441091006625101,49708.0909084109,5390574.0
Denmark,DNK,2004,14.4389,100.0,100.0,14.4,3598.35312921664,10.0130575815849,22.1370994736383,2.77635180744053,50956.3045398814,5404523.0
Denmark,DNK,2005,14.476125,100.0,100.0,16.1,3484.59359006274,9.34585026622716,22.1118631886264,2.35960882992528,52015.1841169021,5419432.0
Denmark,DNK,2006,14.51335,100.0,100.0,15.3,3729.69717999863,10.777426621291,22.6855310952049,3.81648769908172,53823.1590295482,5437272.0
Denmark,DNK,2007,14.550575,100.0,100.0,17.7,3626.53224599977,9.86357439194586,22.0583080495124,0.987173815945127,54113.9771471341,5461438.0
Denmark,DNK,2008,14.5878,100.0,100.0,18.5,3502.69455323849,9.21101037002735,22.6089943597854,-0.417178439991005,53572.5346568185,5493621.0
Denmark,DNK,2009,14.625025,100.0,100.0,19.3,3359.26672454922,8.7648139313193,19.8459601671915,-4.97447905669058,50635.9118061988,5523095.0
Denmark,DNK,2010,14.66225,100.0,100.0,21.2,3498.02225565498,8.75320381499808,19.3679354644121,1.58289703108802,51209.4492757775,5547683.0
Denmark,DNK,2011,14.8532,100.0,100.0,23.8,3218.55317400981,7.80618220175594,19.8459237938884,1.3108037609606,51667.5313210425,5570572.0
Denmark,DNK,2012,15.04415,100.0,100.0,26.9,3072.08722081193,6.9026384708987,19.8506421545794,-0.0054323016167074,51470.689845427,5591572.0
Denmark,DNK,2013,15.2351,100.0,100.0,27.0,3075.55142847176,7.18355983652162,19.734359858156,1.39267343161971,51970.3909324806,5614932.0
Denmark,DNK,2014,15.42605,100.0,100.0,30.2,2881.05250715935,6.41399137942491,19.4044479337978,1.27799983192831,52368.3625969272,5643475.0
Denmark,DNK,2015,15.617,100.0,100.0,32.5,2847.9879109495,5.99477468305967,19.5644428511085,2.10441456445301,53094.0133607574,5683483.0
Denmark,DNK,2016,15.6165,100.0,100.0,32.0,2891.02688317679,6.2287600754887,20.2319629319966,3.07304549209093,54300.2039621991,5728010.0
Denmark,DNK,2017,15.64,100.0,100.0,35.0,2896.57067618882,5.81887534735593,20.4236252284711,3.05647723922718,55601.0145717787,5764980.0
Denmark,DNK,2018,15.664,100.0,100.0,34.6,2870.41628591658,5.78874820578994,20.5755636281273,1.8600074900921,56355.0733084714,5793636.0
Denmark,DNK,2019,15.6875,100.0,100.0,37.2,2757.24986480703,5.17323991963432,20.6402200527554,1.71140093932736,57114.6227336347,5814422.0
Denmark,DNK,2020,15.711,100.0,100.0,39.5,2637.04300572344,4.76521606117498,19.5550544065806,-1.78010601831291,55934.5555945523,5831404.0
Denmark,DNK,2021,15.7345,100.0,100.0,39.5,2756.12264765988,5.04788249694838,19.3930980986428,6.50025445756295,59312.8158043771,5856733.0
Denmark,DNK,2022,15.758,100.0,100.0,,2580.54319180783,4.8270407249692,20.6688567291554,0.443832614908331,59108.7449374068,5903037.0
Denmark,DNK,2023,15.7815,100.0,100.0,,2482.85667093368,4.4073670007762,23.6155835404278,0.604587766175584,59026.9843650999,5946952.0
Djibouti,DJI,2000,0.241587575496117,3.8,56.0,31.4,,0.981643691172968,,,,747318.0
Djibouti,DJI,2001,0.241587575496117,3.9,56.1,31.7,,0.978850349987618,,,,771313.0
Djibouti,DJI,2002,0.241587575496117,4.2,49.7,32.4,,0.984069363754974,,,,795574.0
Djibouti,DJI,2003,0.241587575496117,4.4,56.4,32.9,,1.01644829438526,,,,813519.0
Djibouti,DJI,2004,0.241587575496117,4.5,56.6,33.6,160.992780744779,0.958088616236788,,,,826124.0
Djibouti,DJI,2005,0.241587575496117,4.8,56.8,33.1,165.640450589692,0.898629235897026,,,,839167.0
Djibouti,DJI,2006,0.241587575496117,5.0,55.5,33.0,167.102144983897,0.845443369901048,,,,855764.0
Djibouti,DJI,2007,0.241587575496117,5.4,57.2,32.5,163.51677705002,0.857834168831644,,,,874528.0
Djibouti,DJI,2008,0.241587575496117,5.6,57.4,33.1,,0.903852659358779,,,,892734.0
Djibouti,DJI,2009,0.241587575496117,6.0,57.6,34.4,,0.798988949312527,,,,911527.0
Djibouti,DJI,2010,0.241587575496117,6.5,57.9,32.5,,0.872452703625151,,,,930251.0
Djibouti,DJI,2011,0.241587575496117,6.8,58.1,32.0,,0.661108756660109,,,,948558.0
Djibouti,DJI,2012,0.241587575496117,7.3,54.6,32.3,,0.82337985015728,,,,966747.0
Djibouti,DJI,2013,0.241587575496117,7.6,58.6,29.9,,0.888889791475431,11.3865800627511,,2140.13769442336,984824.0
Djibouti,DJI,2014,0.241587575496117,8.0,58.9,29.4,,0.881106034903168,11.612957172612,7.19298728463697,2253.14082249768,1002717.0
Djibouti,DJI,2015,0.241587575496117,8.5,59.1,24.8,,0.800048612533605,11.3951494809576,7.30898563450799,2376.12554719873,1020313.0
Djibouti,DJI,2016,0.241587575496117,8.7,59.8,23.6,,0.718448267388038,11.3387071221455,7.1234323372872,2502.85181449431,1037653.0
Djibouti,DJI,2017,0.242018981880932,9.0,60.2,23.3,,0.641423683758974,12.4061244543166,5.458091517212,2596.45134698268,1054841.0
Djibouti,DJI,2018,0.243313201035375,9.3,62.4,24.7,,0.686269570717672,13.991615352663,4.77433934943193,2677.1650334451,1071882.0
Djibouti,DJI,2019,0.245901639344262,9.45,64.7,23.4,,0.765677513458601,14.6103467336685,5.54508081154978,2781.94350113484,1088709.0
Djibouti,DJI,2020,0.250215703192407,9.7,64.5,27.5,,0.674907798492202,14.5456933567204,1.2021151728969,2773.40661780097,1105188.0
Djibouti,DJI,2021,0.253377911993098,9.8,65.4,26.6,,0.731060389851309,15.4059788148715,4.40715667561153,2854.15987035097,1121248.0
Djibouti,DJI,2022,0.257308024158758,9.8,65.0,26.9,,0.762292717589368,15.0308727802738,5.16653702854374,2959.78673011268,1137096.0
Djibouti,DJI,2023,0.260724762726488,10.0,65.2,,,0.763263436905869,14.432376023443,6.80733529403308,3117.8155381531,1152944.0
Dominica,DMA,2000,63.8266666666667,79.6,81.1,11.1,,0.791113835734408,15.8601463842642,2.3402193777688,6879.59737273918,68511.0
Dominica,DMA,2001,63.8266666666667,80.7,82.1,9.4,,0.798090440487348,20.7378697934553,-0.0638434428881567,6897.65674086518,68288.0
Dominica,DMA,2002,63.8266666666667,82.0,87.7,13.6,,0.719645442976875,21.9320066334992,-3.08742052359268,6676.97271467957,68367.0
Dominica,DMA,2003,63.8266666666667,82.9,84.0,10.6,,0.817148443769973,17.6366125639906,5.80495468629533,7047.66189595946,68531.0
Dominica,DMA,2004,63.8266666666667,84.0,85.0,11.4,568.107328584539,0.871097903829626,16.8272462469191,4.09783662273917,7323.8530008275,68649.0
Dominica,DMA,2005,63.8266666666667,84.8,86.0,10.0,596.502458754037,0.856926702941776,16.0776967254217,0.915286472779144,7381.74728529453,68734.0
Dominica,DMA,2006,63.8266666666667,85.6,87.0,9.8,610.41188268465,0.908351015899776,16.4681516773035,4.40077479812059,7698.53701483824,68806.0
Dominica,DMA,2007,63.8266666666667,86.5,88.1,7.8,624.573329266344,1.09808706261711,16.1554158164328,5.3579375575878,8106.18951878325,68847.0
Dominica,DMA,2008,63.8266666666667,86.9,90.9,8.0,,1.06892845731548,14.5994243871575,7.12131217762231,8682.57378179773,68854.0
Dominica,DMA,2009,63.8266666666667,87.5,90.2,7.5,,1.0891031598513,13.1643405618567,-1.13575145648322,8582.71481435718,68864.0
Dominica,DMA,2010,63.8266666666667,88.1,91.3,10.3,,1.12258383072656,13.542839229991,-0.105610857694984,8574.27308682238,68859.0
Dominica,DMA,2011,63.8266666666667,88.3,90.1,13.8,,0.861656988110582,14.7847029833916,0.0427388878891435,8553.8384670104,69053.0
Dominica,DMA,2012,63.8266666666667,88.6,93.5,11.3,,0.785613009635695,15.0217799795012,-0.15739179314221,8532.34388117289,69118.0
Dominica,DMA,2013,63.8266666666667,89.1,94.6,11.4,,0.859212508068565,13.4469362528695,0.0045039972976042,8459.6586988024,69715.0
Dominica,DMA,2014,63.8266666666667,89.2,95.7,9.9,,0.950648686285933,13.5409587791002,2.33521742067693,8576.26367623609,70373.0
Dominica,DMA,2015,63.8266666666667,89.2,96.7,8.7,,1.02826303081949,11.9415971243125,-3.37338262476895,8282.59874702141,70410.0
Dominica,DMA,2016,63.8266666666667,89.0,97.8,10.7,,1.11628307904491,12.5108806035108,1.44724556489263,8499.52291903149,69606.0
Dominica,DMA,2017,63.8266666666667,88.65,98.9,9.7,,1.01027797243635,11.6477982459601,-7.5443637547282,7985.6341102129,68496.0
Dominica,DMA,2018,63.8266666666667,88.5,99.6,7.9,,1.04878692756769,16.4273165670357,2.964010610466,8261.16492553236,68174.0
Dominica,DMA,2019,63.8266666666667,88.2,99.9,7.6,,1.26988803771361,16.4478298361598,3.94809757938053,8624.51695993537,67880.0
Dominica,DMA,2020,63.8266666666667,87.7,100.0,8.6,,1.14098826454353,12.143682386304,-15.7064024545862,7302.94454951254,67573.0
Dominica,DMA,2021,63.8266666666667,87.1,100.0,8.8,,1.13687092646052,13.0406747989946,5.37983838954712,7738.31730070386,67202.0
Dominica,DMA,2022,63.8266666666667,86.8,100.0,8.9,,1.21509592074941,12.6067753689955,10.3968076616121,8590.92209069816,66826.0
Dominica,DMA,2023,63.8266666666667,86.2,100.0,,,1.22387610885581,12.7501207770175,3.65221012208734,8946.98822588042,66510.0
Dominican Republic,DOM,2000,40.8294348996067,83.7,88.8,19.1,856.256386147598,2.21497893219978,31.6704245093107,4.65172550299128,4123.10573163115,8584190.0
Dominican Republic,DOM,2001,41.0377768577934,84.7,89.8,18.9,819.653073657806,2.19583469940138,29.7327726328976,2.46937023763239,4158.98430282429,8720283.0
Dominican Republic,DOM,2002,41.2461188159801,85.4,89.7,17.9,882.200793773631,2.374394715007,31.088108747831,4.48650367045651,4280.80182397408,8852235.0
Dominican Republic,DOM,2003,41.4544607741668,86.0,89.2,18.9,783.89236996528,2.09259494333353,31.8823029095459,-1.34935744782766,4162.66686117661,8980620.0
Dominican Republic,DOM,2004,41.6628027323535,86.6,90.3,20.7,749.386905892802,1.91386125173149,31.8129445090859,2.58556667449577,4212.01044121773,9104892.0
Dominican Republic,DOM,2005,41.8711446905403,86.7,90.1,19.4,772.037711488806,2.03684886147845,30.2693576810614,9.43178931977285,4549.24957008857,9225034.0
Dominican Republic,DOM,2006,42.079486648727,86.7,90.1,18.0,792.6097043369,2.20308284293328,31.1098612659885,9.17120650955299,4904.71715839398,9341183.0
Dominican Republic,DOM,2007,42.2878286069137,86.9,96.9,17.9,812.279711429867,2.19492921592553,30.5469468544139,7.41840577774235,5204.78500652254,9455658.0
Dominican Republic,DOM,2008,42.4961705651004,87.0,97.6,17.7,772.574772036856,2.16443315822516,29.3755031583439,3.26808671288212,5308.92664966814,9573130.0
Dominican Republic,DOM,2009,42.7045125232871,87.1,97.9,17.3,743.587387722268,2.04647320109352,27.3561708818325,1.00345293018719,5294.64953374426,9695265.0
Dominican Republic,DOM,2010,42.9128544814738,87.1,98.1,16.9,773.404254862996,2.13109236851685,27.2729956898842,8.40114541209596,5666.45633430206,9820175.0
Dominican Republic,DOM,2011,43.0392465328089,87.6,97.9,16.8,780.082749539865,2.12429168575798,27.543253721519,3.19196227475523,5773.57403459156,9945621.0
Dominican Republic,DOM,2012,43.1656385841441,88.0,97.9,16.5,791.42994660033,2.17318836341436,27.3630347889582,2.77567100848816,5860.29893321013,10070411.0
Dominican Republic,DOM,2013,43.2920306354792,88.4,98.4,16.6,762.355920346053,2.10753894045547,28.042816852784,4.93473300709881,6075.03399972737,10193833.0
Dominican Republic,DOM,2014,43.4184226868143,88.8,98.5,17.3,745.786212900828,2.10372169025182,28.3860007406051,7.11122629673892,6430.27811051339,10315528.0
Dominican Republic,DOM,2015,43.5448147381494,89.5,98.6,14.9,797.923170664734,2.28789566173054,26.9345632876959,6.98771131236387,6800.95309395474,10434829.0
Dominican Republic,DOM,2016,43.7122748913268,90.1,98.9,15.3,842.638249219176,2.35715917178999,25.8795514870557,6.71974078681295,7177.75376475488,10551430.0
Dominican Republic,DOM,2017,43.8797350445042,90.6,100.0,16.9,824.396571608205,2.23015375777069,25.7840049829017,3.93386176401576,7379.39978067137,10666843.0
Dominican Republic,DOM,2018,44.0471951976816,91.25,98.9,15.9,860.8644315883,2.37696846787898,26.9196437003489,7.09751640210159,7818.70593240469,10782053.0
Dominican Republic,DOM,2019,44.3173806724841,91.8,99.0,14.4,938.583494670767,2.61257459696093,27.3564369481505,4.8940301149584,8117.04639185786,10894043.0
Dominican Republic,DOM,2020,44.4852298911864,92.3,100.0,16.0,842.611820450654,2.44597258432274,28.8243175766758,-7.92905234231061,7395.8734262396,11008300.0
Dominican Republic,DOM,2021,44.6530791098888,92.7,98.1,14.8,939.195582252068,2.66716087668998,30.8689593199686,14.0124289062207,8344.90510312395,11123476.0
Dominican Republic,DOM,2022,44.8209283285911,93.2,98.1,,950.470105292014,2.85936787390744,30.8255427451738,5.23795652902595,8698.13592094395,11230734.0
Dominican Republic,DOM,2023,44.9887775472934,93.5,99.6,,,2.89366632939923,29.3086832346831,2.19229848237939,8809.96335385949,11331265.0
Early-demographic dividend,EAR,2000,24.3154587381178,34.2094545761767,67.5004886155747,30.4115078474481,672.584750799077,1.65322501372533,33.7381883349497,4.36773102019379,2158.8733767333,2509431470.0
Early-demographic dividend,EAR,2001,24.2504565517004,35.2440015317728,68.2577741474039,30.2824344933359,668.17199326737,1.65183810159944,33.176389461389,1.2002164554104,2144.69783734623,2556335424.0
Early-demographic dividend,EAR,2002,24.1854148059714,36.2510858983052,69.1513339520849,29.6019530457092,679.471653322007,1.67372641046833,34.2466944969771,1.73460455798586,2143.67588181876,2601917557.0
Early-demographic dividend,EAR,2003,24.1205285755314,37.33120851441,70.8824068395399,29.033800310868,690.830149986856,1.71450590265813,33.8438259726734,4.97750125527557,2211.95868741619,2647109296.0
Early-demographic dividend,EAR,2004,23.9639661487466,38.3553055123658,71.1114199587976,28.3764922132302,711.169510762489,1.77960530826857,35.0450922566118,6.36558361842114,2312.5110972536,2693184997.0
Early-demographic dividend,EAR,2005,23.8992083808924,39.3909202967819,72.7507806716199,27.8795150462726,728.382672749811,1.82588565073927,36.3205303112042,5.9717681179724,2409.7524782084,2738846905.0
Early-demographic dividend,EAR,2006,23.8342816599609,40.4505631012035,73.7999828808332,27.1651772172781,746.860540748836,1.89253355001028,37.4544160282473,6.14128391149524,2515.60216032263,2784726644.0
Early-demographic dividend,EAR,2007,23.7693288338894,41.7480460270443,75.6550383386468,26.2096590198511,766.146173401741,1.97042433177719,37.1290679536991,5.76681812549049,2617.61581534939,2830531957.0
Early-demographic dividend,EAR,2008,23.7047339526198,42.9790094505989,77.4007795197428,25.9491221333158,786.630139488981,2.01353644127267,38.460712106263,3.48673124260084,2666.11094569761,2875943965.0
Early-demographic dividend,EAR,2009,23.6395645524701,44.4335962573989,78.2884199644018,25.4129390516275,793.839301652154,2.02076563233461,35.1421080590432,0.64699504158898,2641.46036980411,2921563644.0
Early-demographic dividend,EAR,2010,23.5748549328647,45.7655627421535,79.3901895116688,24.8615971543891,812.577194352047,2.09018483671092,35.7815608143166,6.38102086180527,2766.88281699468,2967104472.0
Early-demographic dividend,EAR,2011,23.4832648797478,47.3647252842715,81.1499828644284,24.0855008274837,822.220315086009,2.13572777035487,36.6961238836623,4.95235981152094,2859.22240884783,3013476947.0
Early-demographic dividend,EAR,2012,23.3917413516426,49.1346617365335,82.0524632421742,23.7687952198121,836.373756405216,2.21417129401198,36.3771682038298,4.23032506652108,2935.95209151149,3058869436.0
Early-demographic dividend,EAR,2013,23.3001834954405,51.2121744745033,83.7993125754694,24.0275019293983,836.597895456877,2.20096155382828,35.6358900069927,4.03077677401183,3010.1988692938,3103677284.0
Early-demographic dividend,EAR,2014,23.2095556579119,52.9684725401812,84.7520088398511,23.4924369677916,861.722450793759,2.27180089363971,34.8260901559493,3.98571115342467,3087.28170907983,3146800078.0
Early-demographic dividend,EAR,2015,23.1145831227005,55.2571061801681,86.8271544642577,23.2788830905664,860.92823065967,2.27042313979255,32.4358048630215,4.24282022448064,3174.36962020929,3190318707.0
Early-demographic dividend,EAR,2016,23.0686458167009,57.426478985939,88.3494481253503,23.2789953267586,871.536606871327,2.27572767470134,31.947989808737,4.13628805469052,3261.99599812662,3233033717.0
Early-demographic dividend,EAR,2017,22.979169217919,59.5459658374306,90.5086728796454,22.9476250496601,891.861098441034,2.34041885787167,32.5172839307576,4.4871113513677,3365.65570800726,3274060446.0
Early-demographic dividend,EAR,2018,22.9114950315294,61.7312098497205,91.9927109222765,23.0553629444334,892.668109304478,2.34914194747078,33.5732212487743,3.60797948282917,3444.80737958553,3314245247.0
Early-demographic dividend,EAR,2019,22.845451012812,63.8794312906402,92.7976553013368,23.4235915027361,899.45854914906,2.34551136850619,32.5854853967625,2.26986665615696,3480.18904220698,3355014793.0
Early-demographic dividend,EAR,2020,22.7804502901358,66.0584266650385,93.4557810564296,24.9895503831566,862.363351958047,2.20669817747014,31.5060348626974,-4.30295004163716,3290.1946903817,3396051187.0
Early-demographic dividend,EAR,2021,22.7044536487043,68.1126984948592,95.2423338887017,,910.570346376033,2.33798703980314,33.6592032549588,7.50999857340686,3500.20998909915,3432026092.0
Early-demographic dividend,EAR,2022,22.6533885340928,69.9427819751172,95.1575744950744,,943.128344625501,2.41944100399443,35.0333114712033,6.02119005770159,3669.67144770881,3470644834.0
Early-demographic dividend,EAR,2023,,71.8113902892427,95.7044381043822,,,2.48578818948767,33.7010194364235,4.59507205032629,3793.52187314813,3511607650.0
East Asia & Pacific,EAS,2000,26.0484255580453,40.9591307624726,92.0618144338661,22.4699992122275,1196.06644605495,3.29458155101208,33.9745321012076,5.46046822047464,5056.47338479158,2050149617.0
East Asia & Pacific,EAS,2001,26.1165805012214,42.055712712202,92.5437982270478,21.7860879921779,1205.51259685028,3.37533083666071,33.1573928219306,3.31347260685814,5177.21850451068,2068682053.0
East Asia & Pacific,EAS,2002,26.1855811477176,43.1408229438317,92.9648557230822,21.1665092061506,1249.12695234508,3.54131258790211,32.9947961087989,4.44552675504879,5362.11003612717,2086144389.0
East Asia & Pacific,EAS,2003,26.2467627565727,44.3117526515662,93.1629584469729,19.8363938905982,1335.0733671216,3.85738325374365,33.2549514287314,4.99196829478505,5585.29422036513,2102761941.0
East Asia & Pacific,EAS,2004,26.315591327774,45.7177976905377,93.9563207271355,17.9775346321832,1444.86755507908,4.21050109862321,33.5666045524572,5.8961192968507,5869.9841240498,2118747885.0
East Asia & Pacific,EAS,2005,26.3810976474689,47.2715659109721,93.575146301846,16.4297576010523,1516.79498463798,4.55307793288689,34.1271876721872,5.9566497873921,6173.52773117604,2134573057.0
East Asia & Pacific,EAS,2006,26.4461764645418,48.9078918160483,94.6471577043933,15.9686753943731,1593.05041314664,4.85228375111041,34.8386768802455,6.47993129557409,6524.30999120138,2150688938.0
East Asia & Pacific,EAS,2007,26.5147820447692,50.892033004086,94.6545403732641,15.0789487832137,1659.96400745446,5.14665987964942,35.2488758702688,7.48405766634296,6959.65968932647,2167046538.0
East Asia & Pacific,EAS,2008,26.5831145947306,52.8615551501755,95.2110838673573,14.735235141223,1677.04523871186,5.19942886939859,35.4218211158598,4.43315617318123,7213.51487084263,2183472438.0
East Asia & Pacific,EAS,2009,26.6515281256373,55.0015778854628,94.9833280630479,14.2636176245449,1727.23226972069,5.3996691604112,34.8812037407776,2.62409609496959,7350.03477529475,2199148703.0
East Asia & Pacific,EAS,2010,26.7194699133251,57.457049059057,95.5468324754052,13.434787598045,1856.09851451024,5.81654975558353,35.6584191427883,7.62675265966158,7855.36234558956,2214613815.0
East Asia & Pacific,EAS,2011,26.7708437581715,59.8871002149955,96.0189473952987,12.7263364615484,1914.39604814779,6.21926979429324,35.7021564366644,5.45100196166661,8223.35669138572,2230826576.0
East Asia & Pacific,EAS,2012,26.8220162300382,62.5357303539811,96.2092457835614,12.7952806131987,1947.8172550298,6.34131468170175,35.5253620649796,5.20891395964568,8581.48213952296,2249081393.0
East Asia & Pacific,EAS,2013,26.8738004615414,65.2330700808929,96.4756466990083,12.807588042962,1989.21398792676,6.51542193314512,35.6725373092568,5.27881586451304,8962.78821401788,2267072102.0
East Asia & Pacific,EAS,2014,26.9247362823134,68.0788185931607,96.6375595761929,13.1772220799983,2010.20689117482,6.52225101968073,35.8037390534085,4.79835612587867,9321.66592840668,2284385542.0
East Asia & Pacific,EAS,2015,26.9760461602674,70.5809942604462,96.9500599621312,12.9820393664344,2000.6809777292,6.42689753242251,35.0997240379964,4.7187640804806,9691.70576095155,2300844269.0
East Asia & Pacific,EAS,2016,27.0866795018853,73.0430431028612,97.0343965831866,13.3311956056945,1994.10921872918,6.41015459262032,34.3088280843799,4.65562872024383,10071.8615358636,2317076058.0
East Asia & Pacific,EAS,2017,27.0860590597728,75.523172177934,97.6915359289014,13.5844394239657,2044.40218763886,6.50728334868125,34.7819980816094,5.0621276153982,10507.3446728598,2333475520.0
East Asia & Pacific,EAS,2018,27.1167072640353,77.8183135320775,97.66096406877,13.7870493058758,2113.21476021091,6.7326608826646,34.9284460779112,4.79489718189352,10945.0220958063,2347576325.0
East Asia & Pacific,EAS,2019,27.148011008033,79.7718190041413,97.8752477120245,14.2375892668268,2164.41076445635,6.8464646686446,34.1907056654118,4.04297018230737,11328.7206349245,2359762190.0
East Asia & Pacific,EAS,2020,27.1798473794798,81.7442101916121,97.7976042617313,14.8081424064458,2177.54687180316,6.80323279009124,33.8677695698849,-0.0574924656287692,11276.053700591,2369420882.0
East Asia & Pacific,EAS,2021,27.1947367886103,83.3660114813536,98.1534049450822,,2289.25716877122,7.05688175402826,34.9599660546561,6.34482611371077,11962.7375119887,2375117716.0
East Asia & Pacific,EAS,2022,27.2266471169087,84.8268678976187,98.2139059282726,,2321.49962014263,7.06418419646893,34.9268472299649,2.9996184966993,12298.2762533191,2379617118.0
East Asia & Pacific,EAS,2023,,86.205219816791,98.4044624957692,,2662.49680242669,7.28175538742866,34.1396972073806,4.20566738267351,12789.571638276,2384441485.0
East Asia & Pacific (IDA & IBRD countries),TEA,2000,28.6925500098254,34.8689975493882,91.1382617877496,32.0473838064782,822.141112640822,2.45789026810541,43.3882112604008,7.72781464278273,2157.91938010453,1795374943.0
East Asia & Pacific (IDA & IBRD countries),TEA,2001,28.8136956102372,36.1247497412333,91.6799157877188,30.8543840241225,839.421421362005,2.5543822832626,43.4137940235821,6.98037371250516,2286.769782477,1812475067.0
East Asia & Pacific (IDA & IBRD countries),TEA,2002,28.9358719564947,37.3689055994986,92.1533732164058,29.6069654396592,885.107874120636,2.7206269512185,43.1630855292714,8.15469726244726,2451.24530806912,1828744767.0
East Asia & Pacific (IDA & IBRD countries),TEA,2003,29.0446691275299,38.7089819690308,92.3781448783281,26.9036923956426,979.679553636252,3.07500298096998,43.7261502511067,9.02324508755987,2649.81645849929,1844349334.0
East Asia & Pacific (IDA & IBRD countries),TEA,2004,29.1664770720136,40.3150545534079,93.2661505857218,23.4592336952789,1090.20652918351,3.46781346061868,44.1357210013634,9.1487031229267,2868.75214281979,1859450104.0
East Asia & Pacific (IDA & IBRD countries),TEA,2005,29.2826250030136,42.0842175653892,92.8453973742828,20.8868291125453,1178.6405093037,3.85399679542643,45.0993224171988,10.0489530850295,3131.70612955601,1874487158.0
East Asia & Pacific (IDA & IBRD countries),TEA,2006,29.3980361920713,43.9366085914302,94.0415260035912,19.9088668343395,1262.3700203105,4.20157558284545,45.572385606038,11.0697749181109,3450.72859160877,1889507244.0
East Asia & Pacific (IDA & IBRD countries),TEA,2007,29.5194856160287,46.1706402672591,94.0514635510722,18.5148999605136,1337.27303443163,4.513898432829,45.0088505830579,12.4510064196282,3849.69406453497,1904568042.0
East Asia & Pacific (IDA & IBRD countries),TEA,2008,29.6405314058962,48.3814990417697,94.6719920462074,17.8640720779668,1365.79688758377,4.60774995315397,45.2102390125136,8.64836099430298,4149.94050469473,1919570287.0
East Asia & Pacific (IDA & IBRD countries),TEA,2009,29.7617075691507,50.7875303823165,95.3078523738531,17.0208227881363,1435.20864605085,4.86957891001162,44.2391855711414,8.01546409792513,4448.74654682988,1934167856.0
East Asia & Pacific (IDA & IBRD countries),TEA,2010,29.8822081284818,53.547434427004,95.898601883303,15.7610889736946,1559.42497179179,5.28280186102213,44.205670219351,9.89753255215437,4852.74429762631,1948643347.0
East Asia & Pacific (IDA & IBRD countries),TEA,2011,29.9188363639084,56.2826084410723,96.4018892391827,14.7046669134649,1645.09207035321,5.70529464116961,44.3995550338523,8.58476796444963,5228.04137782468,1964036970.0
East Asia & Pacific (IDA & IBRD countries),TEA,2012,29.9553637419207,59.2612022730177,96.5865908716016,14.7099408406947,1690.21582378661,5.83187286125212,43.5315808583562,7.57909022403884,5575.0423073001,1981382735.0
East Asia & Pacific (IDA & IBRD countries),TEA,2013,29.9929336138951,62.292307844699,96.8583126264425,14.5828878425143,1736.35082407121,6.03524365552768,42.4202748554134,7.31729025308712,5931.59468379823,1998548872.0
East Asia & Pacific (IDA & IBRD countries),TEA,2014,30.0288363604178,65.48072427121,97.0127423122849,14.8262934267536,1768.17399531823,6.08045545163767,41.5168791060311,7.02298938584751,6296.46330191384,2014960984.0
East Asia & Pacific (IDA & IBRD countries),TEA,2015,30.0653988863597,68.2810508516685,97.3350470103173,14.5102816361425,1760.80424654879,5.99670790153029,39.4896311083617,6.66143007471555,6664.48834577557,2030504270.0
East Asia & Pacific (IDA & IBRD countries),TEA,2016,30.1955018764199,71.0340454852691,97.4026392373466,14.9020380294471,1752.09105289361,5.97844881963991,38.369337572609,6.50996577419185,7045.21470188624,2045816761.0
East Asia & Pacific (IDA & IBRD countries),TEA,2017,30.1977661920145,73.8066416796618,98.1121893727336,15.1902273112057,1802.63943215718,6.07097834515506,38.6817696353986,6.66644763513351,7457.89049178297,2061449949.0
East Asia & Pacific (IDA & IBRD countries),TEA,2018,30.2474800867242,76.3656952569493,98.051229750632,15.2801719188239,1884.14605822846,6.35078087847344,38.6229156454481,6.53695468640676,7894.2971157874,2074796982.0
East Asia & Pacific (IDA & IBRD countries),TEA,2019,30.2971600901202,78.5419907167146,98.2647901194399,15.7206717226655,1951.15159433555,6.50982542987854,37.5086771406525,5.88576805304417,8312.92246043013,2086281644.0
East Asia & Pacific (IDA & IBRD countries),TEA,2020,30.3464279431611,80.7403366094,98.1521712499121,16.2041019103429,1987.21508617756,6.52688671659682,36.6764310161464,1.34509522212088,8386.63950211,2095759417.0
East Asia & Pacific (IDA & IBRD countries),TEA,2021,30.3673334512939,82.5485831341568,98.5259377999818,,2097.12219161021,6.79804477264612,37.9131292981514,7.71948799394286,9005.72161441987,2102350702.0
East Asia & Pacific (IDA & IBRD countries),TEA,2022,30.4169723411631,84.1759836820185,98.5687468444318,,2143.54847654303,6.83682797672911,37.9128570851469,3.54808390633295,9303.52211202573,2107261123.0
East Asia & Pacific (IDA & IBRD countries),TEA,2023,,85.7011387493324,98.7474424069608,,2511.50760112573,7.11350044632207,36.7525021830536,5.25522126120326,9774.45468650513,2111139152.0
East Asia & Pacific (excluding high income),EAP,2000,28.8787217125815,34.4312036123365,91.1381444668449,31.6527774362387,822.284813918603,2.46536037993299,43.3980504223689,7.7287822942059,2132.39099441931,1819011507.0
East Asia & Pacific (excluding high income),EAP,2001,28.9976224044947,35.6759559855214,91.6798073934451,30.4766600589993,839.628431846102,2.56176205126637,43.4231966303359,6.98057065855873,2259.8145439145,1836260943.0
East Asia & Pacific (excluding high income),EAP,2002,29.1175525361883,36.9082089549278,92.1532731163709,29.2833650336476,884.225216349308,2.72437122952603,43.1719041715478,8.15516032067922,2422.47283050058,1852659155.0
East Asia & Pacific (excluding high income),EAP,2003,29.224121698416,38.2359884957498,92.3780477719541,26.642756693053,977.758377961348,3.07461623107266,43.7350988335657,9.02400838958577,2618.81249841519,1868409996.0
East Asia & Pacific (excluding high income),EAP,2004,29.3436849370451,39.8271862653907,93.2660680387975,23.2719848484571,1087.03931636766,3.46303280644141,44.1448119131642,9.14914906890942,2835.24719161171,1883675167.0
East Asia & Pacific (excluding high income),EAP,2005,29.4575969392588,41.5811533681786,92.8453003628586,20.7412125979338,1174.71978376892,3.84561991877033,45.1086466513726,10.0494089212275,3095.23156174672,1898853723.0
East Asia & Pacific (excluding high income),EAP,2006,29.5707744184067,43.4163367909094,94.0414555134156,19.7794500219053,1257.43629433017,4.18936745129756,45.5815165942985,11.0703093286525,3410.6740869072,1914002124.0
East Asia & Pacific (excluding high income),EAP,2007,29.6899805734978,45.6297918165087,94.0513892360771,18.442744793017,1329.64968006066,4.49082287984058,45.0174495670723,12.451766841908,3805.17838200242,1929185103.0
East Asia & Pacific (excluding high income),EAP,2008,29.8087837798201,47.8218101399494,94.6719310490636,17.7862359678226,1358.73676151161,4.58671691508385,45.2187045216172,8.64882758953465,4102.12956719619,1944305887.0
East Asia & Pacific (excluding high income),EAP,2009,29.9277171141612,50.206604893496,94.4276339127764,16.97060416335,1426.82094843454,4.84328525865724,44.2473368542596,8.01603787822016,4397.68279304561,1959017463.0
East Asia & Pacific (excluding high income),EAP,2010,30.0459762237886,52.9409812756053,95.0553706554353,15.7296949227323,1549.14984837932,5.24990739192369,44.2135666803346,9.89795112070593,4797.24821906567,1973602166.0
East Asia & Pacific (excluding high income),EAP,2011,30.0809964950272,55.6500637929087,95.5816815305151,14.7055801193074,1631.3632063662,5.65774152841963,44.407435293865,8.58482682972515,5168.48039467882,1989106668.0
East Asia & Pacific (excluding high income),EAP,2012,30.1159161243546,58.6014785121759,95.7951654492221,14.7136828117177,1675.80540451316,5.78131370124571,43.5394059061259,7.57914812749358,5511.82607552871,2006566431.0
East Asia & Pacific (excluding high income),EAP,2013,30.1518759173314,61.6035280955815,96.0928535168264,14.6049166091883,1720.02866946792,5.97762312203748,42.4277987793817,7.31754182442093,5864.64068313952,2023850158.0
East Asia & Pacific (excluding high income),EAP,2014,30.1861723058996,64.7632419542567,96.2740993565598,14.8403680079479,1751.89903530367,6.02446626280268,41.5242462880759,7.02297626347401,6225.65318734608,2040383789.0
East Asia & Pacific (excluding high income),EAP,2015,30.2211269975806,67.539475180093,96.6218250728069,14.5349935193322,1743.43428058207,5.93749878650864,39.4966443487951,6.6614246586106,6589.77076427462,2056050896.0
East Asia & Pacific (excluding high income),EAP,2016,30.3489231481857,70.2677839723321,96.7165341917277,14.9330102136904,1735.33171932716,5.92120471537406,38.3761567102292,6.51009063718404,6966.47191689918,2071486140.0
East Asia & Pacific (excluding high income),EAP,2017,30.349838038918,73.0157947159141,97.4453072983769,15.1598217902853,1789.76862992439,6.03063050404931,38.6886137427269,6.66672230599954,7374.82622244547,2087238522.0
East Asia & Pacific (excluding high income),EAP,2018,30.3978455200357,75.5547846027561,97.4123829747175,15.2617412584325,1869.44295683305,6.30349613208098,38.6296835864233,6.53713724894706,7806.58513374745,2100698838.0
East Asia & Pacific (excluding high income),EAP,2019,30.445819729641,77.7140508600294,97.650096061791,15.6869369882801,1936.42006358564,6.46382495043622,37.5151599065249,5.88586101772282,8220.71036562155,2112289891.0
East Asia & Pacific (excluding high income),EAP,2020,30.493382897753,79.894584845175,97.5651849682476,16.1762699381612,1971.59042459145,6.47851984777322,36.6827044985204,1.34522560098827,8293.69666986026,2121866294.0
East Asia & Pacific (excluding high income),EAP,2021,30.5126618369843,81.692449244824,97.9599209910295,,2078.78978982215,6.74065000258692,37.9195791718088,7.71979646853708,8905.88464694349,2128553744.0
East Asia & Pacific (excluding high income),EAP,2022,30.5605968976033,83.3048333335027,98.0273720891056,,2124.8762701815,6.77992863279642,37.9192668938292,3.54811147025219,9200.23508783493,2133560408.0
East Asia & Pacific (excluding high income),EAP,2023,,84.8209492500933,98.2376383007189,,2511.50760112573,7.05574473677688,36.7587748514551,5.25527986417276,9665.75975299647,2137527754.0
Ecuador,ECU,2000,55.2846674182638,88.4,93.7,19.4,638.756054226183,1.73867458688905,34.6929113152167,1.09180164720277,3953.39879728357,12689206.0
Ecuador,ECU,2001,55.0018883878241,89.3,94.0,17.1,668.563680952542,1.88347840635006,28.4638100268279,4.20627185748789,4049.0001889951,12910740.0
Ecuador,ECU,2002,54.7191093573844,90.1,94.2,17.1,709.305743944436,1.84934747358749,27.9809746339912,4.92809549611376,4174.89793579965,13138472.0
Ecuador,ECU,2003,54.4363303269448,90.9,95.0,16.6,770.215737177298,1.86512333773995,27.5468648555501,2.88450036512064,4220.21298466638,13372306.0
Ecuador,ECU,2004,54.1535512965051,91.5,94.8,16.7,785.591926855098,1.96681520153907,29.6637383769892,6.83239736646514,4430.23717984188,13608701.0
Ecuador,ECU,2005,53.8707722660654,92.0,95.8,16.2,837.891418715488,2.08473639953538,32.1244730702211,5.39862243994342,4589.32849203452,13846163.0
Ecuador,ECU,2006,53.5879932356257,92.4,96.3,14.2,811.02739152362,2.19912763838417,34.7933483797009,4.34113198577639,4706.98056823816,14086131.0
Ecuador,ECU,2007,53.305214205186,92.8,96.8,15.9,875.476008346416,2.20911448593679,35.4352292862054,1.90242859700484,4715.30359842555,14328773.0
Ecuador,ECU,2008,53.0224351747463,93.1,97.2,15.3,762.824711258849,2.24142348078606,38.9201614839835,6.56492068224719,4939.90215021789,14575202.0
Ecuador,ECU,2009,52.7396561443067,93.3,96.5,12.9,830.344069134027,2.38705043871039,31.0916213331503,1.0910129698311,4909.33681705683,14825954.0
Ecuador,ECU,2010,52.456877113867,93.8,97.5,11.8,867.465226710609,2.53722052479008,33.9061751825852,4.02913787986621,5022.20374387205,15076695.0
Ecuador,ECU,2011,52.2885649863102,93.8,96.9,13.2,891.346717905666,2.50021091296638,37.4057005178901,8.48147656332823,5359.45724615639,15326227.0
Ecuador,ECU,2012,52.1202528587534,94.0,97.2,13.2,872.14170563726,2.48269447452299,37.0917503800762,5.783212336172,5579.85624282158,15572194.0
Ecuador,ECU,2013,51.9519407311966,94.1,98.0,11.8,911.670139950059,2.60378102840693,36.8322936524171,7.21123653679159,5893.32172683036,15807128.0
Ecuador,ECU,2014,51.7836286036399,94.3,99.0,12.2,983.236124319332,2.71026279559796,35.7119955282529,4.22606520388456,6055.04172761485,16035124.0
Ecuador,ECU,2015,51.6153164760831,94.4,98.8,13.1,936.659126017204,2.66047592480738,28.0900423392523,0.119692109287612,5976.1596805651,16266225.0
Ecuador,ECU,2016,51.3565388951522,94.4,98.7,14.8,885.602158222866,2.548787986578,27.5339637947157,-0.687954245877947,5849.13587933672,16505139.0
Ecuador,ECU,2017,51.0977613142213,94.5,99.2,17.0,897.948107586853,2.44983761168802,28.4680086969835,5.97039880954841,6104.27253521751,16759519.0
Ecuador,ECU,2018,50.8389837332904,94.6,98.7,16.3,869.583266013291,2.47598953802116,28.0147488586162,1.04429460679607,6063.0956178776,17049547.0
Ecuador,ECU,2019,50.5802061523595,94.6,99.1,17.7,903.972772011095,2.41784020907472,26.6504631266844,0.1654044646003,5971.38938386723,17340021.0
Ecuador,ECU,2020,50.3214285714286,94.6,98.9,20.2,785.425200484029,2.08585799722046,23.9811344799811,-9.24509619165865,5355.68934196443,17546065.0
Ecuador,ECU,2021,50.0626509904977,94.6,100.0,18.9,886.141180629787,2.32777079470983,27.3494898826986,9.42189269033631,5815.09477390949,17682454.0
Ecuador,ECU,2022,49.8038734095668,94.7,100.0,,904.739923624519,2.47809443692364,29.5835905417542,5.86842354862311,6107.49495006543,17823897.0
Ecuador,ECU,2023,49.5450958286359,94.7,98.7,,,2.60232947756693,27.5754259552504,1.98823813984235,6174.81822806637,17980083.0
"Egypt, Arab Rep.",EGY,2000,0.0594806368978854,82.2,97.7,8.3,569.881356092312,1.75027301728806,30.7518670979124,6.37000382991766,2458.60835003016,73083284.0
"Egypt, Arab Rep.",EGY,2001,0.060126575920438,86.2,97.4,7.8,634.095104088458,1.89148509278964,30.8988569835517,3.53525197391507,2492.03441188721,74652029.0
"Egypt, Arab Rep.",EGY,2002,0.0607725149429906,89.6,97.5,7.3,636.526193894253,1.90141842765088,32.5835048825548,2.39020402573726,2498.48121191713,76239137.0
"Egypt, Arab Rep.",EGY,2003,0.0614184539655432,92.1,98.8,7.4,647.53985335306,1.89914658738482,33.3705868263473,3.19345473739745,2524.80477192682,77853548.0
"Egypt, Arab Rep.",EGY,2004,0.0620643929880958,94.3,97.8,7.6,692.141360028845,2.0184066565906,34.6679167525242,4.0920716112534,2574.42341789124,79477443.0
"Egypt, Arab Rep.",EGY,2005,0.0627103320106484,95.7,99.4,6.5,778.769640304157,2.1995658648073,34.1486722376973,4.47174447174434,2635.70305227819,81101004.0
"Egypt, Arab Rep.",EGY,2006,0.0633562710332011,97.0,99.0,6.2,806.402489163819,2.28386190572735,36.1547353084021,6.84383819379117,2761.62410769792,82700403.0
"Egypt, Arab Rep.",EGY,2007,0.0640022100557537,97.8,98.4,6.0,844.384421346476,2.39637572755543,35.0653866809882,7.08782742681038,2902.06559804963,84276225.0
"Egypt, Arab Rep.",EGY,2008,0.0646481490783063,98.4,99.8,5.9,859.150259001023,2.35283522329508,36.2125516471245,7.15628356605819,3052.21297844721,85864789.0
"Egypt, Arab Rep.",EGY,2009,0.0652940881008589,98.8,98.9,5.7,862.435116243687,2.40386934022582,35.8164459796584,4.67359979952391,3135.09661303014,87501636.0
"Egypt, Arab Rep.",EGY,2010,0.0659400271234115,99.1,99.4,5.4,838.166707475228,2.37407988100642,35.7845184816841,5.1472348575531,3233.84521246786,89196072.0
"Egypt, Arab Rep.",EGY,2011,0.0624802852981064,99.4,99.4,5.4,860.053119855617,2.40787061503775,35.9517175990081,1.7645719489982,3222.37650111856,91093059.0
"Egypt, Arab Rep.",EGY,2012,0.0590205434728013,99.5,99.7,5.3,866.240866672303,2.50058176167515,39.2513148623634,2.22619979863525,3220.99194203067,93161001.0
"Egypt, Arab Rep.",EGY,2013,0.0555608016474961,99.7,99.9,5.3,825.189960336054,2.39951090462348,39.8869544184046,2.18546605362143,3216.3783902629,95333553.0
"Egypt, Arab Rep.",EGY,2014,0.052101059822191,99.8,99.8,5.4,832.772090858109,2.39012321445552,39.890323943662,2.91591187985748,3235.66246235257,97528654.0
"Egypt, Arab Rep.",EGY,2015,0.0486413179968858,99.8,99.3,5.3,810.817127279737,2.40381816615146,36.6302017267482,4.37201907790141,3306.98159414141,99597342.0
"Egypt, Arab Rep.",EGY,2016,0.0451855944547692,99.8,100.0,5.1,872.581407763809,2.46076060182603,32.4559533476046,4.34664345555447,3381.22246306207,101644589.0
"Egypt, Arab Rep.",EGY,2017,0.0451855944547692,99.9,100.0,4.9,897.218073562482,2.52378641552398,34.3958677753768,4.18122099994778,3452.90961245539,103696057.0
"Egypt, Arab Rep.",EGY,2018,0.0451855944547692,99.9,100.0,5.0,870.813573488394,2.42443152195678,35.3298750589345,5.3311086189448,3568.63966286161,105682094.0
"Egypt, Arab Rep.",EGY,2019,0.0451855944547692,99.9,100.0,6.2,844.783013447093,2.20383858928624,35.8254244102931,5.55209307156956,3701.2446345188,107553158.0
"Egypt, Arab Rep.",EGY,2020,0.0451855944547692,99.9,100.0,6.7,805.259456646637,2.25205800434348,32.3694442999707,3.55016483786838,3770.86947867421,109315124.0
"Egypt, Arab Rep.",EGY,2021,0.0451855944547692,99.9,100.0,6.1,857.821938469275,2.35795200966486,31.1876357851451,3.29064601202211,3837.31992324447,110957008.0
"Egypt, Arab Rep.",EGY,2022,0.0451855944547692,99.9,100.0,,902.48842991302,2.29974804261299,32.7114314313038,6.58784560886967,4029.78295457978,112618250.0
"Egypt, Arab Rep.",EGY,2023,0.0451855944547692,99.9,100.0,,928.39494742708,2.40830000255291,32.7344752545444,3.76028052279247,4111.3118478995,114535772.0
El Salvador,SLV,2000,32.523166023166,58.4,84.5,33.5,537.110967454389,0.975676073120854,26.8777211081236,1.12790697674419,2964.89346881406,5943366.0
El Salvador,SLV,2001,32.3059845559846,60.6,87.1,33.1,568.00569056859,1.01143420139878,27.0779450585016,0.879613659882722,2978.59734844669,5968060.0
El Salvador,SLV,2002,32.0888030888031,62.3,87.5,34.0,582.453658736363,1.01123653687692,27.2751357818747,1.57291844759789,3016.06307728602,5986631.0
El Salvador,SLV,2003,31.8716216216216,64.1,87.0,33.9,622.386657178414,1.09683944534382,26.9525306163395,1.56539303147618,3057.16467629097,5998599.0
El Salvador,SLV,2004,31.6544401544402,66.1,87.4,33.3,627.60446428589,1.13733125428521,25.6039214354494,0.889404485692197,3081.23629665234,6004671.0
El Salvador,SLV,2005,31.4372586872587,67.8,87.5,34.1,643.90315216252,1.17101134978182,24.4712886106953,2.68083009363194,3163.36118376833,6005578.0
El Salvador,SLV,2006,31.2200772200772,69.5,89.2,34.8,686.957827636037,1.23104086937065,24.4717932435785,4.3369986028604,3302.34817354347,6002319.0
El Salvador,SLV,2007,31.0028957528958,71.2,91.1,28.2,694.537311720365,1.29431410969772,24.5219333695828,1.84760220587859,3359.1623024135,6009824.0
El Salvador,SLV,2008,30.7857142857143,73.1,91.0,31.5,702.300695812568,1.17600775015727,25.8812946540508,2.15440298282768,3420.44927357444,6029297.0
El Salvador,SLV,2009,30.5685328185328,74.9,91.1,32.2,689.42246753204,1.14057238430965,24.9700311675857,-2.10876837627522,3337.81150878211,6048279.0
El Salvador,SLV,2010,30.3513513513514,76.7,91.6,32.6,697.036927315506,1.10817799335525,25.2759118643186,2.15419536693635,3398.49346060363,6068249.0
El Salvador,SLV,2011,30.1341698841699,78.5,92.6,29.5,692.505312990967,1.15322718229029,26.1954132809565,3.77358499834686,3514.069144355,6090127.0
El Salvador,SLV,2012,29.9169884169884,80.4,93.7,30.3,701.457404594185,1.14454180790729,26.589358065851,2.88770010188691,3601.44222914588,6113975.0
El Salvador,SLV,2013,29.699806949807,82.15,95.0,27.5,660.094150213557,1.080823263161,26.1216427113687,2.18295232499635,3665.1547327058,6138839.0
El Salvador,SLV,2014,29.4826254826255,83.9,95.1,24.0,649.043175650273,1.10571957770258,26.0135339989829,1.7293998423459,3713.94992016222,6162955.0
El Salvador,SLV,2015,29.265444015444,85.5,95.4,21.0,674.353996656659,1.17485133438427,25.2889295441979,2.40000008852115,3790.34089108162,6183676.0
El Salvador,SLV,2016,29.0482625482625,87.2,96.0,20.7,686.997805008996,1.18183137659657,24.8348278708617,2.53906241135864,3875.84691357954,6200800.0
El Salvador,SLV,2017,28.8310810810811,88.6,96.8,25.0,674.665441622059,1.06736376872868,25.1714727339037,2.24761908134138,3954.84014277572,6213533.0
El Salvador,SLV,2018,28.6138996138996,89.9,97.0,23.2,694.567755248769,1.14186822838715,25.0755067570813,2.4124442237792,4046.16291720583,6219807.0
El Salvador,SLV,2019,28.3967181467181,90.9,97.4,19.4,734.803208380046,1.30285851671355,25.3481437171191,2.43747159065784,4143.11437097867,6222318.0
El Salvador,SLV,2020,28.1795366795367,92.0,99.7,23.7,669.910725026867,1.06717705964691,23.7247499015898,-7.893101359867,3808.53195436409,6234673.0
El Salvador,SLV,2021,27.9623552123552,92.9,97.9,21.9,722.148396888114,1.20400614983067,24.1049005031825,11.9047617015957,4247.54750394978,6255782.0
El Salvador,SLV,2022,27.7451737451737,93.7,100.0,,768.683429492147,1.34798885215862,23.7319470400488,2.95461516549889,4355.96083888359,6280319.0
El Salvador,SLV,2023,27.5279922779923,94.4,98.3,,,1.46387486797945,23.184509690748,3.5391566928735,4489.17787712717,6309624.0
Equatorial Guinea,GNQ,2000,93.2470588235294,18.9,64.8,45.9,342.94581014711,3.90257636016432,,18.2137799569674,3839.08642737128,703279.0
Equatorial Guinea,GNQ,2001,92.9491265597148,19.05,64.9,46.1,346.083765897848,4.80185000453432,,63.3798754250602,5882.85050306586,749836.0
Equatorial Guinea,GNQ,2002,92.6511942959002,19.5,64.9,31.3,450.928237072084,4.02553019774249,,19.4628340359251,6604.00546310809,797957.0
Equatorial Guinea,GNQ,2003,92.3532620320856,19.9,64.9,29.5,453.514851450604,4.23488728118491,,13.9552503163825,7082.65489186921,847862.0
Equatorial Guinea,GNQ,2004,92.0553297682709,20.6,64.9,7.2,1539.1056670147,6.97831022194269,,37.9987268556423,9208.60566707162,899917.0
Equatorial Guinea,GNQ,2005,91.7573975044563,21.05,65.0,7.1,1455.03413482451,6.75102679320686,,16.7487006053541,10212.4545051498,947367.0
Equatorial Guinea,GNQ,2006,91.4594652406417,21.3,65.1,7.0,1362.7589016065,6.44857387793926,82.9149022419933,7.70491760658767,10521.9996774827,990343.0
Equatorial Guinea,GNQ,2007,91.1615329768271,21.9,65.1,8.5,1453.90111971209,6.88812444259124,81.3016985801085,15.2821139194857,11594.9172068456,1036044.0
Equatorial Guinea,GNQ,2008,90.8636007130125,21.9,65.2,7.2,1403.26066049911,6.0917632522844,84.3491943279293,17.7991091333811,13048.0703050168,1084530.0
Equatorial Guinea,GNQ,2009,90.5656684491979,22.6,65.4,9.2,1375.88349844257,4.82339546682892,75.3247324271881,1.34335628806095,12627.862381545,1135673.0
Equatorial Guinea,GNQ,2010,90.2677361853832,22.9,66.1,5.7,1352.16483458066,4.8069734291493,74.7445614275894,-8.92417588851806,10984.3243932426,1189085.0
Equatorial Guinea,GNQ,2011,89.9697682709447,23.3,66.1,5.6,1451.36432822459,4.80007408391614,78.0648736933954,6.52392362989873,11203.9073679091,1241835.0
Equatorial Guinea,GNQ,2012,89.6718003565062,23.9,65.7,4.4,1434.92228201116,4.3371269664928,77.3115042713314,8.31287184445641,11650.7196270884,1293483.0
Equatorial Guinea,GNQ,2013,89.3738324420677,23.6,65.9,3.7,1674.89731821487,4.25139167653382,72.4492577432395,-4.13319850131583,10731.6455729191,1346218.0
Equatorial Guinea,GNQ,2014,89.0758645276292,23.9,66.0,4.9,1480.61701335792,4.08471612226645,70.1909452181904,0.415066301596866,10363.4872473549,1399828.0
Equatorial Guinea,GNQ,2015,88.7778966131907,24.2,66.1,5.5,1329.54186375437,3.71883517902943,59.1005872679086,-9.11004114881537,9068.91003238645,1453923.0
Equatorial Guinea,GNQ,2016,88.4798573975044,24.1,66.2,4.8,1510.32394648061,3.57336561935995,52.3302543282798,-8.81641723219757,7971.83401904573,1508186.0
Equatorial Guinea,GNQ,2017,88.1818181818182,23.8,66.4,5.0,1291.24482554605,3.12788819223808,56.8622280929059,-5.66750850486686,7259.10936454803,1562396.0
Equatorial Guinea,GNQ,2018,87.8837789661319,23.7,66.5,4.8,1409.34005936781,3.28825022178614,57.2950816179221,-6.23654406734575,6578.90039765711,1616422.0
Equatorial Guinea,GNQ,2019,87.5857397504456,23.3,66.6,7.4,1273.74315217578,3.0669803260373,52.0754100364789,-5.48182537893445,6018.12066321865,1670177.0
Equatorial Guinea,GNQ,2020,87.2877005347594,23.0,66.7,6.5,1121.3790829434,2.86058347723348,45.4054105758078,-4.79108083383294,5575.26241511492,1716468.0
Equatorial Guinea,GNQ,2021,86.9896613190731,22.8,66.8,5.2,1300.88396062046,2.86038210447434,50.201792113968,0.860269956382069,5487.92479201992,1758786.0
Equatorial Guinea,GNQ,2022,86.6916221033868,22.7,67.0,4.2,1283.9351679017,2.82155421683407,56.2109990617836,3.22350831658598,5524.24312418579,1803545.0
Equatorial Guinea,GNQ,2023,86.3935828877005,22.1,66.9,,,2.57914675064098,46.5038081676499,-5.08930872071532,5118.21986148331,1847549.0
Eritrea,ERI,2000,11.0738613861386,3.5,29.3,76.8,315.395535029609,0.298304740789068,19.160680418751,-3.14198590251638,845.132430060544,2247031.0
Eritrea,ERI,2001,11.0425742574257,3.9,30.3,74.8,322.668541220259,0.318025465392835,18.5335104260986,8.75543552816325,893.268735439193,2312079.0
Eritrea,ERI,2002,11.0112871287129,4.4,32.2,74.7,299.832707809687,0.30322050599713,19.1738449069837,3.0054291917378,889.009113592982,2392978.0
Eritrea,ERI,2003,10.98,4.8,32.4,75.0,330.949471726041,0.28084492460212,19.69660113404,-2.65551592487554,830.379672282601,2493903.0
Eritrea,ERI,2004,9.14032076920136,5.3,33.4,69.8,268.667667611852,0.276105306425318,19.6127388525368,1.45173556595506,808.591420184592,2598284.0
Eritrea,ERI,2005,9.1109855799934,5.7,34.5,74.7,264.190146723474,0.227039153168759,20.4623875049573,2.57444955124846,809.794793468889,2661215.0
Eritrea,ERI,2006,9.08647415225366,6.3,35.6,77.3,245.383387133755,0.200998556686845,18.1529072515031,-0.969217110711355,789.402432018085,2703502.0
Eritrea,ERI,2007,9.0582202286878,6.8,36.7,79.1,244.433724354807,0.1932399200648,19.1952082293037,1.42682221120323,789.072701743247,2743222.0
Eritrea,ERI,2008,9.03025466560542,7.3,37.8,81.4,239.25916399818,0.164434030565343,25.9146824489119,-9.78303001782456,693.398874212494,2816327.0
Eritrea,ERI,2009,9.00325161746643,7.7,38.9,81.7,244.677921933455,0.166523251445262,21.8193391437224,3.8765015275421,702.430936480778,2887885.0
Eritrea,ERI,2010,8.97748379233609,8.2,40.1,80.9,248.894956494924,0.175472788475838,,2.19419034888082,703.877374381654,2945186.0
Eritrea,ERI,2011,8.94961638502077,8.5,41.2,77.1,258.760972689353,0.205637180109289,,8.67980010138049,751.374899794668,2998485.0
Eritrea,ERI,2012,8.92402610724028,9.2,42.3,78.4,262.063036384126,0.208858250345408,,,,3036988.0
Eritrea,ERI,2013,8.90034222261119,9.4,43.5,79.7,260.936166552643,0.193080836336668,,,,3074360.0
Eritrea,ERI,2014,8.87519711563943,9.9,44.6,80.5,265.941391175018,0.192428662307406,,,,3095173.0
Eritrea,ERI,2015,8.84524597758958,10.2,45.8,81.2,271.621174865657,0.185989838823833,,,,3105546.0
Eritrea,ERI,2016,8.81997366660957,10.6,46.9,81.4,277.263825443909,0.191122470075508,,,,3124698.0
Eritrea,ERI,2017,8.79432689018704,11.0,48.0,81.6,278.046653683449,0.186042997803099,,,,3150347.0
Eritrea,ERI,2018,8.76775721087697,11.2,49.1,80.8,282.970999568768,0.205182976484296,,,,3192760.0
Eritrea,ERI,2019,8.74145380877288,11.4,50.3,80.6,285.072046929144,0.207888786905969,,,,3240194.0
Eritrea,ERI,2020,8.71821523958664,11.7,51.4,80.9,284.944148661073,0.204024524264334,,,,3291271.0
Eritrea,ERI,2021,8.68225472898591,12.0,52.5,80.7,286.998662898016,0.212495854704056,,,,3350183.0
Eritrea,ERI,2022,8.65617743125414,11.9,53.4,,289.547794683649,0.219947692397037,,,,3409447.0
Eritrea,ERI,2023,8.63010013352237,12.0,54.4,,,0.220205798195592,,,,3470390.0
Estonia,EST,2000,52.8164661476763,100.0,100.0,19.8,3377.645508595,12.7571162181412,24.8827014515579,10.0876385800462,10006.7696280939,1396985.0
Estonia,EST,2001,53.0456003774475,100.0,100.0,18.9,3589.37747318315,13.1461730476221,25.378642214491,5.88074589534277,10662.9455020331,1388115.0
Estonia,EST,2002,53.2747346072187,100.0,100.0,19.3,3375.56515275032,12.7007648530105,25.4828331665145,6.93300082616575,11474.6622721923,1379350.0
Estonia,EST,2003,53.5038688369899,100.0,100.0,19.9,3680.05850823958,14.2657873234504,26.1058068328068,7.59630181032645,12424.0441535693,1370720.0
Estonia,EST,2004,53.733003066761,100.0,100.0,20.0,3952.3382123667,14.7118270889142,25.4261030005361,6.80070110758655,13348.5284463324,1362550.0
Estonia,EST,2005,53.9621372965322,100.0,100.0,18.9,4015.42832630309,14.813456108948,26.2552926540896,9.52305386462066,14703.6179707772,1354775.0
Estonia,EST,2006,54.1912715263034,100.0,100.0,17.2,4006.73962643142,14.4285385466398,26.9431146026321,9.76257131206653,16234.5152041417,1346810.0
Estonia,EST,2007,54.4204057560746,100.0,100.0,18.6,4690.13970340714,17.1806098397828,26.8422158711628,7.57091879311882,17543.4661785723,1340680.0
Estonia,EST,2008,54.6495399858457,100.0,100.0,20.5,4142.50947696917,15.6166002288552,26.1319416506077,-5.12531154308803,16688.997772178,1337090.0
Estonia,EST,2009,54.8786742156169,100.0,100.0,24.2,3360.6644887123,13.0675938449549,23.2761523015463,-14.6302225427906,14274.8511086787,1334515.0
Estonia,EST,2010,55.1078084453881,100.0,100.0,25.3,4419.42268300424,16.6849546555512,24.0345491849484,2.4497502063999,14657.939813612,1331475.0
Estonia,EST,2011,55.508799245105,100.0,100.0,25.2,4311.6949178562,16.8260839104471,25.3466745057015,7.60697458913162,15820.922342204,1327439.0
Estonia,EST,2012,55.9097900448219,100.0,100.0,25.0,3984.06344804238,16.0506269014195,24.6316781428684,3.67201872506541,16460.6843479001,1322696.0
Estonia,EST,2013,54.9117552334944,100.0,100.0,24.5,4435.56686367547,17.9337282254815,24.6780044555117,1.75649379621869,16809.5326683781,1317997.0
Estonia,EST,2014,55.3027835288705,100.0,100.0,25.3,4226.20121103955,17.3074333704818,24.1060210413845,3.32278988182702,17413.6867560212,1314545.0
Estonia,EST,2015,55.6938118242466,100.0,100.0,28.2,3695.11919135189,15.9815175075091,23.1154851402023,1.83815262882932,17722.1557669523,1315407.0
Estonia,EST,2016,55.6993328732459,100.0,100.0,27.2,4579.42111654538,15.6467217413113,23.2340417592371,3.09301920751959,18264.9873304279,1315790.0
Estonia,EST,2017,57.0385964912281,100.0,100.0,27.5,4444.84667060588,16.6729670316324,23.180862044638,5.63467248963991,19270.8141210511,1317384.0
Estonia,EST,2018,57.0385964912281,100.0,100.0,28.6,4282.71513259126,17.8889647853178,23.288660554967,3.69969756161726,19914.3454922878,1321977.0
Estonia,EST,2019,57.0385964912281,100.0,100.0,31.3,3661.49925395092,11.6534202327534,22.313384878363,3.72664943466884,20579.8756732376,1326898.0
Estonia,EST,2020,57.0385964912281,100.0,100.0,40.4,3368.23730668515,9.12576098778358,21.7717078135052,-2.88380751483778,19946.945696898,1329522.0
Estonia,EST,2021,57.0385964912281,100.0,100.0,38.0,3427.29968051085,9.71169075504984,22.8309113256209,8.25488044580031,21570.6658455268,1330932.0
Estonia,EST,2022,57.0652937046572,100.0,100.0,,3559.04893160478,11.1341597224282,23.0907684533786,-1.22616966587796,21023.2994937246,1348840.0
Estonia,EST,2023,57.0652937046572,100.0,100.0,,3089.39333905852,8.37350742837627,21.3455594501819,-2.74421914571231,20126.3730486957,1370286.0
Eswatini,SWZ,2000,27.5162790697674,24.9,20.4,60.1,913.698267523096,1.05395164651138,40.5992598426629,1.76017342169806,2273.04683761056,1041414.0
Eswatini,SWZ,2001,27.5869186046512,26.4,26.9,60.9,896.447007609265,1.05797553716995,40.5236959549355,1.41221393287066,2283.98316815361,1051064.0
Eswatini,SWZ,2002,27.6575581395349,27.8,25.9,63.6,895.040020351145,1.02176525167518,40.6081262544602,4.0886479398829,2358.56935643468,1059441.0
Eswatini,SWZ,2003,27.7281976744186,29.1,28.7,66.5,877.574503283173,0.941876816349489,39.4301244039439,4.53865525672528,2448.83792077995,1066700.0
Eswatini,SWZ,2004,27.7988372093023,30.3,31.4,66.6,855.867486067816,0.926703312370301,41.0771172653395,3.61711931922247,2522.14342097167,1073159.0
Eswatini,SWZ,2005,27.8694767441861,31.7,34.2,67.0,858.521707685069,0.918331600282478,41.0212746530708,5.99228289096037,2658.75180508187,1079022.0
Eswatini,SWZ,2006,27.9401162790698,32.9,35.2,66.8,900.421781084863,0.921123975965387,40.8003700979418,6.72880946564094,2823.48728215402,1084436.0
Eswatini,SWZ,2007,28.0107558139535,34.5,39.8,66.9,902.867073860652,0.946543749226418,41.1762081293634,4.31772144872362,2928.46845823015,1090705.0
Eswatini,SWZ,2008,28.0813953488372,35.9,42.6,67.8,888.920326582466,0.922510065194961,40.0734428796074,1.44055358727118,2950.67334362132,1098091.0
Eswatini,SWZ,2009,28.1520348837209,37.6,38.6,66.7,995.276783530389,0.949461296309199,40.6050176238161,1.43311134247756,2973.83456912379,1105153.0
Eswatini,SWZ,2010,28.2226744186047,39.2,45.6,68.5,835.944523913655,0.769666711644852,38.7137888432086,3.82443487429767,3069.52175725884,1111650.0
Eswatini,SWZ,2011,28.2932558139535,40.6,51.2,69.3,1001.76421858039,0.733025416139978,37.8793869465389,1.83973625916165,3108.70225253092,1117833.0
Eswatini,SWZ,2012,28.3638372093023,42.0,54.3,68.8,995.751763389746,0.72161820435409,37.7231797224699,4.09048190124592,3218.50138205493,1123863.0
Eswatini,SWZ,2013,28.4344186046512,43.6,57.5,66.1,1022.77677200785,0.851954442074709,36.5678764085872,4.09458522119226,3332.11983927912,1129990.0
Eswatini,SWZ,2014,28.505,44.5,65.0,68.3,1005.34809850195,0.865001201268328,36.1654875610372,2.05738179246586,3381.79292071291,1136299.0
Eswatini,SWZ,2015,28.5755813953488,45.7,64.1,68.8,1046.30784939115,0.858320652635208,36.9658639938824,1.70425806017289,3419.82276559528,1142813.0
Eswatini,SWZ,2016,28.646511627907,47.0,63.4,64.3,1035.35273669945,0.910738255617408,37.821426598306,2.94916821059911,3500.17688847942,1149507.0
Eswatini,SWZ,2017,28.7168604651163,47.75,73.5,65.3,996.714704846792,0.916771355428058,34.9112500521839,3.52095345987983,3596.23605400492,1158195.0
Eswatini,SWZ,2018,28.7872093023256,48.4,74.0,65.7,989.952755531414,0.908609504939992,34.0032885839109,0.0653956557843571,3565.54285067501,1168929.0
Eswatini,SWZ,2019,28.8575581395349,48.7,77.0,64.4,1023.13885273742,0.962899428244033,34.6470784405459,6.43186888691574,3759.67106964666,1179874.0
Eswatini,SWZ,2020,28.9279069767442,49.4,80.0,63.7,991.485746872995,0.805379931233331,31.4449555517552,-2.95183453409287,3609.3669136859,1192729.0
Eswatini,SWZ,2021,28.9982558139535,49.5,82.9,65.4,951.152984722388,0.81982905586225,33.159909885424,4.23621913615419,3719.03838239806,1206593.0
Eswatini,SWZ,2022,29.0686046511628,49.9,82.3,64.7,958.916943750887,0.883161035575023,34.6863783098992,0.386070835562705,3695.64957179548,1218917.0
Eswatini,SWZ,2023,29.1389534883721,50.3,86.4,,,0.876387437363166,34.5064388032849,3.53257662836211,3790.16576788091,1230506.0
Ethiopia,ETH,2000,18.5285,0.8,12.7,95.5,363.603550531224,0.0575065136518114,11.4104671171237,6.07321748125295,247.505413659694,67411494.0
Ethiopia,ETH,2001,18.4555,0.9,10.2,94.6,366.971780860921,0.0688999021151379,11.9279294612334,8.30130632267965,260.04231608135,69487762.0
Ethiopia,ETH,2002,18.3825,1.0,11.9,94.5,366.758089028477,0.068704745999111,12.7402796419574,1.51472570667433,256.066635883709,71635517.0
Ethiopia,ETH,2003,18.3095,1.0,13.5,94.2,367.63116772625,0.0712516626956825,12.8995022232624,-2.16135972256865,243.076666020009,73832663.0
Ethiopia,ETH,2004,16.1585536311313,1.1,15.2,94.1,367.777166433932,0.0753366257956424,12.6855403366012,13.5726031401471,267.923513391712,76077206.0
Ethiopia,ETH,2005,16.0938359195173,1.2,14.0,94.7,365.389330954915,0.0698363747100678,11.7888335264129,11.8187659491625,290.833381425059,78367470.0
Ethiopia,ETH,2006,16.0289636874706,1.3,18.6,94.5,366.046138985671,0.071814738123469,11.5923160493911,10.8347270679373,313.013896721503,80703490.0
Ethiopia,ETH,2007,15.9640279304701,1.5,20.3,94.1,367.675946638422,0.0764266442296692,11.5894966658928,11.4561670019891,338.799064654308,83103217.0
Ethiopia,ETH,2008,15.9002339512815,1.7,22.0,94.1,368.664919304241,0.0802467343345623,10.2068542889297,10.7885216870332,364.642208155735,85543668.0
Ethiopia,ETH,2009,15.8352653925443,1.9,23.7,94.2,368.511855785931,0.0785136417026359,9.68348044252178,8.8025531990487,385.632419711374,88007636.0
Ethiopia,ETH,2010,15.7708287737324,2.2,25.5,94.1,368.354746710272,0.0760019100821557,9.43512813822331,12.5505383347633,421.898622378633,90538514.0
Ethiopia,ETH,2011,15.706088146017,2.6,23.0,93.6,371.365873516346,0.0854374939680603,9.6646421928884,11.1782962297008,455.909628648555,93149970.0
Ethiopia,ETH,2012,15.6413077967478,3.0,29.0,93.3,371.835988806056,0.0938018335872736,9.47613796506918,8.64781163513926,481.639999909808,95798767.0
Ethiopia,ETH,2013,15.5767628847107,3.4,30.8,92.4,376.060890534794,0.106072048801188,10.9445569914695,10.5822700502552,518.324662208106,98438751.0
Ethiopia,ETH,2014,15.5125439694869,3.8,27.2,91.4,380.177588735816,0.122678387639653,13.4713245062584,10.2574929627477,556.362532243867,101115610.0
Ethiopia,ETH,2015,15.4478434691779,4.3,29.0,91.5,380.062892430497,0.130068091316854,16.2977936386153,10.3924630141307,597.912113218663,103867135.0
Ethiopia,ETH,2016,15.3828977407906,4.7,42.9,90.4,383.623509864643,0.15021997848876,21.9325618536317,9.43348265981905,636.835680951429,106718162.0
Ethiopia,ETH,2017,15.3182908234333,5.2,44.3,90.8,382.08010457893,0.144744318001779,23.5819066692345,9.56418965754014,678.98541915757,109666481.0
Ethiopia,ETH,2018,15.2534899740501,5.6,44.8,90.0,384.725728343228,0.155059082147088,27.3057073050799,6.81614778557282,705.96881207336,112664152.0
Ethiopia,ETH,2019,15.1886779997606,5.9,48.0,89.3,386.237241195762,0.159693432847017,24.8223642571985,8.36408573314054,744.702789753973,115737383.0
Ethiopia,ETH,2020,15.1239877246579,6.2,51.1,90.7,380.656754967252,0.151498089800296,23.102295222549,6.05953089054807,768.705424485209,118917671.0
Ethiopia,ETH,2021,15.0601822445542,6.5,54.2,90.6,373.902183810576,0.156331429015701,21.8500262615029,5.64153069257077,790.65701959778,122138588.0
Ethiopia,ETH,2022,14.9955852855138,6.9,55.4,,377.921752731092,0.146229646781817,22.7175269590867,5.32175988403378,811.177729326201,125384287.0
Ethiopia,ETH,2023,14.9308975782695,7.1,55.4,,,0.147767891652244,24.483682223713,6.59424599357075,842.44660489404,128691692.0
Euro area,EMU,2000,36.4511724014054,100.0,99.9939024363854,7.68788679257207,3668.05008203938,8.58820948785813,24.9427086497298,3.90141358203564,30853.1385054093,325789631.0
Euro area,EMU,2001,36.6031748291873,100.0,99.9939756507346,7.88714977861375,3753.11801261208,8.6921679399722,24.6382486733781,2.18509855153397,31423.952566199,326861195.0
Euro area,EMU,2002,36.741664286821,100.0,99.9923040847624,7.71666100470046,3737.27049855719,8.6672231584189,24.1765950240727,0.946766858097888,31566.1273129298,328469678.0
Euro area,EMU,2003,36.8800781488481,100.0,99.9924104678383,8.26622650651417,3805.45107234976,8.81447806772754,23.8219843522901,0.75319113715031,31628.9508530599,330286340.0
Euro area,EMU,2004,37.0301089713321,100.0,99.9905592807387,8.5257639408072,3838.51072744992,8.81800285510226,23.7264319939191,2.31187462582069,32179.5603833867,332140117.0
Euro area,EMU,2005,37.1769191026169,100.0,99.9891180707919,8.85240005083539,3830.76203447148,8.73398153336474,23.5323965838333,1.77166717086934,32577.2810721025,333897752.0
Euro area,EMU,2006,37.330432144016,100.0,99.9873358295859,9.66259662253437,3825.96668055615,8.64753107888006,23.7022605655196,3.32457136193729,33499.6140523812,335499702.0
Euro area,EMU,2007,37.4745581109206,100.0,99.9897388322153,10.7826491973959,3744.72423061683,8.51372653737632,23.6840203194255,3.01116848351764,34325.8913160023,337282985.0
Euro area,EMU,2008,37.6269166048801,100.0,99.9924120987328,11.4584461004547,3718.26498485013,8.27556115473114,23.3008385914946,0.410531246374063,34294.4150107331,338978475.0
Euro area,EMU,2009,37.7730009498857,100.0,99.9953505242731,12.5390429242373,3497.60303299689,7.6173882532996,21.7648484797891,-4.48276627207102,32645.5191413239,340136844.0
Euro area,EMU,2010,37.8997998373631,100.0,99.9960449134606,13.3653292881949,3614.34111200805,7.83700036671839,21.9790474581716,2.11823129195227,33252.3689886555,341002804.0
Euro area,EMU,2011,37.9825055555912,100.0,99.9961207318092,13.4342559883708,3487.54301856318,7.58047142633389,21.9633207561464,1.7775447306567,33906.6275617053,340367367.0
Euro area,EMU,2012,38.0586267367064,100.0,100.0,14.8828725196823,3445.54958698502,7.45895568615715,21.7759519767234,-0.920856755560266,33522.1754688076,341100659.0
Euro area,EMU,2013,38.1195319218445,100.0,100.0,15.7039596875564,3410.91663276807,7.27448342994735,21.4496117312847,-0.166724880410968,33413.4989986022,341639530.0
Euro area,EMU,2014,38.2000880228884,100.0,100.0,16.3222210722072,3269.30548506514,6.90178072599978,21.3131280332015,1.45587546223307,33841.6103940756,342228563.0
Euro area,EMU,2015,38.2886443231227,100.0,100.0,16.3384695385984,3311.38867059749,7.03213884990114,21.6592205403206,2.14365367393994,34471.1747135027,343180482.0
Euro area,EMU,2016,38.3424329853776,100.0,100.0,16.3515161082474,3311.4342649246,7.00635992812743,21.6571323953923,1.80158112775391,34995.0723160118,344132977.0
Euro area,EMU,2017,38.4214377029921,100.0,100.0,16.5781248896323,3343.85875752965,7.00817593902876,21.6335129665037,2.62262590499378,35842.3298274979,344810179.0
Euro area,EMU,2018,38.4755940115801,100.0,100.0,17.5470865076425,3280.87151560212,6.81157336036356,21.6475882452419,1.77991130879937,36369.0726205231,345864630.0
Euro area,EMU,2019,38.5299337534434,100.0,100.0,18.1354055105348,3223.6339809124,6.4810670393849,21.5959722618689,1.62263181033828,36891.7993038494,346496601.0
Euro area,EMU,2020,38.5864873497182,100.0,100.0,19.8074872686191,2978.61449640542,5.81024558611911,21.5437442442846,-6.05674425052126,34608.4614772745,346986142.0
Euro area,EMU,2021,38.6407612725581,100.0,100.0,,3147.59414387948,6.18401448949253,21.7502371715299,6.43713755486188,36812.8039945725,347207191.0
Euro area,EMU,2022,38.6983532052914,100.0,100.0,,2945.12300052697,6.04271643704466,22.3269795807324,3.6592192433758,38051.0445374525,348200155.0
Euro area,EMU,2023,,100.0,100.0,,2806.74106122297,5.51904385053362,22.6900208583923,0.473405522226571,38060.382262715,349762722.0
Europe & Central Asia,ECS,2000,37.8662429161615,95.3960037460603,99.1153070613535,7.60963626922575,3177.56891913811,8.07673509027769,25.2778319315229,4.40863983120377,18477.5285403385,865392479.0
Europe & Central Asia,ECS,2001,37.9146199900179,95.6321494038445,99.1655507745026,7.60911900870341,3220.69874223443,8.11616229728235,24.8615817148082,2.22899478180152,18863.273716802,866590696.0
Europe & Central Asia,ECS,2002,37.9619082319171,95.8650521577571,99.203941671041,7.57546823402183,3221.93881128999,8.09738684259982,24.3421801754801,1.56278535307661,19121.7872126142,868234843.0
Europe & Central Asia,ECS,2003,38.0075168689196,96.0673914300689,99.2130325995693,7.6788565938799,3308.71418407178,8.35827816230675,24.0369441587838,1.82628001807383,19419.6815424207,870529446.0
Europe & Central Asia,ECS,2004,38.053853073694,96.270216723274,99.2390073501008,7.93527297018763,3342.81559241591,8.35307533496453,24.0858766323004,3.17874600502034,19978.690365054,873069464.0
Europe & Central Asia,ECS,2005,38.1002771222337,96.4660957363461,99.2799004349739,8.29181865284284,3344.34885706863,8.31420714903516,24.2457855517087,2.72418898336034,20464.4783927706,875563919.0
Europe & Central Asia,ECS,2006,38.1346509425223,96.6279800431251,99.3013594788162,8.57521802832624,3388.94292501365,8.42774247217405,24.5523807580814,3.88577021359427,21196.6642243836,878166933.0
Europe & Central Asia,ECS,2007,38.1826763936773,96.7856590143101,99.3630803564705,9.14113260306134,3360.57935230041,8.40985851496313,24.5174934375735,3.69073242253701,21916.84687082,880656346.0
Europe & Central Asia,ECS,2008,38.2325126466285,96.9289084780956,99.4080961406283,9.47387156015955,3368.3136250371,8.27516075856126,24.6175377205364,1.024772325844,22052.0918924998,884224673.0
Europe & Central Asia,ECS,2009,38.2790818393716,97.0332796821624,99.4661685766657,10.4249676128482,3147.56130692903,7.6228946698482,22.9576663325552,-4.43157190260723,20991.3574844148,887741128.0
Europe & Central Asia,ECS,2010,38.3251622387504,97.1621804311579,99.6654425126626,10.8681448886901,3308.17774181966,7.92280228685957,23.3690559120446,2.632321442817,21465.351630475,890990371.0
Europe & Central Asia,ECS,2011,38.3463558007826,97.2571693494436,99.6639027646677,10.7258330443851,3270.03252552061,7.92228942818556,23.6455019525291,2.329134382958,21915.6417726438,893009595.0
Europe & Central Asia,ECS,2012,38.3671204828235,97.3335924753934,99.8281916228155,11.5800703095476,3246.87008513754,7.81794464786281,23.5131279105113,0.315139388356499,21898.7575895315,896514510.0
Europe & Central Asia,ECS,2013,38.3862779200651,97.4117318285191,99.8495213726873,12.2761565609349,3187.22091308508,7.61127328943691,23.1812919904945,0.864284116119563,22004.7529248863,899907172.0
Europe & Central Asia,ECS,2014,38.4078003066143,97.4794369712531,99.8761371074327,12.4321725847963,3072.23042170009,7.27216695620345,22.8995799429898,1.93001148495546,22338.7450304311,903561071.0
Europe & Central Asia,ECS,2015,38.4227676321406,97.5305786695354,99.1677802593579,12.8744480605886,3046.90565440821,7.22572544584635,22.9012908182227,2.07593452180194,22702.8228380066,907527486.0
Europe & Central Asia,ECS,2016,38.4443525858317,97.5471890079039,99.8289902167753,12.8866548739741,3083.84625360052,7.20080051889222,22.717116670962,1.90557078805695,23032.6152966065,911579016.0
Europe & Central Asia,ECS,2017,38.4689780914735,97.5986226882698,99.9641487037409,12.8819075023182,3128.50756796109,7.26693038972036,22.9716457473858,2.9545404517369,23622.7656806191,915065824.0
Europe & Central Asia,ECS,2018,38.4847788293025,97.608840942813,99.9707833919463,13.4797382823169,3159.39507943211,7.24714310074158,23.1689483763275,2.15902408385477,24037.6040282064,918689254.0
Europe & Central Asia,ECS,2019,38.5016931649387,97.6207110840802,99.9534523781205,14.0059727126658,3082.49964985823,7.04136821125575,22.9839464670511,1.82337861520314,24389.8062444924,921932163.0
Europe & Central Asia,ECS,2020,38.5243300531653,97.6307515638654,99.9760274293182,15.106449203531,2943.95225753105,6.61671651844625,22.5652263092597,-5.38089471565053,23034.1354718301,923664467.0
Europe & Central Asia,ECS,2021,38.5409994875957,97.6097133151123,99.9881931172392,,3176.76353101621,7.09224433105547,23.1876147469927,6.79965905280595,24581.3075426451,924381062.0
Europe & Central Asia,ECS,2022,38.5583485988133,97.6024998094723,99.9977315530878,,3028.85090151607,6.85506904958575,24.1726367014579,3.39087777130349,25418.8606318264,924234471.0
Europe & Central Asia,ECS,2023,,97.5905438280326,100.0,,2538.51911048618,6.62998652120757,23.8052050319667,1.0463748073376,25669.8654521598,924773523.0
Europe & Central Asia (IDA & IBRD countries),TEC,2000,38.7926408376561,90.8120804234276,98.2547275902283,5.77687830938613,2627.7743387218,7.43355366049313,29.7693762755682,7.38121749341636,4430.11168037444,438423541.0
Europe & Central Asia (IDA & IBRD countries),TEC,2001,38.8314741366388,91.2660334188417,98.35052088994,5.70512702235186,2633.31839466852,7.40512443322188,28.9537835789228,2.6567346768766,4551.16276995954,438100368.0
Europe & Central Asia (IDA & IBRD countries),TEC,2002,38.8706876933294,91.7118029986187,98.4238273852713,5.76921609440525,2657.3037137745,7.44560251029039,27.6743114267687,4.99252654355615,4781.5832367887,437806951.0
Europe & Central Asia (IDA & IBRD countries),TEC,2003,38.9077633336842,92.0987607918953,98.438063287488,5.64950276023539,2761.42321275279,7.79648589030723,27.6776536238456,6.1882637280501,5076.33254199208,437905932.0
Europe & Central Asia (IDA & IBRD countries),TEC,2004,38.944335076802,92.4887612428236,98.486641163599,5.88133511209109,2803.20296358183,7.8043728768885,29.1988605694805,7.87468194158774,5473.20161109334,438136036.0
Europe & Central Asia (IDA & IBRD countries),TEC,2005,38.9814216490542,92.8664914923515,98.5682871495581,5.99664955248276,2812.87197543189,7.82783800502625,29.9072240506451,6.63931910334223,5833.95966556779,438333196.0
Europe & Central Asia (IDA & IBRD countries),TEC,2006,38.9996235218574,93.1793920370283,98.6087161248617,5.81734150154749,2910.70506719683,8.11195326205836,30.2296033895677,7.86827078885722,6287.52395891241,438714358.0
Europe & Central Asia (IDA & IBRD countries),TEC,2007,39.0390187835384,93.4796665509129,98.7246906181739,5.75867132998041,2947.80070266362,8.23847588392941,30.254859403006,7.62582368886329,6767.52508494844,438680283.0
Europe & Central Asia (IDA & IBRD countries),TEC,2008,39.0795896075148,93.7604742331083,98.8132200078566,5.64264695953204,2989.71091690533,8.2227418312904,30.3615535761557,4.4861316152351,7054.20102951113,439732746.0
Europe & Central Asia (IDA & IBRD countries),TEC,2009,39.1185348355168,93.9707174749421,98.9275231925627,6.30497199994692,2770.35925039632,7.59583440313559,29.1368326459955,-4.7008547742517,6698.64285633554,441304973.0
Europe & Central Asia (IDA & IBRD countries),TEC,2010,39.1576741172764,94.2335081899067,99.3287049619029,6.4529448184641,2969.27468369818,7.97558371931453,29.554687765427,4.68965724549606,6986.9535552226,442936599.0
Europe & Central Asia (IDA & IBRD countries),TEC,2011,39.1720473232798,94.4385474404054,99.3269244879236,6.04948456107391,3051.84193861324,8.32514377671604,30.0057852265683,5.86393596651764,7364.90946811375,444846366.0
Europe & Central Asia (IDA & IBRD countries),TEC,2012,39.1867052389786,94.5982060819685,99.6546769524838,6.28402287149414,3030.67916060851,8.19895293752689,29.5015122691888,3.45489344885198,7583.64863478186,446941101.0
Europe & Central Asia (IDA & IBRD countries),TEC,2013,39.2010410312858,94.7634360707729,99.6978833009023,6.84165697411543,2945.74339673975,7.971160080974,28.8084874923875,3.35044910694158,7799.56084853446,449128604.0
Europe & Central Asia (IDA & IBRD countries),TEC,2014,39.2172945938649,94.9066956143422,99.7515903233231,6.52584380803076,2870.06651345392,7.69953642014405,28.9672508748594,2.2711234014202,7935.99050423519,451432428.0
Europe & Central Asia (IDA & IBRD countries),TEC,2015,39.2234378060618,95.0136822147691,98.3318925466179,6.91555148923036,2802.25792461601,7.54369514350509,29.3322955136092,1.42626319605841,8009.61874995558,453662073.0
Europe & Central Asia (IDA & IBRD countries),TEC,2016,39.2421666752289,95.0505016188185,99.6574040765117,7.04015093233689,2879.29977119685,7.5726728181622,29.0686581995453,1.86129267860605,8118.42014141453,455913002.0
Europe & Central Asia (IDA & IBRD countries),TEC,2017,39.2616544516438,95.1587030045879,99.9282316965341,6.75633843243037,2938.96794267176,7.74132779696737,29.6102230451374,4.37116063202008,8434.48840087775,458010325.0
Europe & Central Asia (IDA & IBRD countries),TEC,2018,39.2741558748129,95.1812693900644,99.941528994937,7.25779989922942,3051.92391133086,7.8853669963775,30.4902282569314,3.80424428454795,8718.49343377415,459946883.0
Europe & Central Asia (IDA & IBRD countries),TEC,2019,39.2869462481332,95.2097368046776,99.9069194604741,7.59012527634488,2968.83386970454,7.78796203330391,29.747296156317,2.81601440145778,8925.46203415138,461933206.0
Europe & Central Asia (IDA & IBRD countries),TEC,2020,39.3051266358553,95.2308180277034,99.9520668153849,8.02684416318492,2927.52755340363,7.57594627546517,28.5353084269235,-1.45793346533829,8778.05956344465,462842288.0
Europe & Central Asia (IDA & IBRD countries),TEC,2021,39.317684732671,95.1877417611059,99.9763873001269,,3240.7449330111,8.18396124059086,30.0975101259777,7.5909039335849,9439.04843335798,463104389.0
Europe & Central Asia (IDA & IBRD countries),TEC,2022,39.330389676677,95.1512774990179,99.9954427619778,,3138.85603316966,7.89342522267662,30.8110750148446,1.95197902081506,9668.43621903069,460942269.0
Europe & Central Asia (IDA & IBRD countries),TEC,2023,,95.099482626202,100.0,,,7.96850253119139,28.9848435256274,3.82595823256764,10089.5680721267,458602212.0
Europe & Central Asia (excluding high income),ECA,2000,9.99387200003858,81.8326674621565,99.0003702745063,7.62529126114546,1739.58201179831,4.91955639128355,27.977805973183,6.80979345894987,3231.4170375726,218486598.0
Europe & Central Asia (excluding high income),ECA,2001,10.0255524102835,82.8113609398067,99.0705244325315,7.46341990667124,1698.52746237005,4.77907593510346,27.3832630165293,0.0684525462293379,3219.6524005977,219435056.0
Europe & Central Asia (excluding high income),ECA,2002,10.0571502920476,83.7649336901123,99.1500165934793,7.52963978899774,1747.49075714747,4.92047412617728,26.7883146727049,6.39740464893521,3410.62468197803,220400259.0
Europe & Central Asia (excluding high income),ECA,2003,10.0887518029131,84.5876782094293,99.1484918236264,7.30693300291376,1824.02730008381,5.20226980845506,26.8575073297743,6.61718849170367,3619.89726149943,221399692.0
Europe & Central Asia (excluding high income),ECA,2004,10.1203394947447,85.4060366819848,99.1355245420636,7.38659560693208,1896.99548524558,5.20431719119578,27.1622388757394,9.60702365632842,3949.57993189741,222413290.0
Europe & Central Asia (excluding high income),ECA,2005,10.1518276030367,86.1911058790306,99.2594569491161,7.2836157568398,1884.32853529656,5.23536657316969,27.8931248730015,8.53515428264136,4268.51101428285,223360135.0
Europe & Central Asia (excluding high income),ECA,2006,10.5779002874452,86.8462244943423,99.2193080062367,7.07847885220545,1957.46041098837,5.51850740971202,29.142159925849,8.24539310699477,4598.69648089427,224417513.0
Europe & Central Asia (excluding high income),ECA,2007,10.6168168046675,87.4585656339504,99.3389908321698,6.63494298230947,2018.38689045103,5.7371560641892,29.4605807067437,7.17892729068126,4915.72250440104,225016072.0
Europe & Central Asia (excluding high income),ECA,2008,10.655592249484,88.0487095749106,99.3776072797545,6.45158501915867,2028.01021498627,5.82820400839687,30.044621562689,3.09419077627328,5034.07810862034,226524480.0
Europe & Central Asia (excluding high income),ECA,2009,10.6943915624257,88.4964654182841,99.4485621601137,7.42803913844124,1841.12277507177,5.2662310971512,28.0011670246245,-3.49665461735418,4821.30871859383,228250911.0
Europe & Central Asia (excluding high income),ECA,2010,10.7332168847855,89.0449629158619,99.6086224547018,7.81163686125183,1996.44675956021,5.55900732896062,28.5042890869152,7.12596948217272,5123.22527224197,230106440.0
Europe & Central Asia (excluding high income),ECA,2011,10.7767347010635,89.4735199723224,99.6174754229201,7.06633152811845,2056.25793912607,5.8400494288861,29.9149818968078,8.32799694953145,5504.86405202366,231988438.0
Europe & Central Asia (excluding high income),ECA,2012,10.8201381624977,89.8087786616818,99.6946321116735,7.4990959908438,2011.17977588932,5.75096653814929,29.7103938830857,4.06057081666242,5682.17981048522,233875199.0
Europe & Central Asia (excluding high income),ECA,2013,10.8634884564196,90.1537641057953,99.728652515568,8.04245729281583,1967.30343485917,5.66418623848333,29.7242220838463,6.51713885377283,6000.41396490137,235905150.0
Europe & Central Asia (excluding high income),ECA,2014,10.9089695775458,90.4566030909137,99.7847724120663,7.75696722378988,1842.43724875738,5.27685510918522,29.9466013502127,3.18257259715762,6136.90314013433,237999321.0
Europe & Central Asia (excluding high income),ECA,2015,10.9434320636392,90.6906992684554,99.7676589877916,8.89374944135576,1765.59616077048,4.94184733439809,28.6939288375661,3.41612672689462,6291.45594655745,240083379.0
Europe & Central Asia (excluding high income),ECA,2016,10.9750677005203,90.7937149591135,99.8659600305289,9.05362050305208,1818.06782127547,5.09254482303989,28.8083479859015,2.78383354652402,6409.4471148702,242224182.0
Europe & Central Asia (excluding high income),ECA,2017,11.0131652717457,91.0284644205042,99.9182925529991,8.68104031424437,1856.16600655712,5.23354010943634,29.4365610536586,6.0030089975849,6736.23791731628,244308649.0
Europe & Central Asia (excluding high income),ECA,2018,11.0573734128931,91.1065711237585,99.9420709286303,9.10455322874983,1897.61746929193,5.25258078297865,29.8933105482595,3.7617712262191,6930.30071694301,246400484.0
Europe & Central Asia (excluding high income),ECA,2019,11.1018442074411,91.1968231424015,99.9657744725899,10.0324286162535,1882.47523115819,5.06146841130229,28.5291922951444,2.5819078238094,7046.99611203784,248576676.0
Europe & Central Asia (excluding high income),ECA,2020,11.1524330510264,91.2794070563474,99.9774302018769,10.0604471757322,1840.34963436162,5.0718908381966,28.297872975987,0.276088024593619,7016.36291211506,250351240.0
Europe & Central Asia (excluding high income),ECA,2021,11.1967355491298,91.2481861715818,99.9616464835516,,2010.99126302819,5.39013877576093,30.4816625940864,9.28042104515383,7621.34511041877,251867727.0
Europe & Central Asia (excluding high income),ECA,2022,11.2412501066395,91.1755024472711,99.9915875475848,,1894.86137320559,5.05570589189862,30.8625051524798,3.07901753477167,7898.44899906048,250514347.0
Europe & Central Asia (excluding high income),ECA,2023,,91.0639492671102,100.0,,1972.22865668362,5.1226828851112,28.3757493987019,5.03672042034297,8356.07726564962,248721385.0
European Union,EUU,2000,37.985952934008,100.0,99.4761898580312,8.97097778304585,3426.83308666772,8.29081461709286,25.1511102107088,3.93357955857741,26365.798677465,429339162.0
European Union,EUU,2001,38.1114964538007,100.0,99.5050444841847,8.95821365646506,3513.05434688124,8.40120844371485,24.8462534334334,2.16114364230499,26899.8795099661,429909307.0
European Union,EUU,2002,38.2433911896923,100.0,99.5387158579328,8.85977327804269,3509.85008081957,8.35754022508724,24.4104835107174,1.09769505370336,27131.1149025351,430924112.0
European Union,EUU,2003,38.3593032630363,100.0,99.5539907205916,9.24891789838676,3580.34477017976,8.55607280870197,24.05834550154,0.936970953534527,27284.7276136716,432512916.0
European Union,EUU,2004,38.4823340590898,100.0,99.5758248331858,9.54963915397878,3610.4237630397,8.53969129432432,24.0303380212323,2.59990864973689,27885.7681519653,434193248.0
European Union,EUU,2005,38.6056707939856,100.0,99.5913707294114,10.0205156530631,3610.55848940846,8.45772065007797,23.9004769401152,1.98357902362464,28334.7590973938,435789139.0
European Union,EUU,2006,38.7326135044373,100.0,99.6188396472415,10.6866219026938,3625.76732649016,8.46638087717496,24.1207732230321,3.56754077134353,29246.6456488849,437263803.0
European Union,EUU,2007,38.8536627268717,100.0,99.6464075255034,11.7554752685425,3560.87699096301,8.35184886586125,24.1517010318708,3.1418356676346,30060.1943726362,438796003.0
European Union,EUU,2008,38.9796810878214,100.0,99.6825303996653,12.456805484523,3539.98406145018,8.12232302916334,23.8480826111023,0.617986886948557,30144.6515730515,440270719.0
European Union,EUU,2009,39.0911618058405,100.0,99.7290075706151,13.6219724174621,3325.85401389365,7.47936172783522,22.3582585009031,-4.31208831896208,28771.7357026131,441388573.0
European Union,EUU,2010,39.1990406031898,100.0,99.7553972530963,14.469048952148,3455.72012945554,7.7121715794747,22.6177345030241,2.18180099957814,29352.9442515094,442088310.0
European Union,EUU,2011,39.2822402240169,100.0,99.7801178323542,14.6250037786311,3352.95444848851,7.50585258859823,22.6877210607751,1.96060087405088,29974.1521239011,441414078.0
European Union,EUU,2012,39.363040691343,100.0,99.8125886995878,16.0530317099573,3305.80724919781,7.34621232551448,22.4190543502834,-0.764417073931995,29700.9011811145,442069839.0
European Union,EUU,2013,39.4315897730268,100.0,99.8381173752727,16.7974520279699,3267.65397107209,7.14912584618353,21.9960358930692,-0.0330405739034489,29667.2033330658,442425741.0
European Union,EUU,2014,39.5064457272347,100.0,99.8626029552248,17.4415753867716,3143.88823335219,6.82268606570061,21.9306545008919,1.63272217207495,30117.8841825355,442920819.0
European Union,EUU,2015,39.5948492950283,100.0,99.8929116032593,17.6122764341327,3176.28838380569,6.94479495177865,22.2992803606134,2.37195304560174,30771.6568591261,443793218.0
European Union,EUU,2016,39.6441651568759,100.0,99.9182637194093,17.523235814157,3193.84744220649,6.9487174244534,22.2621165717958,1.91998029828646,31300.1591558827,444676652.0
European Union,EUU,2017,39.7050631451123,100.0,99.9709724278479,17.6857102209371,3244.3990547838,6.99426005138854,22.1882646077921,2.81811045546294,32135.6624693296,445321060.0
European Union,EUU,2018,39.7488789032839,100.0,99.9717275681447,18.7249884796166,3209.90930196045,6.83042110399552,22.2099113749196,2.04642012743825,32719.1711480652,446329890.0
European Union,EUU,2019,39.7936147437378,100.0,99.9881556120147,19.3440009483852,3149.89746458067,6.50775335523423,22.1561981200117,1.87524696216217,33289.4352232777,446910453.0
European Union,EUU,2020,39.8387815178562,100.0,99.9956022901904,21.0591470733795,2933.9871843456,5.90418586587991,22.0261391708374,-5.57888055659984,31435.0353450837,446870959.0
European Union,EUU,2021,39.8828795862797,100.0,99.9970834145942,,3109.89331024934,6.31585659075614,22.1935144577288,6.37775013900981,33488.1142449396,446227358.0
European Union,EUU,2022,39.9291602010185,100.0,100.0,,2922.75771263617,6.14634944277267,22.8657674703213,3.56155233245134,34605.1747492534,447202673.0
European Union,EUU,2023,,100.0,100.0,,2780.2009151871,5.59079756161286,23.2465763904202,0.454322708045169,34631.1439044457,448897545.0
Faroe Islands,FRO,2000,0.0573065902578797,,100.0,2.8,,0.0393408226603138,17.8387590428492,,,45754.0
Faroe Islands,FRO,2001,0.0573065902578797,,100.0,2.6,,0.0385976198134448,18.6171259332898,,,46635.0
Faroe Islands,FRO,2002,0.0573065902578797,,100.0,3.4,,0.0380268300411957,19.3701882481498,,,47335.0
Faroe Islands,FRO,2003,0.0573065902578797,,100.0,3.1,,0.0395569620253165,18.8179052585832,,,48032.0
Faroe Islands,FRO,2004,0.0573065902578797,,100.0,3.4,,0.0392691798941799,18.1192660550459,,,48384.0
Faroe Islands,FRO,2005,0.0573065902578797,,100.0,3.8,,0.0392894807584938,17.2377522979248,,,48359.0
Faroe Islands,FRO,2006,0.0573065902578797,,100.0,4.3,,0.0413778835212579,16.9418353654979,,,48335.0
Faroe Islands,FRO,2007,0.0573065902578797,,100.0,4.5,,0.04134110546116,16.8681133127567,,,48378.0
Faroe Islands,FRO,2008,0.0573065902578797,,100.0,4.5,,0.041197190351618,17.323554204054,,44623.0315871975,48547.0
Faroe Islands,FRO,2009,0.0573065902578797,,100.0,5.1,,0.04099116640364,15.9632461064758,-4.55329824103478,42378.2165335393,48791.0
Faroe Islands,FRO,2010,0.0573065902578797,,100.0,3.4,,0.0411040549150174,14.2357139589148,-0.379817991218616,42333.5215714088,48657.0
Faroe Islands,FRO,2011,0.0573065902578797,,100.0,5.0,,0.0412005850483077,14.3028113524523,3.56636317884431,43946.251738291,48543.0
Faroe Islands,FRO,2012,0.0573065902578797,,100.0,4.7,,0.0414155846845168,14.1939613784274,7.08148344487884,47303.8655939098,48291.0
Faroe Islands,FRO,2013,0.0573065902578797,,100.0,4.5,,0.0414542138208349,13.813416288844,5.85614389735763,50120.7530887167,48246.0
Faroe Islands,FRO,2014,0.0573065902578797,,100.0,6.5,,0.0412984224002643,15.6681830410644,5.43214206841004,52644.7898999399,48428.0
Faroe Islands,FRO,2015,0.0573065902578797,,100.0,7.5,,0.0409006319147631,16.4855344459202,0.958001934486234,52637.1903526574,48899.0
Faroe Islands,FRO,2016,0.0573065902578797,,100.0,6.3,,0.0404334465469837,15.6007434708684,1.38644795938293,52757.3960429144,49464.0
Faroe Islands,FRO,2017,0.0573065902578797,,100.0,6.0,,0.0398565165404544,17.3064999745896,3.51201367488443,53831.0294952424,50180.0
Faroe Islands,FRO,2018,0.0573065902578797,,100.0,5.9,,0.0411797003686564,17.8879353159704,2.76370952267429,54433.5931539501,50996.0
Faroe Islands,FRO,2019,0.0573065902578797,,100.0,5.4,,0.0405468025949954,19.1133470734853,4.53851028676189,56029.4991512974,51792.0
Faroe Islands,FRO,2020,0.0585651537335286,,100.0,5.3,,0.0399505374298488,20.98884824361,-1.63732118017028,54301.6594145787,52565.0
Faroe Islands,FRO,2021,0.0583941605839416,,100.0,5.1,,0.0394025818072651,19.3886369010512,5.06636291600633,56270.2511347442,53296.0
Faroe Islands,FRO,2022,0.0583941605839416,,100.0,7.9,,0.038952366820003,17.7312172621374,3.86099981669155,57775.0758629956,53912.0
Faroe Islands,FRO,2023,0.0583941605839416,,100.0,,,0.0385930091520565,19.8281002687084,3.15873872329266,59050.1954015578,54414.0
Fiji,FJI,2000,55.0886699507389,28.4,76.8,50.1,,1.71635694230886,19.5873526859446,-1.69999841605511,3960.8890315,840909.0
Fiji,FJI,2001,55.4541324575807,28.4,77.7,40.4,,1.84040414502893,20.6243487506645,2.00000014675203,3998.79729208867,849596.0
Fiji,FJI,2002,55.8195949644225,28.6,79.6,49.0,,1.50783929589103,19.9006036116931,3.19999911373272,4086.10434130578,858049.0
Fiji,FJI,2003,56.1850574712644,28.8,80.0,40.8,,1.76073490740933,18.655828671008,0.999999344757256,4087.72449101023,866286.0
Fiji,FJI,2004,56.5505199781062,29.0,80.6,35.7,761.694759402813,2.26335424753479,19.7616287741578,5.29999970460942,4264.59723774177,874366.0
Fiji,FJI,2005,56.915982484948,29.4,81.6,40.0,655.047320935788,1.96151540324509,16.4509285714286,0.700000402432295,4255.45097421847,882379.0
Fiji,FJI,2006,57.2814449917898,29.9,82.6,39.1,627.8324058111,2.08992941097191,16.1619035995268,1.85248387199492,4295.40679748345,890365.0
Fiji,FJI,2007,57.6469074986316,30.2,88.9,36.0,583.628117509735,1.92029243778346,15.4808293965184,-0.850654310045783,4223.44800626708,897832.0
Fiji,FJI,2008,58.0123700054735,31.0,86.2,42.1,,1.42982226015304,16.0860936934707,1.03279422025963,4240.77265686858,903399.0
Fiji,FJI,2009,58.3778325123153,31.8,85.6,41.6,,1.17223796596046,16.677811857564,-1.38603770763578,4164.29314800857,907239.0
Fiji,FJI,2010,58.7432950191571,32.9,92.4,28.0,,1.86342771844612,16.972580397166,2.9546724221223,4272.359150902,910419.0
Fiji,FJI,2011,59.1087027914614,34.1,92.5,33.4,,1.36409091456743,17.4133402875203,2.70514302901054,4375.5808542034,912989.0
Fiji,FJI,2012,59.4741105637657,35.7,92.6,33.3,,1.31727652095598,16.7229680523622,1.41131438177968,4427.97844455038,914918.0
Fiji,FJI,2013,59.8395183360701,37.0,91.8,32.8,,1.49844164687806,16.3372143531674,4.73421948956533,4630.35126544718,916352.0
Fiji,FJI,2014,60.2049261083744,38.6,93.0,33.2,,1.70000599399511,15.0127657452154,5.60351440618301,4883.24300436251,917585.0
Fiji,FJI,2015,60.5703338806787,40.55,93.2,32.7,,1.76054728068819,15.1712702717256,4.50120041028725,5097.53106864695,918578.0
Fiji,FJI,2016,60.935960591133,42.1,93.4,27.7,,1.73254885406989,16.2026860305427,2.44565179664245,5218.85823412748,919166.0
Fiji,FJI,2017,61.3015873015873,44.1,96.0,28.6,,1.67682711135347,15.6940487656539,5.35336455965039,5500.67840152349,918759.0
Fiji,FJI,2018,61.6672140120416,45.8,95.1,25.8,,1.80433502693037,15.5373182374238,3.81235122208561,5720.21447177109,917180.0
Fiji,FJI,2019,62.0328407224959,47.9,96.1,26.5,,1.76959423936413,17.0371781659464,-0.581946709343867,5701.10435269432,914899.0
Fiji,FJI,2020,62.3984674329502,49.5,97.1,31.8,,1.17414583977713,18.7117601509417,-17.1835352599354,4721.1228189763,914963.0
Fiji,FJI,2021,62.7640941434045,51.0,92.1,29.7,,1.46469279849375,18.1141496835627,-4.3459619989752,4507.33353596072,916711.0
Fiji,FJI,2022,63.1297208538588,52.8,92.0,28.4,,1.56000182723494,17.7938183842384,17.7451269773594,5291.51693123572,919422.0
Fiji,FJI,2023,63.4953475643131,54.1,99.3,,,1.55581645737411,17.2796027005972,9.44245856738313,5761.5694863591,924145.0
Finland,FIN,2000,73.6913227617453,100.0,100.0,31.7,6257.21912070832,11.1139059493154,31.6029504494596,5.75373770498848,37872.6020343504,5176209.0
Finland,FIN,2001,73.6244656751699,100.0,100.0,29.2,6405.85272256556,12.2543758606386,30.9494996991972,2.64026205699308,38784.1308115726,5188008.0
Finland,FIN,2002,73.5576085885945,100.0,100.0,29.5,6722.82613567459,12.6383158244494,30.1192400970089,1.68732644358099,39343.0698997627,5200598.0
Finland,FIN,2003,73.4907515020191,100.0,100.0,28.4,7072.1791412038,14.2135432592354,29.5358371673016,2.01179992738312,40038.9839702277,5213014.0
Finland,FIN,2004,73.4238944154437,100.0,100.0,31.1,7128.99567069435,13.4759720988521,29.3761536087085,4.00537952277651,41521.962874476,5228172.0
Finland,FIN,2005,73.3570373288683,100.0,100.0,31.5,6555.77647291287,11.1028086409399,29.2555840307046,2.77730918518017,42529.3506920884,5246096.0
Finland,FIN,2006,73.4058597218112,100.0,100.0,31.2,7106.70978937984,13.2647256083435,30.2474242310296,4.01957326515895,44069.3958834717,5266268.0
Finland,FIN,2007,73.3437206090302,100.0,100.0,31.8,6968.91134494832,12.8705811614152,30.6721408753388,5.31280176694145,46213.6898975737,5288720.0
Finland,FIN,2008,73.3225666337611,100.0,100.0,34.6,6654.45363101075,11.2598169269803,29.5650517623923,0.784431235717051,46359.8732844055,5313399.0
Finland,FIN,2009,73.2555577492596,100.0,100.0,32.5,6255.05051638905,10.6915488312042,25.6620904063609,-8.07603116552393,42412.5133513534,5338871.0
Finland,FIN,2010,73.1885488647581,100.0,100.0,33.4,6812.6019950935,12.2771915772077,26.1853763280839,3.1682879121621,43556.5385834368,5363352.0
Finland,FIN,2011,73.3008654447333,100.0,100.0,35.1,6522.93869318769,10.8053750812877,25.0390832511194,2.39039455396828,44391.4535667984,5388272.0
Finland,FIN,2012,73.4107736351969,100.0,100.0,38.7,6265.77228948066,9.66512380653683,23.3588517701544,-1.52284013040689,43507.9345371578,5413971.0
Finland,FIN,2013,73.5206818256606,100.0,100.0,38.5,6138.31405576065,9.80540072646081,23.2981321591964,-0.979741024949618,42883.6384986417,5438972.0
Finland,FIN,2014,73.6305900161243,100.0,100.0,41.2,6246.04153603753,9.05273118506377,23.0618639333511,-0.4780684247837,42502.4880199858,5461512.0
Finland,FIN,2015,73.7356454213418,100.0,100.0,43.2,5921.59681653244,8.39046261440988,23.3039316434498,0.466503766322674,42560.3456767103,5479531.0
Finland,FIN,2016,73.7356454213418,100.0,100.0,42.4,6120.63301519281,8.88160307084068,23.4765920163918,2.57193414898754,43529.6761616969,5495303.0
Finland,FIN,2017,73.7332192682285,100.0,100.0,44.4,6070.15750826277,8.36494370044446,24.4706416384075,3.30337003591039,44862.220404205,5508214.0
Finland,FIN,2018,73.7332192682285,100.0,100.0,44.2,6165.44402350648,8.6010307269027,24.1107349992454,1.19297759742292,45337.2409550575,5515525.0
Finland,FIN,2019,73.7307932747672,100.0,100.0,45.4,6024.65366583164,7.99426833424913,24.1466052876512,1.34973845741737,45898.5708448954,5521606.0
Finland,FIN,2020,73.7283674409423,100.0,100.0,47.3,5739.2544528356,7.13874546232844,24.227220617039,-2.49103605535707,44690.9801103074,5529543.0
Finland,FIN,2021,73.7264996576714,100.0,100.0,50.2,5996.8929932427,7.09479866241161,24.2326060040842,2.67634641498897,45792.0454180872,5541017.0
Finland,FIN,2022,73.7264996576714,100.0,100.0,,5683.95102157914,6.68162198489374,25.1808292783738,0.763041912763526,46016.1492103929,5556106.0
Finland,FIN,2023,73.7235162521384,100.0,100.0,,5866.65173975112,5.88954587564164,23.4698440157157,-0.939093459613758,45357.0296547377,5583911.0
Fragile and conflict affected situations,FCS,2000,27.5105207245986,20.60934046872,40.4330868376339,49.5188192560577,704.2730991504,1.42669092954729,,5.18663757747726,1295.212123623,621080692.0
Fragile and conflict affected situations,FCS,2001,27.396469494532,20.8545994136707,40.9429778910338,48.9788027200773,699.461432387711,1.4354753121665,,4.06179145792829,1317.2785211913,635481068.0
Fragile and conflict affected situations,FCS,2002,27.2824335830943,21.0657732746154,41.4924612334799,49.1277723116101,715.109951651093,1.3860533914138,,3.22228814343195,1326.84891113816,651226758.0
Fragile and conflict affected situations,FCS,2003,27.1686721294732,21.3145405461238,43.2768923134386,50.0190081643703,705.606760050828,1.40744077715003,,0.229452778414995,1297.19104055081,667644273.0
Fragile and conflict affected situations,FCS,2004,26.8309901199136,21.5944636356396,42.5868036237734,50.132593305144,693.853455946867,1.35917915614576,,11.9437760162428,1417.38633890673,684007365.0
Fragile and conflict affected situations,FCS,2005,26.7178428568124,21.799593357388,42.6845466464356,50.1168009051894,699.1123799848,1.34383066486185,,6.26363135259069,1470.03208126605,700820603.0
Fragile and conflict affected situations,FCS,2006,26.6045227221721,22.0518979858968,44.1300397901622,51.0492547821467,677.11278923326,1.30535365751335,,6.18309763217857,1523.62890028503,717975893.0
Fragile and conflict affected situations,FCS,2007,26.4913010467388,22.3255578499908,44.9119118754016,50.8910276048412,666.303900251739,1.27341053310431,,6.30127020834233,1581.88537303272,735110300.0
Fragile and conflict affected situations,FCS,2008,26.3785717983819,22.6306351606963,44.6504432881768,51.0606926390178,660.453196954025,1.2709295122544,,5.06807874842752,1622.44441895788,753058095.0
Fragile and conflict affected situations,FCS,2009,26.2698908239839,22.9406654857799,45.6795981324411,53.3779535496623,618.706137198013,1.16747176629296,,2.30383173467253,1619.06372938072,772015937.0
Fragile and conflict affected situations,FCS,2010,26.156866911153,23.2576084548777,45.9924926486261,51.7136616362192,676.152008370705,1.23151275553964,,6.17368805793606,1676.97481416998,791371804.0
Fragile and conflict affected situations,FCS,2011,26.0224102818386,23.660891415401,47.8710522136076,52.1356585553803,658.753579902504,1.21869046887716,,0.44761198193153,1643.76876493197,810972272.0
Fragile and conflict affected situations,FCS,2012,24.0388526203054,24.0470719531819,48.8909209673482,51.8676545525319,640.498601038809,1.23575832186166,,5.63256722854435,1694.3739229428,831065598.0
Fragile and conflict affected situations,FCS,2013,23.9127397823176,24.4116195417039,50.5937760008476,52.4531809927011,637.266240878696,1.21863114716486,,3.31354139494103,1708.69932882823,851404936.0
Fragile and conflict affected situations,FCS,2014,23.7863580983674,24.817913255704,49.9837325368256,53.73093929142,611.533221065676,1.14849049667801,,1.67655954670576,1697.58810951134,871345375.0
Fragile and conflict affected situations,FCS,2015,23.6598244181023,25.3381849188672,50.0432237711859,57.6932200867948,569.339496775734,1.03672192003412,,0.167306320259854,1663.16200127279,890869511.0
Fragile and conflict affected situations,FCS,2016,23.5286678423598,25.9686991799338,54.1757718946072,58.0264070642556,560.782818228885,1.02629946323434,,0.474197451324514,1634.41669597359,910836458.0
Fragile and conflict affected situations,FCS,2017,23.4025184457716,26.778920460763,54.5377495544254,58.2811879395165,557.905319488635,0.998297443716717,,1.30184507279765,1619.44767158323,931222867.0
Fragile and conflict affected situations,FCS,2018,23.2793048477082,27.6615657602898,54.5154686576955,57.5039867109635,540.996219877218,1.00897442614816,,1.45548612659789,1607.410665042,951851595.0
Fragile and conflict affected situations,FCS,2019,23.153772014167,28.6699780422712,55.4514164250793,58.3619072174114,542.938345185775,0.979214232814166,,0.815291636433273,1585.23602922322,973035228.0
Fragile and conflict affected situations,FCS,2020,23.0314785494646,29.6528779413526,56.3010490504136,61.665418044345,499.198744560237,0.863542738256697,,-7.41318835322815,1435.4620668369,994901090.0
Fragile and conflict affected situations,FCS,2021,22.9070028606346,30.5881649612332,57.8332255929662,,525.477032895564,0.879987461304143,,1.53090680703163,1425.89864437684,1016906998.0
Fragile and conflict affected situations,FCS,2022,22.7884218951678,31.3143118230977,57.9458706435872,,498.689646479432,0.820161424665418,,1.62071663646515,1421.76860683137,1036390026.0
Fragile and conflict affected situations,FCS,2023,,31.8483348148047,58.950109305747,,,0.824129825469762,,2.14545491630651,1423.91012233176,1057033168.0
France,FRA,2000,28.3662677428333,100.0,100.0,9.3,4130.17270058081,6.58034817935345,21.1286830497341,4.14099996402915,33255.1379642335,60918661.0
France,FRA,2001,28.5761202337879,100.0,100.0,9.4,4240.43326978854,6.59967427030181,20.764024725913,1.89946701186636,33640.6738002565,61364377.0
France,FRA,2002,28.7859727247426,100.0,100.0,8.7,4220.32024855816,6.46436747006761,20.3641075404744,1.06775027069419,33753.5782979758,61812142.0
France,FRA,2003,28.9958252156972,100.0,100.0,8.8,4296.5464931216,6.49767617932604,19.9232786673445,0.967827182558352,33840.6175720101,62249855.0
France,FRA,2004,29.2056777066518,100.0,100.0,8.9,4327.20397302417,6.46668310699496,19.6686920294036,2.86825052501032,34557.1471111581,62707588.0
France,FRA,2005,29.4155301976065,100.0,100.0,8.6,4313.6963002429,6.45391402908229,19.3552308487449,1.88856584109286,34946.0372494703,63180854.0
France,FRA,2006,29.6253826885611,100.0,100.0,8.5,4214.29234630039,6.24021668362979,19.0188918781413,2.71406448755236,35645.4162427116,63622342.0
France,FRA,2007,29.8352351795157,100.0,100.0,9.4,4142.17819118209,6.09003030294036,18.8988946301681,2.53048188351066,36322.1685141004,64016890.0
France,FRA,2008,30.0450876704704,100.0,100.0,10.5,4137.71989985562,5.94290191259616,18.6335203970131,0.380171435849121,36257.3658930938,64375116.0
France,FRA,2009,30.254940161425,100.0,100.0,11.2,3938.38637955439,5.71717317269645,18.0198241569733,-2.82455153714783,35052.8510772683,64706436.0
France,FRA,2010,30.4647926523796,100.0,100.0,11.9,4040.43918739374,5.80194807906,17.5945885002022,2.00032476039051,35578.1968010183,65026211.0
France,FRA,2011,30.6195379905372,100.0,100.0,10.6,3951.00450412595,5.56604040689413,17.6800048726048,2.43757653729007,36269.9561530888,65340830.0
France,FRA,2012,30.7742833286947,100.0,100.0,12.3,3929.20601557226,5.55949763606406,17.4684347699959,0.183835264973013,36161.2918253465,65657659.0
France,FRA,2013,30.9290286668522,100.0,100.0,13.4,3925.86545930191,5.45712098979101,17.5699939241217,0.781756446231,36256.086680981,65997932.0
France,FRA,2014,31.0837740050097,100.0,100.0,13.2,3755.83244171123,4.93048874498212,17.3416195349368,0.997832947295251,36444.3949089146,66312067.0
France,FRA,2015,31.2385193431673,100.0,100.0,13.3,3799.19260526718,4.99116340691761,17.236441547058,1.06675474783462,36702.4323733379,66548272.0
France,FRA,2016,31.3932646813248,100.0,100.0,14.2,3718.17053401513,5.01727531627851,16.9433572396904,0.860031075424033,36920.5342846914,66724104.0
France,FRA,2017,31.5480100194823,100.0,100.0,14.1,3705.41111644137,5.06155143263354,16.7483032647876,2.08361485997399,37580.5979329356,66918020.0
France,FRA,2018,31.7027553576399,100.0,100.0,15.2,3669.37065950443,4.89217066506758,16.725283255726,1.64590872395887,38062.4435961412,67158348.0
France,FRA,2019,31.8575006957974,100.0,100.0,15.5,3605.53190025511,4.79214044818249,16.907003960354,2.02744646419237,38705.2072940618,67382061.0
France,FRA,2020,32.0122460339549,100.0,100.0,16.8,3228.48915727036,4.24677642127474,16.272651205236,-7.44064589948231,35709.2045925926,67601110.0
France,FRA,2021,32.1669913721124,100.0,100.0,16.2,3469.83398574773,4.66820869200128,16.0877289574672,6.88233783360239,38030.8571685178,67842811.0
France,FRA,2022,32.32173671027,100.0,100.0,,3100.1897815932,4.51246828877731,15.769153788105,2.71676264185913,38868.3303330557,68184457.0
France,FRA,2023,32.4764820484275,100.0,100.0,,3136.12237461475,4.15598361008436,18.1109847493837,1.43921494437743,39319.4152227295,68372286.0
French Polynesia,PYF,2000,42.7974647075771,,100.0,8.8,,2.95293691774467,,3.24541101308193,22498.8285530328,240337.0
French Polynesia,PYF,2001,42.8236819360415,,100.0,6.7,,3.39946824418162,,-0.341595578089056,22076.5919162624,244097.0
French Polynesia,PYF,2002,42.8498991645059,,100.0,6.2,,3.54273029966704,,0.846181482808589,21932.9195333418,247775.0
French Polynesia,PYF,2003,42.8761163929703,,100.0,7.2,,3.71249061147605,,2.1269288487261,22055.6419702196,251637.0
French Polynesia,PYF,2004,42.9023336214347,,100.0,7.7,,3.45506035501107,,0.971259129987544,21919.9410589378,255654.0
French Polynesia,PYF,2005,42.9285508498992,,100.0,8.0,,3.62726246305495,11.3765528432702,0.309973476180005,21661.4244664054,259507.0
French Polynesia,PYF,2006,42.9547680783636,,100.0,10.1,,3.36406772964369,10.4789642043309,0.889584117597607,21545.5997136473,263223.0
French Polynesia,PYF,2007,42.980985306828,,100.0,9.8,,3.55917699427259,10.9597415980395,1.70497563803002,21648.532237682,266438.0
French Polynesia,PYF,2008,43.0072025352924,,100.0,9.3,,3.61391912183889,11.4106060108903,0.0067675506631275,21493.4178311249,268379.0
French Polynesia,PYF,2009,43.0334197637568,,100.0,9.3,,3.4662926143216,11.773205502115,-4.23139183069446,20499.7723032831,269481.0
French Polynesia,PYF,2010,43.0596369922213,,100.0,7.5,,3.65769827777367,11.0986590055797,-2.4660641898174,19913.0252687915,270580.0
French Polynesia,PYF,2011,43.0596369922213,,100.0,6.9,,3.52228523481288,10.6655686354141,-2.96195745427229,19241.6437951625,271727.0
French Polynesia,PYF,2012,43.0596369922213,,100.0,6.6,,3.38577141099442,10.8171081124528,-0.927537712532072,18968.4422157904,273084.0
French Polynesia,PYF,2013,43.0596369922213,,100.0,6.5,,3.61739611543053,10.61847623722,0.398801414346934,18930.1268887012,274728.0
French Polynesia,PYF,2014,43.0596369922213,,100.0,7.4,,3.55841627862381,10.7946268451445,0.593554452942286,18928.1858620128,276387.0
French Polynesia,PYF,2015,43.0596369922213,,100.0,7.8,,3.61973037363333,10.8248430549639,1.80334081452726,19166.9594761931,277866.0
French Polynesia,PYF,2016,43.0596369922213,,100.0,8.1,,3.61024149467365,10.6679176130323,2.30219823670438,19516.0718353276,279178.0
French Polynesia,PYF,2017,43.0596369922213,,100.0,8.1,,3.14473717095045,10.3548389714295,4.29263363103487,20287.7685831663,280087.0
French Polynesia,PYF,2018,43.0596369922213,,100.0,7.7,,2.79792005432161,10.2875467388464,1.80687498305207,20674.4206829029,279815.0
French Polynesia,PYF,2019,43.0596369922213,,100.0,7.7,,2.81327723503229,10.6834624276376,2.68946658143334,21289.8751241139,279034.0
French Polynesia,PYF,2020,43.0596369922213,,100.0,8.2,,2.56080570468717,10.646123379638,-10.5738138632489,19026.790444196,279209.0
French Polynesia,PYF,2021,43.0596369922213,,100.0,7.4,,2.28741350717676,,3.36590242421546,19626.2332540206,279792.0
French Polynesia,PYF,2022,43.0596369922213,,100.0,7.0,,3.30197091069913,,2.9373470716322,20160.4994298379,280378.0
French Polynesia,PYF,2023,43.0596369922213,,100.0,,,3.30181631912578,,2.77284077155413,20664.9770259225,281118.0
Gabon,GAB,2000,91.9781115380137,64.1,73.6,72.8,1153.06155311667,5.17720677468618,56.2551964968682,-1.88296639760897,7596.09970650519,1275572.0
Gabon,GAB,2001,91.9584778980867,66.0,77.2,72.4,1205.62017172291,5.14741647952144,47.7100745088105,2.13523342197423,7556.76995314898,1309589.0
Gabon,GAB,2002,91.9388442581597,67.8,77.8,79.8,1417.03968600606,4.81148732283377,47.3156667989635,-0.249033168543434,7338.75620613605,1345135.0
Gabon,GAB,2003,91.9192106182326,69.3,78.5,83.6,1621.16641537009,5.31146236481354,47.039168102841,2.2473300115045,7301.67154442842,1382350.0
Gabon,GAB,2004,91.8995769783056,71.1,79.2,85.8,1829.65618455084,4.66035316321154,51.5005373966573,0.689543058464849,7148.98713447497,1421609.0
Gabon,GAB,2005,91.8799433383785,72.6,81.6,85.2,2074.20458463989,4.36742182241825,59.9223608108533,2.67620333310926,7130.22505771754,1463495.0
Gabon,GAB,2006,91.8603096984515,74.4,80.5,86.2,2263.43017323991,3.78376980741041,59.4663196551434,-2.80657835569052,6724.08148977274,1508337.0
Gabon,GAB,2007,91.8406760585245,76.1,81.3,87.3,2419.6346592973,3.3257145280571,57.2222057277107,6.00810802487668,6908.67399162999,1556237.0
Gabon,GAB,2008,91.8210424185974,77.6,82.0,87.3,2578.18479820338,3.43403798590695,61.7420000109434,-3.30843064878751,6468.38523357609,1607175.0
Gabon,GAB,2009,91.8014087786704,79.0,82.7,87.9,2728.50138573496,3.27951630880933,50.4467532257807,0.130331119816617,6264.83611480154,1661556.0
Gabon,GAB,2010,91.7817751387434,80.5,89.3,85.8,2957.4674143756,3.46431347786676,55.1924628115731,7.08988731455126,6481.49612073562,1719879.0
Gabon,GAB,2011,91.7356618931191,81.8,88.7,79.7,2295.78142116486,3.26602075775049,60.8812104614947,7.09175334258654,6699.23394606512,1781985.0
Gabon,GAB,2012,91.6895486474949,83.0,89.3,75.5,1955.40804605842,3.1891467218658,58.8246016166913,5.25107691750407,6803.22668079211,1846889.0
Gabon,GAB,2013,91.6434354018706,84.1,86.4,82.2,2771.53824040148,3.17695376880692,56.6086168756874,5.63869900338696,6938.25753862236,1913059.0
Gabon,GAB,2014,91.5973221562464,85.2,87.1,81.3,2602.65376634085,3.16776342891399,52.7222416503812,4.31496444107469,6998.60545439576,1978399.0
Gabon,GAB,2015,91.5512089106221,86.0,87.3,81.9,2550.96047927478,3.15596997338055,48.1836272968661,3.8788993950789,7047.12654634355,2040989.0
Gabon,GAB,2016,91.5051034268638,87.1,88.1,81.5,2489.24179859903,3.12287828535461,45.0378509048684,2.09144220829562,6991.3251446736,2100306.0
Gabon,GAB,2017,91.4589979431055,87.7,86.3,90.2,2263.59335681829,2.66535305299272,45.4673089938161,0.472642030911146,6840.05959347802,2156900.0
Gabon,GAB,2018,91.4128924593472,88.8,89.6,90.3,2294.91220106774,2.44580571147547,47.1270856238547,0.83791658082157,6724.5961429108,2212318.0
Gabon,GAB,2019,91.3667869755889,89.4,90.3,90.2,2205.67182377894,2.49273935862938,47.6788640928906,3.92080879452831,6817.56879468764,2267706.0
Gabon,GAB,2020,91.3206814918306,90.0,91.1,91.3,2140.11585242125,2.3804551828839,41.6943815013115,-1.83776106357656,6534.27966528997,2322539.0
Gabon,GAB,2021,91.2745760080723,90.5,91.8,91.3,2101.49682483071,2.25718447508796,50.0677458030335,1.46795731487489,6479.04900690761,2376722.0
Gabon,GAB,2022,91.228470524314,91.0,93.5,,2096.2456480631,2.29694822208975,56.1297414412736,3.03761449530657,6527.48207900404,2430747.0
Gabon,GAB,2023,91.1823650405558,91.4,94.1,,,2.06073835645602,53.8697961936404,2.43893665064327,6541.2536861807,2484789.0
"Gambia, The",GMB,2000,35.3092885375494,3.6,34.3,62.9,,0.182944764700869,14.8226733584981,5.50000021632955,659.911237641141,1455084.0
"Gambia, The",GMB,2001,34.7427865612648,3.6,29.9,59.6,,0.199463415319352,14.7668246416842,5.80000024323377,679.539755947951,1495011.0
"Gambia, The",GMB,2002,34.1762845849802,3.5,31.5,61.0,,0.201668174131384,15.8069767662158,-3.25000014970206,640.03893213613,1535691.0
"Gambia, The",GMB,2003,33.6097826086957,3.5,27.8,62.4,,0.200049315071966,14.849025053224,6.86999962173842,665.834222326194,1577611.0
"Gambia, The",GMB,2004,33.0432806324111,3.4,34.8,61.2,66.6127185884025,0.201565152173055,11.4516644496493,7.05000000064635,693.563314497133,1621312.0
"Gambia, The",GMB,2005,32.4767786561265,3.3,30.5,61.7,64.7856046386493,0.199035774250961,11.4940795967501,-2.35172936176019,658.676285443081,1667037.0
"Gambia, The",GMB,2006,31.9102766798419,3.2,38.1,60.2,66.4616460917346,0.214426258180175,12.1238923802598,-0.555580977246521,636.596026908866,1715275.0
"Gambia, The",GMB,2007,31.3437747035573,3.0,39.8,57.3,75.3210773292618,0.219337242478369,11.8795399698303,3.04324950829739,637.20930597537,1765774.0
"Gambia, The",GMB,2008,30.7772727272727,2.9,41.5,56.3,,0.215089017147711,11.16205074884,6.25590553394287,657.675679192228,1817852.0
"Gambia, The",GMB,2009,30.2107707509881,2.8,43.2,53.9,,0.232016081888532,10.211007546291,6.6657243078367,681.433469086571,1871422.0
"Gambia, The",GMB,2010,29.6442687747036,2.6,46.8,56.6,,0.22879328153304,9.82816623642272,5.90833580968288,701.014524591061,1926630.0
"Gambia, The",GMB,2011,29.0778656126482,2.4,48.3,56.2,,0.233694797417461,11.5126603208193,-8.13044422315659,625.464360270983,1983784.0
"Gambia, The",GMB,2012,28.5114624505929,2.3,49.9,57.0,,0.217513242170943,11.9583688371148,5.24156924630741,639.139881889048,2043094.0
"Gambia, The",GMB,2013,27.9450592885375,2.2,51.5,59.3,,0.212137920544533,11.8946963108623,2.872768790327,638.522368532214,2103820.0
"Gambia, The",GMB,2014,27.3786561264822,2.2,53.0,53.2,,0.223512932149642,13.214834279827,-1.40738249510954,611.879472952196,2164528.0
"Gambia, The",GMB,2015,26.8122529644269,2.1,54.7,49.0,,0.228812481203886,17.1434530643603,4.0580738039996,619.536364296461,2224529.0
"Gambia, The",GMB,2016,26.2450592885375,2.0,56.4,48.6,,0.224978971165648,20.9355929614924,1.94335965478776,615.193365494386,2283769.0
"Gambia, The",GMB,2017,25.6788537549407,1.9,56.2,48.0,,0.223551557965647,17.8927550195818,4.8226112492757,628.777299272925,2342189.0
"Gambia, The",GMB,2018,25.1126482213439,1.9,60.3,48.1,,0.191821079232149,17.3104257988738,7.23489033258579,658.127833258563,2399632.0
"Gambia, The",GMB,2019,24.5454545454545,1.8,62.1,47.4,,0.189267206220664,17.2826008332323,6.22205315994859,682.797642940426,2456844.0
"Gambia, The",GMB,2020,23.9792490118577,1.7,62.2,49.8,,0.167744351248722,16.8536853891411,0.591487287873974,670.758642891251,2515733.0
"Gambia, The",GMB,2021,23.4123814229249,1.7,63.7,48.6,,0.185403006975905,15.8821231471213,5.25596878816744,689.49323955737,2576010.0
"Gambia, The",GMB,2022,22.8459584980237,1.7,65.4,47.7,,0.187713116401856,15.5889695262957,5.49299823010114,710.686979216316,2636470.0
"Gambia, The",GMB,2023,22.2792391304348,1.6,66.9,,,0.17562165357906,16.4224206331674,5.9167957146697,735.612383709511,2697845.0
Georgia,GEO,2000,39.7265793639373,46.0,99.8,47.2,703.790688330461,1.27849706080084,20.9975012824544,1.84038117927339,1561.19867638847,4077131.0
Georgia,GEO,2001,39.8155130234566,47.0,99.8,53.1,640.36762423724,0.966228100876525,20.536409949056,4.80729867243699,1661.83019106421,4014373.0
Georgia,GEO,2002,39.904446682976,48.6,99.9,56.8,639.469430603328,0.903226455096939,22.7373927038627,5.47402488700408,1768.5970116888,3978515.0
Georgia,GEO,2003,39.9933803424953,50.4,100.0,55.3,684.636577306364,1.00105371411451,24.0854263728821,11.0570310020104,1977.46143338741,3951736.0
Georgia,GEO,2004,40.0823140020147,52.4,99.9,54.5,708.052613597414,1.09804600569342,24.1757682481195,5.79268292682926,2105.00472843799,3927340.0
Georgia,GEO,2005,40.171247661534,54.15,97.9,41.5,727.945648077707,1.27593582421795,23.7580566049101,9.59113832853026,2321.60084285163,3902469.0
Georgia,GEO,2006,40.2601813210534,56.3,100.0,37.2,781.34402083108,1.46419894921769,21.7144431794284,9.42148081189909,2554.81253503914,3880347.0
Georgia,GEO,2007,40.3491149805727,58.4,100.0,36.2,865.688124609239,1.70871244130422,20.9005637350092,12.5755698246405,2891.13702331846,3860158.0
Georgia,GEO,2008,40.4380486400921,60.9,100.0,36.3,780.788490925027,1.47617910488095,18.9437428243398,2.42161440960641,2970.15858282428,3848449.0
Georgia,GEO,2009,40.5269822996115,63.05,100.0,36.7,811.604883767971,1.69653622216123,18.9263871900367,-3.65075229596822,2887.25607935922,3814419.0
Georgia,GEO,2010,40.6159159591308,66.1,100.0,39.1,824.605083052625,1.66699456914275,16.8779105151474,6.24640865303363,3090.06513662318,3786695.0
Georgia,GEO,2011,40.6159159591308,68.5,100.0,31.5,943.642090063012,2.01914524945287,17.6800367830185,7.9343365253078,3362.1030031968,3756441.0
Georgia,GEO,2012,40.6159159591308,71.3,100.0,28.7,993.847722414941,2.21884676178385,18.8467444528085,6.57883101954195,3609.780798626,3728874.0
Georgia,GEO,2013,40.6159159591308,74.0,100.0,32.4,1118.86616651538,2.46103202330063,18.03372091427,5.13288531209382,3806.50600649051,3717668.0
Georgia,GEO,2014,40.6159159591308,76.9,100.0,30.7,1193.781897604,2.64568558380433,18.1712886955425,4.09049059581743,3960.35080091901,3719414.0
Georgia,GEO,2015,40.6159159591308,79.4,100.0,27.5,1259.15997860484,2.8580432698141,19.7698929026282,3.35102350265353,4086.6223465965,3725276.0
Georgia,GEO,2016,40.6159159591308,81.7,100.0,27.2,1300.49894445527,2.95779616660474,19.1221601510136,3.45021517996871,4225.09154904806,3727505.0
Georgia,GEO,2017,40.6159159591308,84.1,100.0,27.5,1312.78610346067,2.99648283639181,21.2674893565554,5.15990261658827,4442.50744127374,3728004.0
Georgia,GEO,2018,40.6159159591308,86.3,99.9,27.4,1301.87728809329,2.98855589984192,20.9042764578834,6.062036412677,4713.65354845303,3726549.0
Georgia,GEO,2019,40.6159159591308,87.9,100.0,24.7,1371.17934672286,3.20488817553864,20.0073713952459,5.38071926589951,4975.81148194814,3720161.0
Georgia,GEO,2020,40.6159159591308,89.6,100.0,23.4,1327.38644455455,3.1000484592432,21.0709552310751,-6.2904717853839,4659.60925318234,3722716.0
Georgia,GEO,2021,40.6159159591308,90.9,100.0,25.2,1425.96785615054,3.32825506052133,21.0675612607865,10.6442336580969,5175.19865185825,3708610.0
Georgia,GEO,2022,40.6159159591308,92.2,100.0,,1543.58379982411,3.62639535278365,21.329779714521,10.9585321385624,5736.30449578597,3712502.0
Georgia,GEO,2023,40.6159159591308,93.2,100.0,,1530.06712122186,3.64859696572424,18.8799548618776,7.83220126555726,6180.6206023429,3715483.0
Germany,DEU,2000,32.5376128385155,100.0,100.0,3.7,4094.27901518469,10.5993032021746,27.2536461219162,2.8765231247659,35104.1308467844,82211508.0
Germany,DEU,2001,32.5580395528805,100.0,100.0,3.9,4210.00080103251,10.7525841705381,26.5785482320897,1.63614170690956,35618.5143698493,82349925.0
Germany,DEU,2002,32.5775382674999,100.0,100.0,4.4,4108.61729515583,10.546202837135,25.7983862262522,-0.228255715793637,35477.5151544301,82488495.0
Germany,DEU,2003,32.5979759754594,100.0,100.0,5.4,4096.47794323132,10.6369632865784,25.6207353590889,-0.529801394291297,35270.0227284267,82534176.0
Germany,DEU,2004,32.6174843019755,100.0,100.0,6.3,4131.61083697,10.4632650583049,25.8386247078115,1.16208684507278,35687.6378708542,82516260.0
Germany,DEU,2005,32.6341897006537,100.0,100.0,7.3,4109.8805864045,10.2067903422435,25.6870805044481,0.885485292551564,36024.0947047021,82469422.0
Germany,DEU,2006,32.653704978206,100.0,100.0,8.6,4235.93876578004,10.3846207212787,26.2600466577088,3.86668241523209,37459.261328042,82376451.0
Germany,DEU,2007,32.6741618148966,100.0,100.0,10.5,4023.73935857078,10.0478127320359,26.4597084438011,2.8891174138025,38593.0749910508,82266372.0
Germany,DEU,2008,32.6936867165763,100.0,100.0,10.2,4081.87998694017,10.1072965484379,26.0432629920287,0.887902330743628,39009.8477636357,82110097.0
Germany,DEU,2009,32.7113393190098,100.0,100.0,10.7,3821.62500577239,9.37864424258525,23.8380974911486,-5.54455451920674,36940.4078672661,81902307.0
Germany,DEU,2010,32.7308718478354,100.0,100.0,11.6,4029.83085754355,9.96567124737992,26.0371435344861,4.13463778522758,38526.7371042695,81776930.0
Germany,DEU,2011,32.7375487720909,100.0,100.0,12.5,3891.87175356307,9.81776726131477,26.2795286339924,3.75796884489337,40722.4849268242,80274983.0
Germany,DEU,2012,32.7451655477133,100.0,100.0,13.6,3913.43920397127,9.94745307113612,26.5450401531822,0.463512036709204,40834.5088218456,80425823.0
Germany,DEU,2013,32.7189864709929,100.0,100.0,13.6,3986.18505186393,10.1408601249876,25.8779408891742,0.396995583779145,40884.8926759028,80645605.0
Germany,DEU,2014,32.7228432215535,100.0,100.0,14.0,3794.44720253102,9.61630846170469,25.9859539549736,2.18018602168017,41602.4661281668,80982500.0
Germany,DEU,2015,32.7323281545606,100.0,100.0,14.6,3780.85027551891,9.60884887243027,25.8737038512745,1.66300602334775,41929.7549110722,81686611.0
Germany,DEU,2016,32.685482024273,100.0,100.0,14.2,3765.21799936242,9.58423383867929,26.1732405694774,2.22222216259371,42516.9337063103,82348669.0
Germany,DEU,2017,32.6845464693591,100.0,100.0,15.2,3763.19404182465,9.36976518940283,25.9754703565139,2.797906720551,43543.4807050551,82657002.0
Germany,DEU,2018,32.6836109680005,100.0,100.0,16.0,3659.22924485198,9.00657809367265,25.8506477811784,1.13569604599849,43905.8550061973,82905782.0
Germany,DEU,2019,32.6826755201923,100.0,100.0,17.1,3570.88159282488,8.38218043063623,25.5415743169893,0.977734697038784,44235.2658954682,83092962.0
Germany,DEU,2020,32.6826755201923,100.0,100.0,18.5,3349.19931383762,7.72103264767393,25.2353421894561,-4.13191443239947,42372.8726784255,83160871.0
Germany,DEU,2021,32.6826755201923,100.0,100.0,17.6,3467.03057027911,8.06128144646434,25.1570468778005,3.90999994204108,44011.0194631674,83196078.0
Germany,DEU,2022,32.685482024273,100.0,100.0,,3261.8564081995,7.91182860265874,25.560348825259,1.8092581243061,44817.1316331389,83177813.0
Germany,DEU,2023,32.6789342643734,100.0,100.0,,2928.19658713867,7.07982839106762,26.7958505063624,-0.869647578573321,44368.9920074881,83287273.0
Ghana,GHA,2000,38.8881515337963,6.2,43.7,71.6,322.127334642966,0.306420193585739,25.4039222907651,3.70000008164408,1022.27520714566,19637087.0
Ghana,GHA,2001,38.490120418388,6.9,44.8,69.3,313.165728366048,0.322486128251954,25.2159797429519,4.00000012807919,1035.22666053257,20167069.0
Ghana,GHA,2002,38.0920893029797,7.6,46.8,65.7,303.745365125789,0.370502978669703,25.2756743481642,4.49999955900331,1052.46591644399,20729388.0
Ghana,GHA,2003,37.6940581875714,8.3,48.3,64.5,281.217826361178,0.338470199967554,25.2099150968066,5.200000133101,1077.69990866645,21296705.0
Ghana,GHA,2004,37.2960270721631,9.0,50.8,62.4,270.192103863779,0.307147817356431,24.716756265122,5.59999999077445,1108.30475353633,21868298.0
Ghana,GHA,2005,36.8979959567549,10.0,41.3,61.4,261.893368449293,0.316524627476198,25.1254359413042,5.90000381855104,1143.31178934301,22449438.0
Ghana,GHA,2006,36.4999648413466,10.8,55.1,58.6,275.072843065691,0.375018955585641,19.3820947702815,6.39991260618034,1185.26570738595,23040702.0
Ghana,GHA,2007,36.1019337259383,11.8,56.9,54.5,264.071017059123,0.385855356837638,19.4928065701,4.34681910440079,1205.31705804209,23642279.0
Ghana,GHA,2008,35.70390261053,12.9,60.5,57.3,275.17472403187,0.356759557320251,19.3995645523361,9.14979893831817,1282.63416886747,24249946.0
Ghana,GHA,2009,35.3058714951217,14.0,61.1,51.9,274.01988137685,0.398915417913382,18.5140921293401,4.84448705175076,1311.63053760125,24862664.0
Ghana,GHA,2010,34.9078403797135,15.3,64.2,51.9,296.099589771501,0.436820497903925,18.0149428066597,7.89971194051621,1381.2279503506,25474995.0
Ghana,GHA,2011,34.8529137734025,16.3,64.1,50.1,303.487492260089,0.459557752784739,23.8636600934779,14.0471235803149,1537.81834019283,26095088.0
Ghana,GHA,2012,34.7979871670915,17.5,56.5,46.5,329.325111415578,0.541462365829504,27.1365335859295,9.2927894063005,1640.54072088003,26734268.0
Ghana,GHA,2013,34.7430605607805,18.8,70.7,46.2,323.671149524462,0.562243171221352,34.0898222065997,7.31252501678145,1718.59704769958,27386193.0
Ghana,GHA,2014,34.6881339544695,19.9,78.3,47.7,321.354700935333,0.529042716262329,33.8982030516643,2.85624016330883,1726.36930134647,28041592.0
Ghana,GHA,2015,34.6332073481586,21.4,74.0,44.0,329.310413380585,0.543997874552012,31.1193795046839,2.12075933817334,1722.77282833606,28696068.0
Ghana,GHA,2016,34.8169113122967,22.7,79.3,45.2,327.900376302991,0.546382156439567,27.6932546491989,3.37346574966936,1740.81101902928,29356742.0
Ghana,GHA,2017,35.0006152764349,23.9,79.0,45.3,321.689981223707,0.578922122819532,29.9522176933621,8.12889488100956,1841.44636153249,30008354.0
Ghana,GHA,2018,35.0323459611497,25.3,80.4,42.1,350.473174277428,0.621997458350585,31.1777436281076,6.20007768127284,1915.4532323781,30637585.0
Ghana,GHA,2019,35.0651553840542,26.9,83.5,42.6,354.248843433875,0.648665525979844,31.1077243700312,6.5077747939152,1999.55372220211,31258945.0
Ghana,GHA,2020,35.0973937502747,28.3,85.4,40.0,367.161102921615,0.71957907173867,29.8767542337189,0.513941670628171,1970.19411460398,31887809.0
Ghana,GHA,2021,35.1286771589176,29.9,86.3,39.0,361.944978890071,0.753155149511826,28.4050146696866,5.07646643533542,2030.04866500967,32518665.0
Ghana,GHA,2022,35.1604431005612,31.5,85.1,,359.179379052306,0.717599050497581,31.470050505779,3.80484980952164,2067.20895910766,33149152.0
Ghana,GHA,2023,35.1921958573042,32.8,89.5,,,0.687364126711107,29.4666223817331,3.14009099763754,2091.8133564595,33787914.0
Gibraltar,GIB,2000,0.0,,99.9,0.0,4613.31422552377,12.3136886932044,,,,27709.0
Gibraltar,GIB,2001,0.0,,99.9,0.0,4697.98487780164,12.6550240445457,,,,27657.0
Gibraltar,GIB,2002,0.0,,99.8,0.0,4773.31348870741,12.7986777334627,,,,27831.0
Gibraltar,GIB,2003,0.0,,99.8,0.0,4768.63933812775,12.8209662587536,,,,28274.0
Gibraltar,GIB,2004,0.0,,99.7,0.0,5086.34044184976,13.7140867142608,,,,28715.0
Gibraltar,GIB,2005,0.0,,99.7,0.0,5143.33995412235,13.9320371703871,,,,29163.0
Gibraltar,GIB,2006,0.0,,99.7,0.0,5304.09958990312,14.3610191254984,,,,29594.0
Gibraltar,GIB,2007,0.0,,99.7,0.0,5195.45146733217,14.0571885622875,,,,30006.0
Gibraltar,GIB,2008,0.0,,99.7,0.0,5220.16464960047,14.17485943511,,,,30413.0
Gibraltar,GIB,2009,0.0,,100.0,0.0,5548.24845035493,15.3035071213055,,,,30823.0
Gibraltar,GIB,2010,0.0,,100.0,0.0,5535.46461653978,15.194572452637,,,,31248.0
Gibraltar,GIB,2011,0.0,,99.8,0.0,5303.4954304843,14.5041061276058,,,,31660.0
Gibraltar,GIB,2012,0.0,,99.9,0.0,5366.18399616438,14.6304911174248,,,,32029.0
Gibraltar,GIB,2013,0.0,,99.9,0.0,5613.1402126548,15.4225938840374,,,,32407.0
Gibraltar,GIB,2014,0.0,,99.9,0.0,5915.64502450763,16.3746076250267,,,,32813.0
Gibraltar,GIB,2015,0.0,,100.0,0.0,6357.37503902618,17.6904769077818,,,,33193.0
Gibraltar,GIB,2016,0.0,,100.0,0.0,6576.81314975242,18.1918117535207,,,,33658.0
Gibraltar,GIB,2017,0.0,,100.0,0.0,6890.92556192057,18.9750328515112,,,,34245.0
Gibraltar,GIB,2018,0.0,,100.0,0.0,7190.5950344648,19.7882595971768,,,,34854.0
Gibraltar,GIB,2019,0.0,,100.0,0.0,7476.80384692666,20.2118667943878,,,,35494.0
Gibraltar,GIB,2020,0.0,,100.0,0.0,6822.75357269776,17.6761673071075,,,,36173.0
Gibraltar,GIB,2021,0.0,,100.0,0.0,6723.81850183662,17.4073471159585,,,,36858.0
Gibraltar,GIB,2022,0.0,,100.0,,6522.23499259331,16.9028689941238,,,,37609.0
Gibraltar,GIB,2023,0.0,,100.0,,,16.3551766265499,,,,38471.0
Greece,GRC,2000,27.93040806827,100.0,100.0,7.8,2512.02003858494,8.89024680060945,18.7134135325555,4.13782699405849,18002.9064613985,10805808.0
Greece,GRC,2001,28.1643669511249,100.0,100.0,7.1,2583.56128087388,9.03332789548129,19.1521007737425,4.65041459442163,18742.4235780691,10862132.0
Greece,GRC,2002,28.398326609775,100.0,100.0,7.3,2603.6056227148,8.99722088251152,19.0244609362316,4.68313727063017,19548.3677447396,10902022.0
Greece,GRC,2003,28.63228549263,100.0,100.0,7.6,2672.75982215817,9.31960538320124,20.5063379712513,5.79682274294369,20632.2557041942,10928070.0
Greece,GRC,2004,28.8662451512801,100.0,100.0,7.8,2717.47100440097,9.27329917524567,20.4773277813422,5.37786634595851,21688.1050959558,10955141.0
Greece,GRC,2005,29.100204034135,100.0,100.0,8.0,2758.67496021751,9.43267845080244,18.4006884390429,1.18350635493289,21880.5265835801,10987314.0
Greece,GRC,2006,29.3341629169899,100.0,100.0,8.5,2748.70086926019,9.29067484353055,20.5013778070463,6.44339762487436,23220.5324419197,11020362.0
Greece,GRC,2007,29.56812257564,100.0,100.0,8.1,2737.50471822283,9.59465620271688,18.74614719736,3.50686976639459,23973.6936091313,11048473.0
Greece,GRC,2008,29.802081458495,100.0,100.0,8.3,2749.77926334315,9.19276599113492,16.6711382140503,0.0574740238200775,23923.8800731311,11077841.0
Greece,GRC,2009,30.0360411171451,100.0,100.0,9.2,2654.84323438585,8.6627939796977,16.0934799769726,-4.11927606715011,22878.1346644397,11107017.0
Greece,GRC,2010,30.27,100.0,100.0,11.4,2487.52918925294,8.01145293539691,15.0655277858101,-5.6937412158003,21547.724178239,11121341.0
Greece,GRC,2011,30.27,100.0,100.0,11.4,2413.16129816794,7.75736006243731,14.3792409788507,-9.87677875300243,19448.255802525,11104899.0
Greece,GRC,2012,30.27,100.0,100.0,14.2,2408.75576544664,7.38387675666416,14.7998191105367,-8.33113421099992,17924.6620496886,11045011.0
Greece,GRC,2013,30.27,100.0,100.0,16.6,2133.12835852595,6.73744445045335,15.064315279116,-2.27211699888024,17644.8766635021,10965211.0
Greece,GRC,2014,30.27,100.0,100.0,16.4,2128.79231677777,6.51907892218189,14.144282569928,0.792225060962835,17903.5252440012,10892413.0
Greece,GRC,2015,30.27,100.0,100.0,17.5,2148.04707916151,6.41834866895798,14.4406143927451,-0.228301892172851,17980.7298238137,10820883.0
Greece,GRC,2016,30.2699767261443,100.0,100.0,16.4,2109.41656684289,6.32529541885367,14.3053359941807,-0.0317947678412054,18049.928997892,10775971.0
Greece,GRC,2017,30.2699767261443,100.0,100.0,16.4,2148.0515638287,6.35852543809071,13.5438938901132,1.47312472702352,18352.0884461258,10754679.0
Greece,GRC,2018,30.2699767261443,100.0,100.0,17.9,2089.36044213673,6.19923893694163,13.6804076386379,2.06467207892409,18769.0389621976,10732882.0
Greece,GRC,2019,30.2699767261443,100.0,100.0,18.5,2058.5433840771,5.7354129269356,13.4139572418293,2.27718065334808,19216.6759579785,10721582.0
Greece,GRC,2020,30.2699767261443,100.0,100.0,20.1,1839.48818892263,4.89415483279633,14.2956021874194,-9.19623149726978,17486.951333323,10698599.0
Greece,GRC,2021,30.2699767261443,100.0,100.0,21.5,1924.00171997177,5.08222613106168,14.7711977789358,8.65449786002131,19232.9683327114,10569207.0
Greece,GRC,2022,30.2699767261443,100.0,100.0,,1957.79872050503,5.28092585505901,16.7201143496111,5.52198580589408,20552.3223279685,10436882.0
Greece,GRC,2023,30.2699767261443,100.0,100.0,,1874.9562305559,4.92324127436463,14.8477611524462,2.13591131996631,21050.8648111581,10407351.0
Greenland,GRL,2000,0.0005359970763795,,100.0,9.2,,0.0231378481801192,,7.10159688181619,31623.0591501943,56185.0
Greenland,GRL,2001,0.0005359970763795,,100.0,8.7,,0.0248319409709289,,1.26903507902787,31914.1710964481,56379.0
Greenland,GRL,2002,0.0005359970763795,,100.0,9.5,,0.0247371675943105,,-0.971177310665553,31483.6074780094,56595.0
Greenland,GRL,2003,0.0005359970763795,,100.0,9.5,,0.0246691688252189,14.6329587285511,4.43004572118211,32787.9680355213,56751.0
Greenland,GRL,2004,0.0005359970763795,,100.0,6.7,,10.6137298323315,15.7106615256395,6.90658283676629,34961.9356097257,56898.0
Greenland,GRL,2005,0.0005359970763795,,100.0,7.0,,10.728023184333,16.2443320622729,4.98749177090193,36681.8055890619,56935.0
Greenland,GRL,2006,0.0005359970763795,,100.0,7.1,,11.001321003963,16.7222152612455,5.55569490080012,38828.8524943222,56775.0
Greenland,GRL,2007,0.0005359970763795,,100.0,6.9,,10.8796746529927,16.7841075175753,2.3524379811805,39896.875364094,56555.0
Greenland,GRL,2008,0.0005359970763795,,100.0,6.9,,11.2253231075131,18.2172094154952,6.1661327018619,42527.6668469766,56328.0
Greenland,GRL,2009,0.0005359970763795,,100.0,8.8,,9.77220673614687,17.9822750464506,0.865952328886948,42899.7441985862,56323.0
Greenland,GRL,2010,0.0005359970763795,,100.0,10.1,,11.3701489369229,18.0842449211536,1.73582505889665,43481.5161087805,56534.0
Greenland,GRL,2011,0.0005359970763795,,100.0,10.2,,12.0038671119705,18.0605185920164,-0.496519391959083,42994.8790874739,56890.0
Greenland,GRL,2012,0.0005359970763795,,100.0,10.1,,9.48600598486182,18.911785135448,1.39419335955625,43655.7004664255,56810.0
Greenland,GRL,2013,0.0005359970763795,,100.0,11.2,,9.51436715471912,18.1332272290195,-1.29828069335511,43338.3839246907,56483.0
Greenland,GRL,2014,0.0005359970763795,,100.0,12.5,,8.54072297717382,15.6961945959501,4.7421356730152,45545.1429414917,56295.0
Greenland,GRL,2015,0.0005359970763795,,100.0,13.1,,9.24546458994191,17.0467116297327,-2.52931802394475,44536.3549705377,56114.0
Greenland,GRL,2016,0.0005359970763795,,100.0,12.4,,9.18200263410814,17.6874070578423,4.68195410972302,46561.7831434013,56186.0
Greenland,GRL,2017,0.0005359970763795,,100.0,11.3,,8.95641956846828,17.0105529266181,0.0527281828800312,46597.9452470348,56172.0
Greenland,GRL,2018,0.0005359970763795,,100.0,11.4,,9.0730592792246,18.2130067733894,0.62306542854094,47012.9860350276,56023.0
Greenland,GRL,2019,0.0005359970763795,,100.0,10.9,,9.31791907514451,17.1422282695694,2.83217756798683,48170.7896955512,56225.0
Greenland,GRL,2020,0.0005359970763795,,100.0,11.8,,9.35831248780315,20.6552283701417,0.250789762104304,48169.9406957389,56367.0
Greenland,GRL,2021,0.0005359970763795,,100.0,11.6,,9.67998164263146,18.9809292464903,1.63409410992996,48709.9339758895,56653.0
Greenland,GRL,2022,0.0005359970763795,,100.0,11.7,,10.4198655159634,19.5118889646021,2.00455580865604,49679.3365414895,56661.0
Greenland,GRL,2023,0.0005359970763795,,100.0,,,10.2857645300273,18.4467840952227,0.865961986998158,49929.7755428605,56865.0
Grenada,GRD,2000,52.0588235294118,92.2,86.0,10.5,,0.53419698281077,17.9095188316552,4.88795213650562,6677.1265230922,107451.0
Grenada,GRD,2001,52.0588235294118,92.6,86.3,10.4,,0.539879800346338,16.5118570725163,-2.02390004072058,6509.51660313374,107987.0
Grenada,GRD,2002,52.0588235294118,92.9,86.6,10.5,,0.584849267554703,16.6171559487198,3.43732352954147,6707.36873532777,108404.0
Grenada,GRD,2003,52.0588235294118,93.1,86.9,10.4,,0.639212372800411,17.0087138352588,9.46397343076491,7309.78547094579,108884.0
Grenada,GRD,2004,52.0588235294118,93.2,87.2,10.6,676.893242958938,0.607374477465858,16.7118338408484,-0.647450316084857,7233.29494434962,109323.0
Grenada,GRD,2005,52.0588235294118,93.1,87.5,10.6,719.922722219184,0.649753039167441,22.8478487752929,13.2761883306272,8162.91232124727,109734.0
Grenada,GRD,2006,52.0588235294118,93.2,87.9,10.4,735.461025105552,0.738184954828165,19.4226500215903,-3.99532824427482,7808.24358323434,110135.0
Grenada,GRD,2007,52.0588235294118,93.2,88.2,9.9,732.885760301117,0.818841497620383,18.8185412969453,6.12345094741467,8257.36225682689,110522.0
Grenada,GRD,2008,52.0588235294118,93.0,90.0,10.8,,0.891826576251623,17.5549887040486,0.947542624907697,8307.49221491819,110896.0
Grenada,GRD,2009,52.0588235294118,92.8,89.0,10.5,,0.955471263954555,14.7258701794622,-6.61328134799545,7733.12990600058,111254.0
Grenada,GRD,2010,52.0588235294118,92.5,89.4,10.8,,1.06464968723675,14.709329695351,-0.511146187173722,7670.71165827663,111586.0
Grenada,GRD,2011,52.0588235294118,92.3,88.8,11.4,,0.819957351510988,13.3430366681412,0.764773550338731,7695.37616017287,112079.0
Grenada,GRD,2012,52.0588235294118,92.0,90.2,11.5,,0.843272001773443,12.3180285968292,-1.15483816409801,7559.5628483956,112775.0
Grenada,GRD,2013,52.0588235294118,91.5,90.6,10.8,,1.08029994624935,13.3978295173335,2.35109801677905,7688.75297701343,113487.0
Grenada,GRD,2014,52.0588235294118,91.0,91.0,11.0,,0.963796306031612,12.8104378636674,7.34212396037948,8206.62862112333,114132.0
Grenada,GRD,2015,52.0588235294118,90.5,91.4,10.5,,1.02113781436395,12.3242889833279,6.44522314693144,8694.12438005692,114676.0
Grenada,GRD,2016,52.0588235294118,89.9,91.8,10.4,,1.10831234256927,12.1551895563471,3.7396039558691,8983.68397337899,115130.0
Grenada,GRD,2017,52.0588235294118,89.3,92.2,10.2,,1.10882031913235,12.715876749963,4.43867566948151,9357.40728883583,115438.0
Grenada,GRD,2018,52.0588235294118,88.7,92.3,10.7,,1.24037306272744,13.4331770166911,4.36144039364797,9744.16919577204,115691.0
Grenada,GRD,2019,52.0588235294118,87.9,93.0,10.4,,1.55542718203844,13.6417603413492,0.676511738873756,9785.56040240592,115981.0
Grenada,GRD,2020,52.0588235294118,87.2,93.4,10.3,,1.3202568312117,13.0941605347134,-13.7566222572107,8413.28335500372,116341.0
Grenada,GRD,2021,52.0588235294118,86.3,93.7,10.2,,1.37803373097491,14.5039603960396,4.6977240232674,8782.32193426078,116688.0
Grenada,GRD,2022,52.0588235294118,85.1,94.2,10.0,,1.44894066528102,16.1403646794682,7.31023806981959,9406.19337643226,116913.0
Grenada,GRD,2023,52.0588235294118,84.2,94.4,,,1.45113212220599,14.783570238864,4.52657497450693,9817.86383583917,117081.0
Guam,GUM,2000,44.4444444444444,,100.0,0.4,,0.0018742385905725,,,,160065.0
Guam,GUM,2001,44.4444444444444,,100.0,0.4,,0.0018595540789318,,,,161329.0
Guam,GUM,2002,44.4444444444444,,100.0,0.4,,0.0018482580168191,,,29576.221681311,162315.0
Guam,GUM,2003,44.4444444444444,,100.0,0.5,,0.0018389451810441,,0.879314134974734,29685.9531745657,163137.0
Guam,GUM,2004,44.4444444444444,,100.0,0.5,,0.001831390025029,,6.49378949662236,31483.8141949558,163810.0
Guam,GUM,2005,44.4444444444444,,100.0,0.4,,0.0018252060961883,,3.64231634949867,32520.3729565352,164365.0
Guam,GUM,2006,44.4444444444444,,100.0,0.4,,0.0012133051037679,,-3.65251727541954,31242.462900947,164839.0
Guam,GUM,2007,44.4444444444444,,100.0,0.4,,0.0018152444226615,,0.717213114754102,31385.0475162113,165267.0
Guam,GUM,2008,44.4444444444444,,100.0,0.4,,0.0018105773931306,,2.03458799593082,31941.2706025874,165693.0
Guam,GUM,2009,44.4444444444444,,100.0,0.5,,0.0018053474391146,,0.438683948155543,31988.7229358255,166173.0
Guam,GUM,2010,44.4444444444444,,100.0,0.5,,0.0018015637573413,,2.26325193567601,32644.1484056205,166522.0
Guam,GUM,2011,44.8148148148148,,100.0,0.5,,0.001801336591751,,0.0776548243059523,32665.3787483379,166543.0
Guam,GUM,2012,45.1851851851852,,100.0,0.5,,0.001803632515887,,2.13385063045585,33404.9317636913,166331.0
Guam,GUM,2013,45.5555555555556,,100.0,0.6,,0.0018075991468132,,1.69040835707501,34044.3190415455,165966.0
Guam,GUM,2014,45.9259259259259,,100.0,0.7,,0.0012085614493068,,1.79305192379529,34755.2691107298,165486.0
Guam,GUM,2015,46.2962962962963,,100.0,2.3,,0.0012128195021375,,0.825688073394488,35165.7014644795,164905.0
Guam,GUM,2016,51.8518518518518,,100.0,4.4,,0.0018266730803188,,0.18198362147406,35373.8483143417,164233.0
Guam,GUM,2017,51.8518518518518,,100.0,3.9,,0.0018349746161844,,0.890099909173486,35850.9025520506,163490.0
Guam,GUM,2018,51.8518518518518,,100.0,4.5,,0.0018441224743205,,-0.828231904933389,35731.2203743081,162679.0
Guam,GUM,2019,51.8518518518518,,100.0,4.5,,0.0024720656580638,,2.52360203340596,36830.1264410973,161808.0
Guam,GUM,2020,51.8518518518518,,100.0,4.6,,0.0024667299794028,,-10.5188595714539,32884.8852646787,162158.0
Guam,GUM,2021,51.8518518518518,,100.0,4.5,,0.0018322848592194,,2.0581832574708,33239.4846327875,163730.0
Guam,GUM,2022,51.8518518518518,,100.0,6.7,,0.0018162005085361,,5.09986426216793,34627.9862781837,165180.0
Guam,GUM,2023,51.8518518518518,,100.0,,,0.0018017368743468,,,,166506.0
Guatemala,GTM,2000,39.2795819335573,40.5,73.3,62.7,615.959274265347,0.827443802109015,19.7911162779183,3.6088687174876,3165.9323746889,11697592.0
Guatemala,GTM,2001,38.8254945875327,39.9,73.7,61.3,617.59711543474,0.849690152122634,27.3420734989877,2.33257486608854,3166.20351297452,11969422.0
Guatemala,GTM,2002,38.371407241508,39.3,78.7,63.8,691.770542221836,0.868651411396258,27.1826895247297,3.83928708556792,3213.26837369582,12246915.0
Guatemala,GTM,2003,37.9173198954834,38.6,78.5,64.3,690.150548663056,0.848429989776336,27.4424966147734,2.56037766801896,3222.15468293683,12525842.0
Guatemala,GTM,2004,37.4632325494588,38.1,77.2,66.1,695.803562778047,0.846049807759606,27.8833550863791,3.13791683609193,3250.20406037693,12807402.0
Guatemala,GTM,2005,37.0091452034341,37.7,78.3,65.2,696.528906315535,0.898994004185174,27.5811372404814,3.27602692588886,3284.80971612832,13087629.0
Guatemala,GTM,2006,36.5550578574095,37.4,83.7,64.7,686.763346928881,0.892331145358291,28.269045356288,5.35139778711536,3388.15003339926,13367459.0
Guatemala,GTM,2007,36.1009705113849,36.9,80.7,63.3,720.41253856336,0.930212627563353,27.8843638206437,6.33771869016203,3527.7782721364,13652040.0
Guatemala,GTM,2008,35.6468831653602,36.7,81.9,66.5,686.736367338845,0.829648772236357,28.116816136255,3.29352400028485,3569.92861121538,13935174.0
Guatemala,GTM,2009,35.1927958193356,36.7,83.1,65.3,721.327289373788,0.858176268329233,27.5259745150329,0.476898106596394,3516.19227725255,14215611.0
Guatemala,GTM,2010,34.7387084733109,36.9,84.3,67.1,714.074532356674,0.812345449469632,27.4918265373292,2.88417542800377,3546.6258162259,14500112.0
Guatemala,GTM,2011,34.4833893243748,37.0,84.0,67.1,714.303324282615,0.820889438069957,27.9436212267543,4.16390688293349,3621.37409769184,14792126.0
Guatemala,GTM,2012,34.2280701754386,37.5,86.8,67.4,734.084473337375,0.833631164466604,28.1234371173336,2.97470856847661,3655.57315791242,15089647.0
Guatemala,GTM,2013,33.9727510265024,38.3,88.1,67.2,738.982674301733,0.87963888748261,22.9529599737565,3.69481894978053,3717.30462628413,15387337.0
Guatemala,GTM,2014,33.7174318775663,38.9,85.5,66.2,756.287525577607,0.926919710682339,23.1927143718844,4.44397783368888,3809.61587570091,15681725.0
Guatemala,GTM,2015,33.4621127286301,39.7,90.5,63.3,787.263517462421,1.06172507283645,22.7375104809835,4.09217081621244,3893.50533299068,15971743.0
Guatemala,GTM,2016,33.3538633818589,40.6,91.8,63.2,833.55203066865,1.10787792062825,22.6144392993251,2.67780277623314,3924.77894837098,16268760.0
Guatemala,GTM,2017,33.2456140350877,41.3,93.3,65.0,817.676720672477,1.02957279184604,21.9049014315292,3.07985126948702,3972.74057836068,16567357.0
Guatemala,GTM,2018,33.1373646883165,42.3,94.2,64.0,833.831068721414,1.11243324329049,21.4264352094944,3.40687348346576,4040.2121371198,16845685.0
Guatemala,GTM,2019,33.0291153415453,43.0,95.4,62.8,851.576981433866,1.14962736649855,21.9422533815816,4.01789785040324,4139.12203836307,17103803.0
Guatemala,GTM,2020,32.9208659947742,43.7,96.6,65.5,823.751784803862,1.01505848395418,22.3294622105607,-1.78555175063326,4005.83911593999,17357325.0
Guatemala,GTM,2021,32.812616648003,44.8,97.9,62.1,924.210448799794,1.14808238131902,22.2420507236704,8.04170378184928,4268.62858565412,17598650.0
Guatemala,GTM,2022,32.7043673012318,45.5,99.1,,887.8389253262,1.06185178214753,22.6306600546867,4.18451817243695,4385.14891178047,17847877.0
Guatemala,GTM,2023,32.5961179544606,46.5,100.0,,,1.11051475329048,22.3064386213323,3.5331575177533,4470.70728455461,18124838.0
Guinea,GIN,2000,28.1987628194693,0.7,15.2,85.5,,0.173226848037783,21.5230896940631,2.50306056299607,614.137235083638,8428832.0
Guinea,GIN,2001,28.0522545987303,0.8,16.4,84.8,,0.184473931962211,21.8203987016552,3.65834646929586,628.320554864936,8539960.0
Guinea,GIN,2002,27.9057463779912,0.8,17.7,84.3,,0.195755946519199,21.4815029343945,5.16460946696631,650.554963973291,8674066.0
Guinea,GIN,2003,27.7592381572522,0.8,18.9,83.5,,0.202721722021996,21.7573715436192,1.24860125923698,644.071217908894,8870781.0
Guinea,GIN,2004,27.6127299365131,0.8,20.2,83.2,,0.201970135696478,20.9236440966749,2.34011731288737,645.182843390689,9062726.0
Guinea,GIN,2005,27.4662217157741,0.8,20.2,81.6,,0.189522990005023,21.9879538645841,2.99727256275818,651.359606871604,9245844.0
Guinea,GIN,2006,27.319713495035,0.8,22.8,81.1,,0.196659927036593,34.2753959440443,1.18960211693242,645.472001923653,9441171.0
Guinea,GIN,2007,27.1732052742959,0.8,24.1,80.4,,0.200760048274315,30.7663957919196,6.81747111070281,673.698997420626,9662281.0
Guinea,GIN,2008,27.0266970535569,0.8,25.4,80.2,,0.208306604693263,32.9328375718068,4.13301615965833,684.775780377366,9898870.0
Guinea,GIN,2009,26.8801888328178,0.8,26.7,79.2,,0.215694056923356,32.2887263194246,-1.12264204848687,660.756701330284,10143534.0
Guinea,GIN,2010,26.7336806120788,0.8,28.1,75.7,,0.241465874753248,32.3138372958105,4.81336016967553,675.736917327708,10396086.0
Guinea,GIN,2011,26.5871723913397,0.8,29.5,74.8,,0.248995712600675,32.6144005582332,5.61211177430975,696.199991395571,10656810.0
Guinea,GIN,2012,26.4406641706007,0.8,26.2,76.4,,0.229920924452238,31.5767582978151,5.91528626133322,719.505916794546,10921581.0
Guinea,GIN,2013,26.2941559498616,0.8,32.2,78.5,,0.20281681180621,29.6407139185782,3.94568708624053,729.833143236326,11191873.0
Guinea,GIN,2014,26.1476477291226,0.8,33.5,78.6,,0.206869669841795,29.6941648521559,3.69655311664086,738.272274481308,11472924.0
Guinea,GIN,2015,26.0011395083835,0.8,34.9,76.2,,0.243671534205201,26.3246416118291,3.82591056949435,747.356966759448,11767070.0
Guinea,GIN,2016,25.8383525964512,0.9,33.5,75.3,,0.267497057490953,30.1038432883843,10.82062719659,807.236421043888,12073030.0
Guinea,GIN,2017,25.675565684519,0.9,35.4,72.0,,0.264023093159597,31.653986926333,10.3000053427355,867.907502577607,12385659.0
Guinea,GIN,2018,25.5127787725867,0.9,45.0,73.2,,0.294495596694597,33.3410014345781,6.35849192736715,899.907328045175,12704774.0
Guinea,GIN,2019,25.3499918606544,0.9,42.2,68.3,,0.369331917381969,29.390798702636,5.61691446889876,926.42221954853,13034346.0
Guinea,GIN,2020,25.1872049487221,1.0,44.7,65.8,,0.403359971963588,28.5122742669412,4.70459096113575,945.570903389665,13371183.0
Guinea,GIN,2021,25.0244180367898,1.0,46.8,66.8,,0.370350839534597,28.8210712335353,5.5823328114905,973.646890096159,13710513.0
Guinea,GIN,2022,24.8616311248576,1.0,47.7,66.6,,0.371451377528373,26.5029300686511,3.97240784200721,987.502501465337,14055137.0
Guinea,GIN,2023,24.6988442129253,1.0,51.1,,,0.348923061715176,25.7306393241004,5.54172668627702,1016.88094800324,14405468.0
Guinea-Bissau,GNB,2000,76.4182076813656,1.4,,91.2,,0.16286816425469,8.88112869526954,1.10027815777423,571.094015178625,1234741.0
Guinea-Bissau,GNB,2001,76.1178876244666,1.3,,91.2,,0.167687725020674,9.96976622237475,4.7859716500482,585.837980688333,1261273.0
Guinea-Bissau,GNB,2002,75.8175675675676,1.2,1.3,91.0,,0.17319381652314,15.8232800934822,3.65393603642713,594.040535151552,1289307.0
Guinea-Bissau,GNB,2003,75.5172475106686,1.2,2.6,89.0,,0.200560203699407,16.7545534859258,-0.285931052286514,579.092506821836,1318806.0
Guinea-Bissau,GNB,2004,75.2169274537696,1.2,3.9,88.6,63.7243315058282,0.199842467524673,12.4404404161973,1.17189152277038,572.526464627294,1349563.0
Guinea-Bissau,GNB,2005,74.9166073968705,1.2,5.2,88.5,62.9711526978072,0.199263888939153,12.4400960708697,6.55977111846077,595.94255560187,1381585.0
Guinea-Bissau,GNB,2006,74.6162873399715,1.2,14.5,88.3,63.5906233506182,0.204267213451819,12.0924056056146,2.66650493269572,597.257151722046,1415303.0
Guinea-Bissau,GNB,2007,74.3159672830726,1.1,7.9,87.9,65.4727199297581,0.211787019309628,12.5990180965363,2.55982647078751,597.482020935948,1450986.0
Guinea-Bissau,GNB,2008,74.0156472261735,1.15,9.3,88.4,,0.195960630460991,12.3813756165574,4.52457514610252,608.958620496925,1488054.0
Guinea-Bissau,GNB,2009,73.7153271692745,1.1,4.7,87.9,,0.202505671927709,12.7564033361704,2.44795106098685,608.202131879882,1526377.0
Guinea-Bissau,GNB,2010,73.4150071123755,1.2,6.0,87.8,,0.200338749970473,13.7495149088181,5.60536311358261,625.904027290582,1566347.0
Guinea-Bissau,GNB,2011,73.1147226173542,1.1,13.5,87.9,,0.19800059201182,12.2556709039964,8.08504167173554,658.953470528116,1608076.0
Guinea-Bissau,GNB,2012,72.8144381223329,1.1,14.9,87.8,,0.193894092164487,12.0457512726254,-1.71286958446419,630.66862302825,1651417.0
Guinea-Bissau,GNB,2013,72.5141536273115,1.1,16.3,87.7,,0.194283753338054,13.1545314595145,3.25607190852087,634.095456089352,1695973.0
Guinea-Bissau,GNB,2014,72.2138691322902,1.1,17.2,87.3,,0.195965590004606,14.6822693955448,0.964525745841428,623.610159103365,1741122.0
Guinea-Bissau,GNB,2015,71.9135846372688,1.1,20.1,87.2,,0.202915603342258,12.9268475259906,6.1340893623123,645.066837207039,1786457.0
Guinea-Bissau,GNB,2016,71.6134423897582,1.1,22.9,86.8,,0.206780636205281,12.0226933283458,5.4326782650304,663.242608032005,1831893.0
Guinea-Bissau,GNB,2017,71.3133001422475,1.1,26.0,86.8,,0.163339498964344,11.7058928971019,4.66367943913264,677.466131311367,1877072.0
Guinea-Bissau,GNB,2018,71.0131578947368,1.1,28.4,86.6,,0.183438700467389,16.3705721944585,3.76145359637003,686.456819839526,1922168.0
Guinea-Bissau,GNB,2019,70.7130156472262,1.0,30.9,86.2,,0.181227181434531,15.6395774663519,5.32749571119344,706.298562874985,1967696.0
Guinea-Bissau,GNB,2020,70.4128733997155,1.0,33.4,87.2,,0.167042923027634,12.3946500505351,2.89139814952995,710.275129060129,2013255.0
Guinea-Bissau,GNB,2021,70.1127311522048,0.95,35.8,87.4,,0.16319861514318,11.8051837232973,5.05055831244401,729.627090607537,2058841.0
Guinea-Bissau,GNB,2022,69.8125889046942,0.9,37.4,87.4,,0.163331875267451,12.6807194794454,5.52987253058352,752.901123263165,2105529.0
Guinea-Bissau,GNB,2023,69.5124466571835,0.8,40.5,,,0.152925294159443,15.0852922451244,5.82749502627256,779.085789155531,2153339.0
Guyana,GUY,2000,94.3064262128524,100.0,74.6,30.4,,2.17315698087946,20.0012299787296,-1.36380390261873,3759.60789699989,764832.0
Guyana,GUY,2001,94.2838658877318,100.0,75.1,31.0,,2.1525827461127,20.0826363267013,2.2795216592191,3847.09461851367,764477.0
Guyana,GUY,2002,94.2613055626111,100.0,75.7,34.2,,2.12623027242775,19.6492758825796,1.13262696199476,3894.87107415198,763652.0
Guyana,GUY,2003,94.2387452374905,100.0,76.2,34.6,,2.12252375504684,18.0496168369614,-0.632225388266377,3873.04123684261,763101.0
Guyana,GUY,2004,94.2161849123698,100.0,76.8,35.5,628.2642854707,2.19499014976037,17.1139253470055,1.56335211034042,3937.11435304522,762418.0
Guyana,GUY,2005,94.1936245872492,100.0,77.5,34.7,650.533437418683,1.94949757791288,16.6691938643683,-1.95095759501714,3867.93308158647,760914.0
Guyana,GUY,2006,94.1710642621285,100.0,73.4,36.8,658.791039387799,1.75844504233391,22.0717890267589,5.12960934773,4076.77981715707,758966.0
Guyana,GUY,2007,94.1485039370079,100.0,78.5,33.1,660.623284856797,2.12324323752974,23.6589377907829,7.19123624057457,4382.10449666813,756861.0
Guyana,GUY,2008,94.1259436118872,100.0,79.1,32.6,,2.12760036363347,24.7390950750695,1.75522349592019,4472.34517889699,754606.0
Guyana,GUY,2009,94.1033832867666,100.0,77.6,31.3,,2.1659526601728,24.5699983117448,3.61150847218585,4649.34144792756,752094.0
Guyana,GUY,2010,94.0808229616459,100.0,83.3,30.6,,2.35059846033932,24.9027270750604,4.13844160137342,4860.09110980566,749256.0
Guyana,GUY,2011,94.0214376428753,100.0,84.2,32.8,,2.45713680706236,26.4538770719167,5.19625156051602,5133.89539813637,746153.0
Guyana,GUY,2012,93.9620523241046,100.0,85.1,28.7,,2.68341444589756,26.5877498717371,5.27633062046809,5403.79899428921,746288.0
Guyana,GUY,2013,93.902667005334,100.0,86.0,26.9,,2.63645951246698,25.6280649781202,3.65338433338232,5573.3421790463,750021.0
Guyana,GUY,2014,93.8432816865634,100.0,86.9,24.0,,2.73802784035087,24.3921272261287,1.68649445019584,5635.71704117947,754229.0
Guyana,GUY,2015,93.7838963677927,100.0,88.0,25.0,,2.73412223026143,24.7187387911341,0.687404590619494,5640.41560569466,758781.0
Guyana,GUY,2016,93.7371602743206,100.0,89.0,21.3,,3.21708654858634,29.382927306177,3.80745626378814,5818.61682204646,763548.0
Guyana,GUY,2017,93.6903733807468,100.0,90.0,22.1,,3.21257965409595,26.2071926714792,3.73449154571284,5997.18271426826,768479.0
Guyana,GUY,2018,93.6436372872746,100.0,90.9,16.8,,3.26041366624724,26.2597639752552,4.44091288475967,6080.90612132746,791556.0
Guyana,GUY,2019,93.5968503937008,100.0,91.6,11.3,,3.45861217212582,28.6892259316288,5.35284003535665,6278.63054079553,807665.0
Guyana,GUY,2020,87.2186227147864,100.0,92.3,12.0,,4.12368835923074,38.7960801467797,43.479651716849,9010.61000469878,807481.0
Guyana,GUY,2021,87.1750179975372,100.0,92.9,13.2,,4.07256076774227,50.3896520627165,20.0599975568418,10711.9973374148,815482.0
Guyana,GUY,2022,87.1314345931609,100.0,93.0,12.1,,4.48373186699236,67.8206416613225,63.3346343654855,17365.3336428642,821637.0
Guyana,GUY,2023,87.0878369802027,100.0,98.9,,,4.52651590785052,69.3012460921421,33.795011115873,23101.3538282741,826353.0
Haiti,HTI,2000,13.8116835994194,2.6,33.7,80.8,367.668711281342,0.20415141191579,23.048486874758,0.870059259424892,1342.89490450523,8303151.0
Haiti,HTI,2001,13.8034470246734,2.7,31.5,80.9,354.939290686259,0.204353921123644,23.5984895487098,-0.342747883252144,1314.11419693969,8455918.0
Haiti,HTI,2002,13.7952104499274,2.8,33.1,79.1,361.247287034171,0.226717169082679,23.2116928683578,1.05182013450109,1304.5293810385,8607641.0
Haiti,HTI,2003,13.7869738751814,3.0,31.6,79.0,356.879162298398,0.221166605326629,25.3098723727845,3.48077973188326,1326.47161042212,8759912.0
Haiti,HTI,2004,13.7787373004354,3.1,34.1,81.1,357.794531363988,0.200981721863878,25.6128699974092,-1.3178567596495,1286.90282128221,8910263.0
Haiti,HTI,2005,13.7705007256894,3.3,34.5,81.1,363.221446517241,0.201859054461774,25.0367007859813,3.07217337664731,1304.33303731231,9061273.0
Haiti,HTI,2006,13.7622641509434,3.4,33.9,81.4,367.726653817866,0.200877507252704,26.494693007675,1.76875060288195,1305.03813815611,9216562.0
Haiti,HTI,2007,13.7540275761974,3.4,35.5,79.3,369.82614447503,0.232981013295643,25.2963112825586,4.70652994008303,1343.61111422048,9373296.0
Haiti,HTI,2008,13.7457910014514,3.5,36.1,79.6,368.507033755957,0.226980515958095,26.701201891474,2.6580323082747,1356.53400140048,9530774.0
Haiti,HTI,2009,13.7375544267054,3.6,36.6,80.3,377.427344980307,0.219132282396937,26.2255411512356,5.89037894844316,1412.89653523429,9689581.0
Haiti,HTI,2010,13.7293178519594,3.6,37.2,79.0,388.995522336097,0.26510476988653,23.5332687261618,-5.65151153448299,1317.58389339746,9803294.0
Haiti,HTI,2011,13.616618287373,3.7,37.8,79.0,402.476697495403,0.296967070987273,24.5925802703743,5.09821354410036,1369.16921255852,9914904.0
Haiti,HTI,2012,13.5039187227866,3.8,37.9,82.2,408.922012927348,0.273948632992746,25.3732825170097,0.502424403581585,1354.88546124499,10069771.0
Haiti,HTI,2013,13.3912191582003,3.8,38.9,80.4,415.229471165857,0.291263408593826,25.6899193261312,4.32478411472874,1392.38204736859,10222362.0
Haiti,HTI,2014,13.2785195936139,3.8,39.6,77.8,400.493565620537,0.311214389725095,26.5606297593527,2.88877250863379,1411.76834802154,10373235.0
Haiti,HTI,2015,13.1658200290276,3.9,40.8,76.1,400.138818358845,0.332026955191185,26.0556909416746,1.40000000859727,1411.12684746796,10523242.0
Haiti,HTI,2016,13.0529753265602,4.0,40.4,76.1,408.56544100745,0.335286924737644,24.4486778891376,1.81246807847532,1416.74881879698,10671457.0
Haiti,HTI,2017,12.9401306240929,4.1,43.3,76.2,410.595545177212,0.331556809297013,23.7054083866046,2.51027134544685,1432.67228609541,10817754.0
Haiti,HTI,2018,12.8272859216255,4.0,44.4,76.2,419.506914918994,0.32453772280098,24.1385210331551,1.66781095484656,1437.35251928349,10962362.0
Haiti,HTI,2019,12.7144412191582,4.2,45.4,76.4,409.8045053234,0.323714293972993,23.3823262210182,-1.72309699839232,1394.42114071112,11105163.0
Haiti,HTI,2020,12.6015965166909,4.2,46.3,76.3,398.394138508433,0.306345301003713,23.327525652015,-3.30550546965893,1331.69778506932,11243848.0
Haiti,HTI,2021,12.4887518142235,4.4,47.2,76.7,406.126296523889,0.299641674870628,25.5323969166346,-1.79823988931486,1292.71954963551,11374586.0
Haiti,HTI,2022,12.3759071117562,4.4,49.3,,377.526060418635,0.294629353613119,29.3411380317267,-1.68198396897978,1256.72143592448,11503606.0
Haiti,HTI,2023,12.2630624092888,4.5,51.3,,,0.290485897277037,31.9840013125009,-1.86388420254838,1219.11871645847,11637398.0
Heavily indebted poor countries (HIPC),HPC,2000,32.477021401215,5.82666652187634,17.8244786052089,85.3583528760041,352.438705088556,0.176444119105143,21.2720944834698,2.8759572259528,679.180241236318,481984327.0
Heavily indebted poor countries (HIPC),HPC,2001,32.3278243647089,6.13402349325981,18.6972355290942,84.9516479758069,353.826100167406,0.181075888229208,21.141004156627,3.6692578512893,685.314051709361,495197350.0
Heavily indebted poor countries (HIPC),HPC,2002,32.1786273282028,6.46592371400202,19.4035785911305,84.4545528836959,358.119442230013,0.184319776138118,21.7143843707386,3.91213514450783,691.889343076378,509679981.0
Heavily indebted poor countries (HIPC),HPC,2003,32.0294302916967,6.78300471217907,20.8722972088871,84.270327212806,356.860187659596,0.186054191744836,21.9746742510936,4.02463406918288,699.033702737859,524773987.0
Heavily indebted poor countries (HIPC),HPC,2004,31.6099591151081,7.13848368890072,21.919398023812,83.9450364180269,360.685332326003,0.190633998870637,22.73880945125,5.76695683392163,718.761366870826,539803501.0
Heavily indebted poor countries (HIPC),HPC,2005,31.4619457967489,7.50196086106324,21.6656070263309,83.9256979376258,361.146209912792,0.194797804358341,23.2740852296215,5.53135344903536,737.272732422018,555358929.0
Heavily indebted poor countries (HIPC),HPC,2006,31.314028110228,7.88374058050702,24.2970552406841,83.1818878444874,363.341715875629,0.206130639356663,24.0539083710184,5.72430889054247,757.521668994488,571454590.0
Heavily indebted poor countries (HIPC),HPC,2007,31.1660134268032,8.32654934631592,25.8477550274109,81.7362408698414,357.030085723399,0.216040353675837,24.5050297543998,5.47781073168518,777.28450144481,587432384.0
Heavily indebted poor countries (HIPC),HPC,2008,31.0181492360521,8.76169177872503,25.8037471371516,81.2329236673649,359.503966699138,0.221109101022689,24.8563508989675,5.62080376701061,798.444777244499,604007702.0
Heavily indebted poor countries (HIPC),HPC,2009,30.870160382697,9.20833192906466,27.0246119888698,80.4451955986762,362.652859595113,0.227432056173811,23.537218497459,3.47461460183112,803.144160263683,621337653.0
Heavily indebted poor countries (HIPC),HPC,2010,30.7210230312888,9.67273587068661,28.679431301834,79.6115171074584,360.826575844498,0.2388786168453,23.6197757129994,6.16805649826611,829.378145273867,638796398.0
Heavily indebted poor countries (HIPC),HPC,2011,30.54835225564,10.1633052024293,29.1718396828583,78.8967629817918,372.298209581603,0.253348481318633,25.2863491373825,4.57034247802935,843.531584159094,656783491.0
Heavily indebted poor countries (HIPC),HPC,2012,28.4679345174152,10.6814715817813,31.8979660493501,77.8546208866133,380.234814328636,0.262552622765853,25.2746827628038,4.05986356692397,853.586116932267,675397557.0
Heavily indebted poor countries (HIPC),HPC,2013,28.3034136347245,11.14829478809,32.8873110453621,77.654981472332,389.940392315486,0.266164836993418,25.9456604574455,5.7671668343436,877.826285990185,694622934.0
Heavily indebted poor countries (HIPC),HPC,2014,28.138905241687,11.7141381374473,35.3432938741151,77.378161792632,391.524698329173,0.270645454189192,25.3611959755801,5.4603033592272,899.664821616374,714769441.0
Heavily indebted poor countries (HIPC),HPC,2015,27.9742509755845,12.2824012895682,35.4532334232963,76.5530574120486,392.044750068991,0.285864008153473,24.2749557128457,4.90684629199932,917.296109229181,735429414.0
Heavily indebted poor countries (HIPC),HPC,2016,27.7966008687619,12.8550820637897,40.5879143859095,76.0862841962469,392.011720656837,0.295907080431569,24.0074912108206,4.32522802984808,929.831454420103,756895035.0
Heavily indebted poor countries (HIPC),HPC,2017,27.6241210762792,13.4565353008574,41.4761400082642,75.9193473348398,387.139623860051,0.300292678646809,24.8776660292473,5.0460102323685,948.559641481731,779389964.0
Heavily indebted poor countries (HIPC),HPC,2018,27.4527875961795,14.0576046634429,43.9780559155511,75.2520183545811,387.483220146225,0.308247041522024,26.2719653863246,4.19381222105785,960.452334962383,802020674.0
Heavily indebted poor countries (HIPC),HPC,2019,27.2787325179957,14.7177132245491,45.0224569328403,74.8448133256749,388.902391742687,0.314489417112082,25.9882737632491,4.20482798138602,973.374706001474,824649053.0
Heavily indebted poor countries (HIPC),HPC,2020,27.1077926444533,15.3136631204171,46.3405988685198,76.0353291030768,388.246103651277,0.302159978831705,25.0613666366431,-0.0187133746473904,946.680806659878,847743308.0
Heavily indebted poor countries (HIPC),HPC,2021,26.9347567808728,15.9316237425643,48.0199412207435,,398.512148598139,0.319865647623617,25.8686317927366,4.3943156092006,961.96999346246,870930036.0
Heavily indebted poor countries (HIPC),HPC,2022,26.7630800789891,16.5804409338906,48.7171277289385,,400.784696544082,0.322431223423067,26.6647458157565,4.87387497765388,982.924394594556,893906294.0
Heavily indebted poor countries (HIPC),HPC,2023,,17.1919491768213,50.5311127498598,,,0.315254506603433,27.3433752125751,3.46266952839525,991.01991315821,917304254.0
High income,HIC,2000,35.5916053725076,99.9639597012941,99.441643111124,6.84678847436669,4879.53248345703,12.3402043180872,26.5261099981349,4.27924118161394,30158.070077562,1255696330.0
High income,HIC,2001,35.6201914252377,99.9648135146993,99.4664430681857,6.54177055385906,4868.02880129051,12.3148114889138,25.4344481962175,1.58670808456753,30481.2971869816,1262093741.0
High income,HIC,2002,35.648425347281,99.9657464909076,99.4863294366507,6.62132648676549,4884.79790758695,12.1867138839707,24.7375761522606,1.63889237440706,30822.9440482008,1268559564.0
High income,HIC,2003,35.675843420708,99.9667460461974,99.5284253858734,6.86995743794711,4940.49981595089,12.3824031034398,24.7360234787282,2.29635590568378,31366.5421324302,1275200577.0
High income,HIC,2004,35.7036265324202,99.9677962553631,99.5231891566816,7.10768137806772,4997.9818809832,12.4309628546727,24.9459959879935,3.51505087433188,32292.6469967559,1282168195.0
High income,HIC,2005,35.7314866543515,99.9685335679177,99.5332329224938,7.38790136062168,4999.5550782261,12.4152445699697,25.1904064387562,3.00189844835153,33082.5177948394,1289125857.0
High income,HIC,2006,35.7622278084902,99.9693189706282,99.5844244136188,7.77042745709828,5006.4692363339,12.3302072252981,25.4194788629492,3.24109747038437,33950.2397036779,1296891494.0
High income,HIC,2007,35.7900276805254,99.9701533237843,99.5944463812784,8.02429581434502,5005.35661329929,12.3845900497784,25.2766612224168,2.88861109465246,34698.5184340761,1305578110.0
High income,HIC,2008,35.8287557752286,99.971007931837,99.6251048140711,8.3984841545264,4946.192699666,12.0653101667983,25.1445441203725,0.689192769450713,34696.0115958764,1314671040.0
High income,HIC,2009,35.8558741994421,99.9718582195497,99.6724365105225,8.96094596937985,4710.89202257935,11.2924397444462,23.3810214178472,-3.34739771737537,33329.6767360425,1322754052.0
High income,HIC,2010,35.8826904614251,99.973054449876,99.7818510676906,9.13757742354582,4877.45977042931,11.7648180635382,23.9738302834942,3.04667100533726,34192.5146608152,1328657754.0
High income,HIC,2011,35.9104376393431,99.9742880688811,99.7844276068209,9.52836321852016,4793.13178187589,11.6290748362743,24.2419232774699,2.03552867246736,34734.2754395528,1334557663.0
High income,HIC,2012,35.9382600280497,99.9752190460045,99.8951446927905,9.90988310752564,4745.28268352311,11.421655702911,24.1097131777947,1.48305392455038,35042.7341400385,1342428400.0
High income,HIC,2013,35.9653122038045,99.9768952715045,99.8987384599918,10.3849989396956,4734.73216154537,11.3783041822641,23.8107616047997,1.61400125208043,35404.6810437336,1350149879.0
High income,HIC,2014,35.9930469643304,99.9782274929106,99.9172074403547,10.5213333961469,4692.5063405312,11.1698293613756,23.696257807297,2.1571968834577,35972.696456563,1357496263.0
High income,HIC,2015,36.0214181466183,99.9792294650328,99.4412560088473,10.6050781624931,4665.07983411652,11.0721969761307,22.9012160834764,2.34425804200285,36586.4346902662,1366013614.0
High income,HIC,2016,36.0418285109073,99.9806126022756,99.8749399241358,10.7845732962853,4659.8301337906,10.9111577833737,22.487996233694,1.8460914027705,37037.6021898442,1374284415.0
High income,HIC,2017,36.0461036388037,99.9819882521146,99.9597217667473,11.0890197580437,4675.67372964314,10.8502663525044,22.8785699782576,2.49707966959029,37796.4689875897,1380319892.0
High income,HIC,2018,36.0510796953059,99.9826301362506,99.9626510693694,11.4686788378903,4720.79726408101,10.8835072079214,23.2409573045494,2.38261992266793,38563.3769225101,1385103279.0
High income,HIC,2019,36.0568458565839,99.9836587579654,99.949609679301,11.7839130112794,4650.53362253798,10.6106389694881,22.8275002287415,1.89457512942988,39162.0349547886,1389770301.0
High income,HIC,2020,36.0635867446266,99.9847103060995,99.9683059772885,12.7831808525723,4374.04499434198,9.76984082667433,22.1359323051261,-3.89094841671781,37538.2523693096,1393472875.0
High income,HIC,2021,36.1927275087533,99.9853664607529,99.9798909354785,,4616.87110840832,10.3129033485025,22.8389242595714,5.85360693187751,39782.9398439558,1391814501.0
High income,HIC,2022,36.2114810620203,99.9861254687034,99.9797997493664,,4552.18488980022,10.2078833994944,22.8659852964161,3.04532150391606,40813.0270730428,1398001706.0
High income,HIC,2023,,99.9872831266949,99.9884002141209,,4139.2925724271,9.79473569623866,22.1805759625661,1.82733765954541,41258.1342798368,1408190184.0
Honduras,HND,2000,60.5797658414514,30.3,67.4,55.2,456.244812117242,0.760181295401954,29.3809338966492,9.61221881702615,1789.47798512637,6577773.0
Honduras,HND,2001,60.3985164000357,31.9,64.2,50.4,478.946954835196,0.871087022434027,27.6950607056328,2.72319327321379,1789.18816032117,6757993.0
Honduras,HND,2002,60.2172669586201,33.2,63.1,49.8,488.702609745866,0.896055100701715,27.2623882644585,3.75433786119939,1807.97305547292,6938859.0
Honduras,HND,2003,60.0360175172044,34.7,65.1,47.9,517.349761686349,0.966806302887693,27.3716581546558,4.54703805165397,1842.29750018813,7119213.0
Honduras,HND,2004,59.8547680757887,36.0,67.1,46.7,546.865600910087,1.07270947201765,26.5378388000557,6.23230296069102,1908.90950050464,7298994.0
Honduras,HND,2005,59.673518634373,37.6,68.9,51.4,529.297368453255,0.948804917659031,26.2400447570959,6.05059922215973,1975.85647913236,7478355.0
Honduras,HND,2006,59.4922691929574,38.7,71.3,52.2,563.815954585841,1.06403013674585,26.7848832699915,6.56724355177587,2056.53491469231,7656832.0
Honduras,HND,2007,59.3110197515417,39.6,73.5,50.6,589.594179013274,1.10621869255595,26.1566692583548,6.18832716678008,2134.19540639485,7834798.0
Honduras,HND,2008,59.129770310126,40.8,76.4,50.0,585.573728824361,1.08143599564036,25.9497768626944,4.23160011009342,2175.14709403064,8012587.0
Honduras,HND,2009,58.9485208687103,41.6,78.3,50.5,565.847197127184,0.997594720032567,26.0219596984677,-2.43162787988011,2076.30859895638,8189899.0
Honduras,HND,2010,58.7672714272947,42.5,81.0,53.6,561.818507536758,0.95425728178202,25.5871307044098,3.73114034433009,2108.47314459603,8365878.0
Honduras,HND,2011,58.5677182947538,43.35,82.2,50.9,607.415805872968,1.11128244992174,25.8142160143128,3.83569066207505,2144.56265540491,8540583.0
Honduras,HND,2012,58.3681651622129,44.0,83.6,49.3,611.212692944522,1.13935896829815,26.1135718011836,4.12868774866939,2188.39378817891,8715076.0
Honduras,HND,2013,58.168612029672,44.7,87.2,51.1,613.620494738777,1.13847266335916,25.4093197152808,2.79155975746801,2205.40126728067,8889278.0
Honduras,HND,2014,57.9690588971311,45.4,88.7,52.2,604.093043217727,1.09616752372968,24.510778796214,3.0580805621437,2229.24772232218,9063122.0
Honduras,HND,2015,57.7695057645902,46.0,90.0,50.8,659.394073401803,1.17120740302502,25.6499709386427,3.84007997093951,2271.20265980349,9237305.0
Honduras,HND,2016,57.5837876485834,46.7,91.6,52.7,616.39140542774,1.03396802934008,25.8278974975697,3.89297219726413,2315.72983058198,9412380.0
Honduras,HND,2017,57.3966395567075,47.0,86.5,45.6,537.592382183152,0.974871343619725,26.5389223099615,4.84291391050387,2383.37398439714,9588137.0
Honduras,HND,2018,57.2094020913397,47.7,91.6,48.9,565.077916293092,0.922263832523827,26.5924587973715,3.84499476966735,2430.13503657762,9765210.0
Honduras,HND,2019,57.0221646259719,48.35,91.1,46.2,583.591911432311,1.02100509944404,26.7243168964313,2.55963434592314,2447.61649282181,9943633.0
Honduras,HND,2020,56.8349271606042,48.9,93.1,50.2,544.573855679284,0.91129723982276,25.357857215276,-8.96508223267296,2189.43168668222,10119640.0
Honduras,HND,2021,56.6476896952364,49.3,94.1,45.9,569.966470568883,1.00784489455025,25.8201593146773,12.5652843771279,2423.76634916911,10289877.0
Honduras,HND,2022,56.4604522298686,50.05,94.4,,573.344445082903,1.01020922274279,25.9084247689488,4.14356194013767,2482.22384904714,10463872.0
Honduras,HND,2023,56.2732147645008,50.3,95.6,,593.629550840537,1.11312971877201,25.824819269639,3.57584760454412,2527.27366333188,10644851.0
"Hong Kong SAR, China",HKG,2000,,,100.0,0.0,2121.26333389026,6.28672168042011,12.0823834898067,7.6634341189713,26933.2377453994,6665000.0
"Hong Kong SAR, China",HKG,2001,,,100.0,0.1,2078.72020108504,6.23399311916358,11.3479853036237,0.560861638399899,26885.4284833926,6714300.0
"Hong Kong SAR, China",HKG,2002,,,100.0,0.1,1934.25829611026,6.07216678281757,10.6365250153969,1.65668551983116,27210.0693480769,6744100.0
"Hong Kong SAR, China",HKG,2003,,,100.0,0.1,2027.39386284231,6.61398347893267,9.85860238455791,3.05632955101336,28097.108881817,6730800.0
"Hong Kong SAR, China",HKG,2004,,,100.0,0.1,1823.00666629868,6.00745927618486,9.17294443444659,8.70010092519611,30304.3126863152,6783500.0
"Hong Kong SAR, China",HKG,2005,,,100.0,0.1,1864.70663999897,6.3120706863148,8.45767902983093,7.38818981322424,32401.3907659685,6813200.0
"Hong Kong SAR, China",HKG,2006,,,100.0,0.1,1899.44680195877,6.18806784209068,7.99587055850563,7.03267723716037,34458.0498746756,6857100.0
"Hong Kong SAR, China",HKG,2007,,,100.0,0.1,2045.97032642374,6.42411404941949,6.89108505436297,6.46480843115236,36371.6859370268,6916300.0
"Hong Kong SAR, China",HKG,2008,,,100.0,0.1,1985.30653602798,6.19885596021731,7.00210309068239,2.1279154483889,36924.0883854556,6957800.0
"Hong Kong SAR, China",HKG,2009,,,100.0,0.1,2043.27170232303,6.47451525929325,6.87119744221016,-2.45915292608368,35938.5902369431,6972800.0
"Hong Kong SAR, China",HKG,2010,,,100.0,0.1,1922.62411959812,6.01174510976339,6.83582798711052,6.76768834119794,38090.0213994329,7024200.0
"Hong Kong SAR, China",HKG,2011,,,100.0,0.5,2037.95845611292,6.38924712936252,6.71717250042648,4.81470669259771,39656.3392885062,7071600.0
"Hong Kong SAR, China",HKG,2012,,,100.0,0.2,1944.99681879757,6.24424833219116,6.84452438540072,1.70030613669923,39887.8339456509,7150100.0
"Hong Kong SAR, China",HKG,2013,,,100.0,0.3,1907.46340816256,6.43354831520149,6.94769922906227,3.10152391561608,40959.9813033996,7178900.0
"Hong Kong SAR, China",HKG,2014,,,100.0,0.2,1904.11999210825,6.57781312677225,7.0675064878175,2.76242639191302,41796.8681867763,7229500.0
"Hong Kong SAR, China",HKG,2015,,,100.0,0.2,2030.16882885741,6.06825943247432,7.05801657854796,2.38777942738729,42432.1619740441,7291300.0
"Hong Kong SAR, China",HKG,2016,,,100.0,0.2,2081.70251975178,6.14445383420113,7.47571466772237,2.17542886502997,43087.5455578429,7336600.0
"Hong Kong SAR, China",HKG,2017,,,100.0,0.2,1868.11658156736,5.96964778445058,7.21876244307908,3.79611114629799,44380.8100340362,7393200.0
"Hong Kong SAR, China",HKG,2018,,,100.0,0.2,1916.57759637005,5.91190993747149,6.47887850480474,2.84695146463069,45280.5079891951,7452600.0
"Hong Kong SAR, China",HKG,2019,,,100.0,0.2,1876.91855569536,5.79498927796055,6.25471437479218,-1.6724459934221,44195.2768644431,7507900.0
"Hong Kong SAR, China",HKG,2020,,,100.0,0.3,1655.13405911583,4.55312124047587,6.17058195458318,-6.54480412699255,41451.2981131333,7481000.0
"Hong Kong SAR, China",HKG,2021,,,100.0,0.4,1671.63130147382,4.65895509301102,5.98949153287008,6.45444409087024,44530.9262090583,7413100.0
"Hong Kong SAR, China",HKG,2022,,,100.0,,1566.39613487602,4.37404881501749,6.26265366403118,-3.68378414495199,43281.6852291306,7346100.0
"Hong Kong SAR, China",HKG,2023,,,100.0,,,4.52746115364711,6.277451826904,3.2238599613664,43550.6298747786,7536100.0
Hungary,HUN,2000,21.4368444543629,100.0,100.0,5.2,2448.35399628198,5.82337370265766,27.0147480291097,4.40937501806403,8979.73578602949,10210971.0
Hungary,HUN,2001,21.5765677304173,100.0,100.0,5.1,2512.91908128888,5.9881860022443,27.1118163721943,4.06202617226026,9365.95393193015,10187576.0
Hungary,HUN,2002,21.7162910064718,100.0,100.0,5.2,2520.39755573852,5.90458850267675,26.7953724802925,4.73006530805553,9836.94065083321,10158608.0
Hungary,HUN,2003,21.8560142825262,100.0,100.0,5.0,2580.49625909654,6.18793407645274,26.4183352658643,3.93877761242727,10253.723920764,10129552.0
Hungary,HUN,2004,21.9957375585807,100.0,100.0,4.6,2579.6047628527,6.01747516064377,26.8778725721925,4.96312536156307,10786.4881991495,10107146.0
Hungary,HUN,2005,22.1379310344828,100.0,99.9,7.3,2781.00595449852,6.06869292504807,27.2089503526625,4.30028318461673,11272.7345428122,10087065.0
Hungary,HUN,2006,22.2776699029126,100.0,99.9,7.9,2760.46242793694,6.02496979060446,27.2157712360963,3.93393162712054,11734.4544729813,10071370.0
Hungary,HUN,2007,22.4174087713425,100.0,100.0,9.0,2709.84388699596,5.88170186698595,26.7120407420711,0.332354337878925,11791.7074416876,10055780.0
Hungary,HUN,2008,22.5571476397723,100.0,100.0,9.0,2676.90840527171,5.76183669801761,25.7747485981168,0.993437085479655,11929.7209867703,10038188.0
Hungary,HUN,2009,22.4662321882249,100.0,100.0,12.3,2548.81278026798,5.15845609694043,25.1371137759844,-6.7401660845502,11142.885928524,10022650.0
Hungary,HUN,2010,22.6045509775765,100.0,100.0,13.5,2651.34338122621,5.23461796037869,25.2266979655838,1.06795068152046,11287.3686666108,10000023.0
Hungary,HUN,2011,22.6364299127361,100.0,100.0,14.7,2600.71787062735,5.15825393134008,25.1359185300274,1.91670916599742,11536.3578996772,9971727.0
Hungary,HUN,2012,22.6683088478957,100.0,100.0,16.5,2490.18578889625,4.80352430687509,25.0498656722544,-1.33948446518181,11440.7622718825,9920362.0
Hungary,HUN,2013,22.7001877830553,100.0,100.0,17.2,2420.16949827793,4.5374057479924,25.0561210392632,2.03216990678146,11729.5720798501,9872734.0
Hungary,HUN,2014,22.5502301117686,100.0,100.0,15.7,2423.51498608604,4.55934371452648,25.6873886769853,4.33435364113967,12287.3779441033,9833038.0
Hungary,HUN,2015,22.5818540433925,100.0,100.0,15.6,2571.15090547951,4.85223400666785,26.3916783181703,3.65981615406955,12782.9412577973,9797755.0
Hungary,HUN,2016,22.5589524435678,100.0,100.0,15.3,2613.09354239281,4.94531881179394,25.4486066021034,2.43864141309342,13145.6559885563,9759755.0
Hungary,HUN,2017,22.5429541968004,100.0,100.0,14.6,2737.45332524366,5.2571073027842,25.1587549896178,4.12418389451805,13734.2442804335,9726756.0
Hungary,HUN,2018,22.5281612973921,100.0,100.0,13.6,2738.8272901507,5.28069332491601,24.9697501840475,5.60613813768876,14533.7783144312,9706964.0
Hungary,HUN,2019,22.5122726276572,100.0,100.0,13.6,2749.24131881139,5.31240175169761,24.6337376234071,5.07718495088933,15290.8085466331,9694824.0
Hungary,HUN,2020,22.4962743808898,100.0,100.0,14.8,2713.17923384455,5.13443109342005,24.3596848911298,-4.33872540024058,14664.2971195385,9670419.0
Hungary,HUN,2021,22.4803495507342,100.0,100.0,15.3,2850.7057950255,5.29398400902426,23.8976973303284,7.22291580811137,15787.9535427563,9630932.0
Hungary,HUN,2022,22.4643754109139,100.0,100.0,,2672.86765529203,4.95293425120931,24.2330845363481,4.15238057779229,16487.7973935944,9605074.0
Hungary,HUN,2023,22.4484341442034,100.0,100.0,,2515.37052947518,4.48048025757632,25.3398219332592,-0.817107370513455,16375.0462724192,9592186.0
IBRD only,IBD,2000,34.4012444513487,47.1856840059523,84.5514200391953,23.4541240735978,986.636770330863,2.74091110535309,34.9200821985071,5.91511183768041,2749.80831717138,3983328255.0
IBRD only,IBD,2001,34.3635009849183,48.27422748134,85.2605452880295,22.9130162069356,992.879938763477,2.77646219148845,34.5752244396091,3.64914485972392,2816.38977629068,4031080605.0
IBRD only,IBD,2002,34.3261650330107,49.3303453311889,85.5983613837498,22.5539877436238,1016.60872680136,2.85139969841099,35.063058300748,4.51391469924111,2910.20278298267,4077229003.0
IBRD only,IBD,2003,34.284654512959,50.4601085562525,86.5581956902272,21.5634346494163,1073.230241303,3.05252392878104,35.0635273280959,5.89264916943142,3047.64543408152,4122775918.0
IBRD only,IBD,2004,34.2464091439755,51.6445318917388,86.7184905424753,20.2986644309744,1139.20935506176,3.26330306885495,35.9596879752049,7.72947225901075,3247.0612433535,4168676771.0
IBRD only,IBD,2005,34.2068642044154,52.8548285946238,87.7333227566688,19.3136973097539,1188.10351364712,3.45631112271134,36.554156690847,7.25290132783681,3445.04385258554,4214082145.0
IBRD only,IBD,2006,34.1677542297011,54.0740993385836,88.1680891466254,18.7796426080362,1241.49411690316,3.6577371350765,37.1808167071903,8.33063998849481,3692.82779557534,4258827055.0
IBRD only,IBD,2007,34.1305656934443,55.5479301839674,89.3242121638932,18.0231697034131,1288.78313292297,3.83957986977398,36.8792931556087,8.95711904955583,3983.15719895369,4302067550.0
IBRD only,IBD,2008,34.0934065989774,56.9473938338618,90.1665294008948,17.6316680788104,1315.85638333612,3.90809892331051,37.4765344909571,5.93909318895042,4176.83978299189,4346234014.0
IBRD only,IBD,2009,34.0571214427106,58.5630119268108,90.6731762332912,17.4829469844672,1325.7946306504,3.95829068741931,36.222636962716,2.7870306956999,4249.10322422767,4391389527.0
IBRD only,IBD,2010,34.0194802131994,60.2431893003624,91.4540571407595,16.7512897977865,1409.69988051208,4.21123918567341,36.6886255205657,7.76913892889355,4532.44068726031,4436714947.0
IBRD only,IBD,2011,33.9941737129237,62.0506551990597,92.5084956175417,15.9538657957954,1458.83273523479,4.44440748797947,37.0270590807619,6.34809790701479,4770.23592201554,4483152627.0
IBRD only,IBD,2012,33.9688597824727,64.076110538995,92.7691494735879,15.8795392491567,1487.94357208736,4.54474059723218,36.7310690326027,5.46189671640676,4976.44743175894,4532100585.0
IBRD only,IBD,2013,33.9438444238056,66.3197115491645,93.7820283085729,16.0171385968997,1503.06752052428,4.61934254688742,36.0705154934104,5.21438331423154,5178.96430999103,4581958556.0
IBRD only,IBD,2014,33.9184341901918,68.4430773538079,94.4238714593445,16.003291533954,1518.80853804086,4.63888659864221,35.6303900866514,4.78033001559585,5369.52452689677,4630607878.0
IBRD only,IBD,2015,33.8931160757313,70.7178025788658,95.1768053412642,16.0209177851331,1501.83616353311,4.56688539173153,34.7286754421114,4.31724520804923,5546.04775275526,4676773551.0
IBRD only,IBD,2016,33.8870518181015,72.895550261228,95.8363715979019,16.2845965537743,1504.28282488356,4.54358113250659,33.9146029534373,4.44236398168836,5737.47076646059,4721566970.0
IBRD only,IBD,2017,33.8494193020666,75.0941606364217,96.6040591336246,16.3923000534023,1537.91532789002,4.61557484280718,34.1870301720817,5.16244544363352,5977.69739757901,4765773411.0
IBRD only,IBD,2018,33.8332636376027,77.2571703477183,97.7498443251445,16.6268066421204,1579.6349861714,4.74748004665205,34.8489116617222,4.86060185522661,6214.51417284405,4806981820.0
IBRD only,IBD,2019,33.8149555550654,79.2364077803898,97.8771993471199,17.0666276982215,1605.69189336106,4.79938714812623,33.9496750930475,3.99080401565344,6411.71326335692,4845075024.0
IBRD only,IBD,2020,33.7996464436077,81.2498280906558,98.0570730806839,18.0085051596372,1584.57052269637,4.67944517377764,33.5069332559143,-1.2820422988441,6286.40775617083,4878296727.0
IBRD only,IBD,2021,33.7745996726421,83.0530088193925,99.1094167920247,,1687.11098500716,4.93041084851231,35.1495106790412,7.62576674177033,6728.66940868672,4905212516.0
IBRD only,IBD,2022,33.7580959081929,84.6202879321422,98.9686574577803,,1713.40135253771,4.94841494972312,35.2430390174132,3.77001425774095,6949.77744058703,4928196300.0
IBRD only,IBD,2023,,86.1766536777162,99.0885820346684,,1683.47787967934,5.10747444291865,33.8460160182782,4.81760583401356,7249.2635017382,4952212190.0
IDA & IBRD total,IBT,2000,33.5672025199487,39.3699245798636,73.9654372508659,29.2034754750625,860.178492978524,2.24955887721375,33.9946608341334,5.74681558100114,2339.75101446893,5116723507.0
IDA & IBRD total,IBT,2001,33.5061143226155,40.2406761729873,74.5883598457618,28.756966654433,864.236329698762,2.273502403856,33.6373092199217,3.68251365193314,2390.57985292545,5192348770.0
IDA & IBRD total,IBT,2002,33.4453069644641,41.0744138180167,75.0793291008235,28.4620294366149,881.998441809477,2.32343701357553,33.9902878815424,4.59432023150907,2464.90323602782,5267145775.0
IDA & IBRD total,IBT,2003,33.3815004181873,41.9624650419911,76.1346447409064,27.4990846528317,925.758718573336,2.47403361318488,34.0388862673602,5.81417805338693,2571.74673053759,5341840046.0
IDA & IBRD total,IBT,2004,33.2677142151418,42.896817711316,76.1444536080495,26.1171565862039,975.442187416596,2.63264531123751,34.9909774099659,7.6445581336688,2729.87046222028,5417128229.0
IDA & IBRD total,IBT,2005,33.2053864107422,43.8532656167192,77.0597690009746,25.0826783272947,1013.10326446389,2.77547112711029,35.6282120917841,7.16340677732718,2885.28754662659,5492481030.0
IDA & IBRD total,IBT,2006,33.1443907430839,44.8115255099982,77.8552266546228,24.4584394602454,1053.61401325139,2.92432686595514,36.2086152680656,8.14145143740686,3077.74191466409,5568236362.0
IDA & IBRD total,IBT,2007,33.0837419593112,45.9773303976987,78.6119806911976,23.5801717590485,1088.14775234026,3.05672441025543,35.9598968740668,8.71182358979235,3301.24424278247,5643505923.0
IDA & IBRD total,IBT,2008,33.0232931869004,47.0893899817145,79.4533189795659,23.1916933385608,1108.77901886908,3.10080627235909,36.5597115151257,5.86767333945544,3448.17245200466,5720065907.0
IDA & IBRD total,IBT,2009,32.9633901080047,48.3457173702424,79.9501521552814,23.1681701232033,1112.90779756596,3.12615773418687,35.2752218687861,2.9648118155342,3502.68472824197,5797994405.0
IDA & IBRD total,IBT,2010,32.9022880447235,49.6672126910852,80.6491330581851,22.2914952493169,1178.14301151676,3.31337330586386,35.8276195220938,7.64087639378678,3719.8597539937,5876645582.0
IDA & IBRD total,IBT,2011,32.843232852819,51.0750725532773,81.9189102960738,21.5080308989151,1215.89579731748,3.48328637512489,36.2817276515888,6.17762293228954,3896.56523344649,5956718993.0
IDA & IBRD total,IBT,2012,32.2110722049958,52.6668269708922,82.4356902701651,21.3971364601676,1232.51236815192,3.54624468576332,35.9568119452749,5.30303202015641,4047.32325168607,6038958543.0
IDA & IBRD total,IBT,2013,32.1520615916711,54.4119980786282,83.3593364046462,21.5681055110978,1243.28524178321,3.59473215579815,35.2942898261322,5.21895806023119,4201.8456378006,6120456890.0
IDA & IBRD total,IBT,2014,32.0931432722379,56.076910123568,83.9395090540728,21.5287778759064,1254.14303640068,3.60407395361954,34.8434321245256,4.82633192142498,4347.00390778606,6201607778.0
IDA & IBRD total,IBT,2015,32.0325296196315,57.8819744796607,84.8020928694012,21.6163623919511,1238.0083348674,3.54191026153099,33.8531806510859,4.2485578828191,4474.43525326247,6280961830.0
IDA & IBRD total,IBT,2016,31.9875153753033,59.6227312704156,86.1979701404555,21.8132582722264,1239.31297263925,3.52284057394031,33.1094032691011,4.34774011294105,4610.83755480503,6360153661.0
IDA & IBRD total,IBT,2017,31.920327209856,61.3849854106503,87.1780648108782,21.8333716725747,1262.8372748822,3.57143680422469,33.4984056501485,5.07269308321443,4784.65501107103,6440011821.0
IDA & IBRD total,IBT,2018,31.8689626408987,63.1443567613566,88.2029739724979,21.9590062576992,1291.55396374024,3.65766167839556,34.2047301205071,4.82305890086465,4955.36761741777,6518058354.0
IDA & IBRD total,IBT,2019,31.814942260139,64.7830259180125,88.5717841906219,22.4318628279228,1308.92209195951,3.68479689250317,33.2693523307557,3.98606377777533,5093.37981842859,6594216452.0
IDA & IBRD total,IBT,2020,31.7634676180329,66.4214542326934,88.9116377393905,23.435247290857,1290.45033313929,3.583732027338,32.8002726356733,-1.32167856256848,4971.5872211169,6666470352.0
IDA & IBRD total,IBT,2021,31.7049366297868,67.8899466733014,90.0199738356034,,1366.44310804131,3.76095803726674,34.3956170814617,7.35278447207351,5284.67426657771,6732651035.0
IDA & IBRD total,IBT,2022,31.6520266779305,69.1660918799731,89.9613796377975,,1381.90502735145,3.75729634484102,34.5345751553544,3.82613307769597,5436.74748762757,6794724390.0
IDA & IBRD total,IBT,2023,,70.4090416656501,90.3146248872835,,,3.85120364940695,33.3149009873229,4.68849828972198,5638.70628095248,6858521511.0
IDA blend,IDB,2000,32.5085715793012,17.4572639450495,55.6481107966122,58.7954757830609,468.45325312048,0.995435878526737,23.5462323661453,3.52376351778531,1294.78635186488,394129957.0
IDA blend,IDB,2001,32.4159566711946,17.9561321297506,56.70789885005,58.9012101457864,466.02549808834,0.99249550955916,21.943782288231,3.97086421185242,1311.16206592853,404662385.0
IDA blend,IDB,2002,32.3229833882384,18.4536632466729,57.4182135042788,59.097088474877,465.607855032395,0.945245490531764,20.4986756615605,6.39616099561913,1360.4889922868,414935066.0
IDA blend,IDB,2003,32.2302338167513,18.8876114985066,60.0952816511328,59.3760404153803,463.906783414546,0.932798630401785,21.8657237196807,4.52618390039238,1387.37333221866,425311302.0
IDA blend,IDB,2004,32.1374173487703,19.3506278672442,59.1432742468789,59.3834807906034,470.274762608971,0.944022477315665,23.8652665558104,7.38096054607374,1452.76112133181,436147454.0
IDA blend,IDB,2005,32.0444691325531,19.9354465361527,60.2242112828434,60.1143669239581,471.207945962889,0.917434522745802,24.7825078438255,5.96745206211722,1501.63150824282,447132945.0
IDA blend,IDB,2006,31.9514881498746,20.3748039754312,61.1269826223224,59.7728436369701,468.488050692194,0.918608192669382,24.2015329395171,5.72555656025354,1548.60504186971,458394453.0
IDA blend,IDB,2007,31.8576422044426,21.002463623658,62.3043148414168,59.7989247311828,465.491704434561,0.9067776529195,23.2880411916533,5.42184760303104,1590.6428814843,470476526.0
IDA blend,IDB,2008,31.7647805457567,21.7359550207022,63.3309391549099,59.8816457785291,458.416300757683,0.896566716962001,24.1906141495113,4.17673097121384,1614.19473989247,482975881.0
IDA blend,IDB,2009,31.671950571144,22.2936575381151,63.1155416562242,61.5456166448889,437.356301239342,0.837729308315599,22.0630449728397,5.88178416165859,1665.56682453196,495610570.0
IDA blend,IDB,2010,31.5793196150431,22.9767844123455,63.9547486455891,60.5940711914845,462.968497338917,0.865763401647041,23.9136477661943,5.94346268114417,1720.09334929676,508422508.0
IDA blend,IDB,2011,31.4886460907887,23.5690443587775,68.0498486783031,60.1995707840284,478.954775208078,0.877700872154449,25.3739080142641,4.19641282006262,1749.06036275665,520984443.0
IDA blend,IDB,2012,31.3974951544342,24.3744302871574,67.7534282751763,62.2040325368952,459.58850814302,0.825252648140717,25.1103643278798,4.50072409149726,1786.6430670936,532980174.0
IDA blend,IDB,2013,31.3063566861325,25.1593662612926,69.2012849039335,61.9371685909771,457.803767106823,0.841567797238397,24.1787124245278,5.67251913506919,1848.24174811877,544442648.0
IDA blend,IDB,2014,31.2151476884438,26.0037420336089,68.4749901174028,61.535451528507,457.60354924689,0.847091995315993,23.6898824631465,5.74572820998239,1914.26316168169,555868551.0
IDA blend,IDB,2015,31.0933993080332,27.2036674964735,68.7868324940631,61.7521936459909,445.12992695976,0.835069747645758,20.9220802134587,3.83520190776083,1947.85246838642,567234056.0
IDA blend,IDB,2016,31.004042560109,28.539851744017,72.5460349141719,60.4836460271951,454.763869354054,0.873396941246111,19.5534203037538,2.26871058517055,1953.37240963399,578463670.0
IDA blend,IDB,2017,30.9228712873143,29.9636373391436,71.6466137332559,59.7969449026188,454.995493846581,0.878420598139865,21.7137634316416,2.77873930269396,1968.31540790627,590024074.0
IDA blend,IDB,2018,30.835253800064,31.7404014506388,73.151878223369,60.0455922831853,448.786800047905,0.846151144302452,23.2372843656911,3.86333443843708,2003.84851119473,601951913.0
IDA blend,IDB,2019,30.7418601038835,33.8468072263773,73.9089088089712,60.7067624481493,451.006772438044,0.837924410402502,22.0743987543561,3.02295777419029,2023.85818922165,614017319.0
IDA blend,IDB,2020,30.6476713387614,35.8293548872337,74.4924621989682,60.0736911684857,459.361839196686,0.857468769394705,20.4034815652953,-3.29396031642257,1918.37984704312,626440308.0
IDA blend,IDB,2021,30.5540595132963,37.8595266691453,76.4698873250238,,479.001163039242,0.898352013194244,20.8513268353024,4.29411724945791,1960.8295587467,639196319.0
IDA blend,IDB,2022,30.460472652134,39.7101906744718,77.0721324965067,,477.044311254525,0.885663927587803,22.2405611649752,4.79819828416285,2014.88221922079,651895919.0
IDA blend,IDB,2023,,41.4111736806163,77.9201343756954,,,0.828158040447366,22.0558092340007,2.82562013423187,2032.83591744395,664395892.0
IDA only,IDX,2000,30.5369417109873,9.05362475401166,25.9115523262833,77.4297504047491,312.713225553453,0.254920585179015,23.3857649461964,4.36238362785939,688.770584647754,739265295.0
IDA only,IDX,2001,30.391599561274,9.47292495005182,26.5033655156032,76.6386299861006,316.696667772831,0.262731253147557,23.3450684464174,4.12619022591751,700.753432922257,756605780.0
IDA only,IDX,2002,30.2462574115608,9.8669117190068,28.5015689211888,76.2397735224887,318.611841661969,0.266856367927821,23.7993641623237,4.51008662554781,714.992762414711,774981706.0
IDA only,IDX,2003,30.1012376289944,10.3085076315401,29.8984638542453,75.598263871884,322.466223143664,0.27690172978504,23.7409760176306,5.43324568372536,736.012835320929,793752826.0
IDA only,IDX,2004,29.7101285977322,10.7691630032948,30.3187820346722,75.0011327841767,323.137860849663,0.282902971745258,24.515516802123,6.03051277532285,762.575661839901,812304004.0
IDA only,IDX,2005,29.5660017864949,11.2108743203938,31.3066620418745,73.8050436381383,329.258662600134,0.301998238397654,25.2861342699798,6.40575400928334,792.915050928441,831265940.0
IDA only,IDX,2006,29.4215837695099,11.7496098094001,34.5806985469341,73.3938956177054,334.819048613401,0.311268831161771,26.2100324665186,6.37635069513551,823.90017446983,851014854.0
IDA only,IDX,2007,29.2772592545847,12.3282235918464,34.4168942603711,71.8570857444585,334.55280165849,0.326439022249213,26.6462417915435,6.4654563400738,857.07992787155,870961847.0
IDA only,IDX,2008,29.1335139522744,12.8775537621483,35.8391531336874,71.6010224669511,338.300959813927,0.331489623743106,26.7869247615205,5.92532656798508,887.590717483649,890856012.0
IDA only,IDX,2009,28.9893264239237,13.4091389735029,37.3351272716701,71.6363429921907,339.829244972191,0.333305601979766,25.5861187676023,4.17293803583576,904.189618538802,910994308.0
IDA only,IDX,2010,28.8441467556134,14.0087910558182,38.2163645640414,70.5576135766612,341.041882127327,0.343665685710439,25.9032430693982,6.43380577712871,941.170103265961,931508127.0
IDA only,IDX,2011,28.6602828471525,14.6119250416601,39.5865729644305,69.9942562944391,345.159789648829,0.353221628114475,27.3844098315072,4.23955328462343,959.3674453315,952581923.0
IDA only,IDX,2012,26.3043160811056,15.2054128155774,42.3080291510044,69.2375680788855,342.073887126951,0.355573778567836,26.1778596836147,2.37913187875185,960.714392094918,973877784.0
IDA only,IDX,2013,26.1350298233321,15.7060002546749,42.9979384611427,70.0688971913976,349.796258447028,0.345425559552506,26.4097934513496,4.86685793413926,987.02078318094,994055686.0
IDA only,IDX,2014,25.9671593770385,16.3059010935753,44.5118966979033,69.5857709069388,354.877842370449,0.359567345749938,26.6099618959345,4.99599221130495,1014.81643854082,1015131349.0
IDA only,IDX,2015,25.7986846904448,16.9494923183568,46.705998397654,69.2695625897768,353.476098137845,0.368017394726911,25.874131738328,3.01768618246332,1023.43894668408,1036954223.0
IDA only,IDX,2016,25.629020817101,17.647088480948,50.6602264813623,68.2872983784982,359.184109601756,0.392533245080816,26.7985075560021,4.19959381491357,1043.11282497367,1060123021.0
IDA only,IDX,2017,25.4631414704528,18.4023860343818,54.1427240952534,67.1926478978048,361.542720646237,0.419683865147058,27.3681158495693,5.21800165910943,1073.15500247042,1084214336.0
IDA only,IDX,2018,25.2982280614028,19.2002251543849,54.9412739063695,66.0568216095439,364.075011560232,0.433057442694291,28.3128838068017,4.86177080819164,1100.05510569349,1109124621.0
IDA only,IDX,2019,25.1297138314593,20.0014880949813,56.734623782158,66.1344154982874,367.339199462521,0.439836223152672,28.4659568039467,4.82215447558036,1126.69021132065,1135124109.0
IDA only,IDX,2020,24.9632480037237,20.8270494352824,58.2365188467346,67.3560634206125,366.823453230079,0.425895721273194,28.39507727598,-0.368060971666011,1096.83173371503,1161733317.0
IDA only,IDX,2021,24.7953857845211,21.6268431560058,59.7411600659608,,372.68266295247,0.445241834459747,28.653656043835,3.66758077651031,1111.69190494885,1188242200.0
IDA only,IDX,2022,24.6265206650745,22.4512095194179,60.2901358794059,,372.93417690592,0.437910812532837,28.8895693928945,4.30600397002799,1134.36793858317,1214632171.0
IDA only,IDX,2023,,23.2318360451068,61.9201921189084,,,0.43006382401365,29.3344145461457,3.25506752972092,1145.56246386603,1241913429.0
IDA total,IDA,2000,30.9635322905239,11.9805840568745,36.3628571586589,67.6196746762415,371.079065033317,0.51422185134764,23.4996285365797,3.93112268440947,899.61428305683,1133395252.0
IDA total,IDA,2001,30.8295946568159,12.4336738477248,37.142264025294,67.3222664226306,372.771124516269,0.518821757915876,22.6964329995153,4.04711940197546,913.556204734526,1161268165.0
IDA total,IDA,2002,30.6955831694084,12.8658026943323,38.6836576750573,67.2435642247321,373.891756671103,0.50510410196238,22.1973317327655,5.46951481147219,940.32537147169,1189916772.0
IDA total,IDA,2003,30.561874064044,13.3061060904428,40.5370390219668,67.1356806109481,375.737046510282,0.507383757139277,22.8431903824635,4.96777799528687,963.438932636273,1219064128.0
IDA total,IDA,2004,30.2319201242925,13.7714876706451,40.4881193660397,66.8527540120632,378.449741677837,0.515553127117494,24.2239180426322,6.72059295335796,1003.9852047643,1248451458.0
IDA total,IDA,2005,30.0987951224151,14.2667282786565,41.5224300100053,66.7599113045394,382.720119086187,0.518849241275735,25.0705794646508,6.18039536803219,1041.06280109594,1278398885.0
IDA total,IDA,2006,29.9654306849523,14.7732810904071,43.9691700385374,66.3967663862666,385.24759238799,0.525486108704745,25.1956769881104,6.04240749877893,1077.82305096995,1309409307.0
IDA total,IDA,2007,29.831966733782,15.3746038756087,44.2109151672772,65.6601255015347,384.06079248358,0.531537420705722,24.9226740720854,5.93154754290293,1114.49335203344,1341438373.0
IDA total,IDA,2008,29.6991645542897,15.9958463101748,45.5166817282672,65.5967479591471,384.018733433606,0.531692034702934,25.4815037844504,5.03505181555117,1143.00694096765,1373831893.0
IDA total,IDA,2009,29.5660149001196,16.5435562203212,46.4303387780008,66.5353503378893,377.061383428,0.512442673097687,23.8810146743206,5.02224108295724,1172.44269252611,1406604878.0
IDA total,IDA,2010,29.4321102672919,17.1792220817249,47.3155875679755,65.4798262712482,387.717191373581,0.529500875317176,24.9320176787621,6.18810883117114,1216.18056240843,1439930635.0
IDA total,IDA,2011,29.2682624918407,17.7826010395654,49.6621142107405,64.9875878296829,396.483347152286,0.540185765462539,26.395383215278,4.21798662977142,1238.54733221968,1473566366.0
IDA total,IDA,2012,27.2909044882341,18.4524157895021,51.3189495560506,65.6347840271434,386.850656790106,0.523097322432122,25.630803900269,3.43953249646631,1252.842684541,1506857958.0
IDA total,IDA,2013,27.1367585234982,19.0553084392383,52.2817303551995,65.9170351063927,391.001121059941,0.522494406049151,25.2586833157273,5.27366946982421,1291.78901874009,1538498334.0
IDA total,IDA,2014,26.9837871171042,19.7412624663145,53.0005784584853,65.5180418773844,394.092760257051,0.533513406827025,25.087733888918,5.37559610535621,1333.06862092098,1570999900.0
IDA total,IDA,2015,26.8252070562707,20.579370849977,54.5223994493809,65.4970691927081,388.504204628925,0.534503449197551,23.3485985534445,3.43306198935964,1350.30758062231,1604188279.0
IDA total,IDA,2016,26.6711222586625,21.4966930103065,58.3948761048664,64.3516706620498,395.669294058351,0.563606902773194,23.3103510301162,3.2147069999364,1364.45810556663,1638586691.0
IDA total,IDA,2017,26.521669316462,22.4810892761589,60.3179355432412,63.4625486644428,397.173105732974,0.582520847186094,24.7121897208161,3.98520904781638,1388.62153707152,1674238410.0
IDA total,IDA,2018,26.37174468264,23.6164621364183,61.3544488370868,63.0596732632859,396.334271907079,0.579402142652935,25.9414018337377,4.36301999279465,1418.00708422156,1711076534.0
IDA total,IDA,2019,26.2177888214065,24.8667145182392,62.769644320149,63.4454503938806,399.149525110826,0.580563345521785,25.2601115149974,3.92770153634206,1441.63139770219,1749141428.0
IDA total,IDA,2020,26.06535652412,26.0879852784621,63.9370743593769,63.7525629244284,401.955373599221,0.578149500588761,24.5512464802928,-1.8099801648997,1384.63983352976,1788173625.0
IDA total,IDA,2021,25.9118905530878,27.3102204088474,65.598211852635,,413.000161884933,0.60483434455045,24.9170502122868,3.97167918662413,1408.70089156521,1827438519.0
IDA total,IDA,2022,25.7575510589462,28.4847255843692,66.1569043335557,,412.359659732814,0.595370118961047,25.7378382208979,4.54563835706816,1441.8927324741,1866528090.0
IDA total,IDA,2023,,29.5733818936272,67.5014937828868,,,0.569774412726846,26.1531686877225,3.04547759770905,1454.79918171861,1906309321.0
Iceland,ISL,2000,0.297556109725686,100.0,100.0,60.7,11404.9435876155,10.1434896250067,22.5372259365463,4.90518213679276,43472.3369863945,281205.0
Iceland,ISL,2001,0.312359102244389,100.0,100.0,62.1,10925.4513900466,10.3787091884001,24.1593929160252,3.84093935130252,44545.9822640262,284968.0
Iceland,ISL,2002,0.327162094763092,100.0,100.0,61.9,11168.371424924,10.8822598539943,21.8878961443286,0.542286728015213,44389.5560505836,287523.0
Iceland,ISL,2003,0.341965087281795,100.0,100.0,61.9,11092.6178434139,10.7073407455763,21.0064884754505,2.28136971731965,45088.9225976672,289521.0
Iceland,ISL,2004,0.356768079800499,100.0,100.0,61.9,10892.7840096937,10.8729294630813,21.3111439861402,7.62260520117914,48101.7116286153,292074.0
Iceland,ISL,2005,0.371571072319202,100.0,100.0,62.7,10877.230192953,10.5394056629844,20.4017247228488,7.0293406083855,50674.4411254865,296734.0
Iceland,ISL,2006,0.386374064837905,100.0,100.0,64.2,13184.4771597611,10.6711391721695,21.8846027987055,5.67161248460013,52306.1284689188,303782.0
Iceland,ISL,2007,0.401177057356608,100.0,100.0,67.6,15188.3777309195,11.1536560471939,19.7564514418821,8.74132941508014,55457.3601417561,311566.0
Iceland,ISL,2008,0.415980049875312,100.0,100.0,74.0,17341.072624835,11.9081073928686,22.6306546995652,1.69961076077263,55360.8136015347,317414.0
Iceland,ISL,2009,0.430783042394015,100.0,100.0,74.7,17936.5957485126,12.0169922040572,19.3938111719419,-8.32146414328021,50581.0846203691,318499.0
Iceland,ISL,2010,0.445586034912718,100.0,100.0,76.0,17024.5130942471,11.7481708333202,21.855496243023,-2.22181847599202,49528.4864575422,318041.0
Iceland,ISL,2011,0.452548628428928,100.0,100.0,77.1,18161.5241113303,11.2966829041986,22.2264364274742,1.37999669140882,50058.8302502676,319014.0
Iceland,ISL,2012,0.459511221945137,100.0,100.0,77.7,17633.6482755645,11.3655071776899,20.9475410570084,1.16931174886884,50375.4116888351,320716.0
Iceland,ISL,2013,0.466473815461347,100.0,100.0,76.8,18212.7336453087,11.4608171384095,20.8890786203018,3.59695700972851,51696.0876528983,323764.0
Iceland,ISL,2014,0.473436408977556,100.0,100.0,77.6,17947.0382271585,10.5804768682839,20.6391066712987,1.91381609098249,52102.5757919438,327386.0
Iceland,ISL,2015,0.480399002493766,100.0,100.0,78.0,16910.7212326475,10.9704819914454,19.94941842555,3.76859023848581,53505.6964079339,330815.0
Iceland,ISL,2016,0.485386533665835,100.0,100.0,80.9,15701.4730096728,9.4768348343514,19.5126644938287,6.21808764217616,56049.2928648152,335439.0
Iceland,ISL,2017,0.492568578553616,100.0,100.0,80.8,16234.9829641811,9.69685497961561,19.4710396712039,3.48506703916689,56657.9800285572,343400.0
Iceland,ISL,2018,0.496280868789051,100.0,100.0,81.4,17346.7502731224,9.34052693205111,19.7316038131118,4.66077032612084,57731.6523401884,352721.0
Iceland,ISL,2019,0.502727362888029,100.0,100.0,81.7,16700.5920009676,8.81066554249882,19.5699967953928,1.13821230465001,57118.8452718755,360563.0
Iceland,ISL,2020,0.5092730338193,100.0,100.0,82.9,16083.6099695089,8.38201946717677,20.4242530347691,-6.64587816297836,52464.3072858637,366463.0
Iceland,ISL,2021,0.515719527918278,100.0,100.0,82.4,15779.653070706,8.49269837861054,20.8451221479382,5.1805719742238,54285.0209153958,372520.0
Iceland,ISL,2022,0.522265198849549,100.0,100.0,,15806.7848368996,8.48003811488391,21.4503791547989,8.82069395623492,57606.8756094882,382003.0
Iceland,ISL,2023,0.528744421303184,100.0,100.0,,15685.697957602,8.34925829026897,20.0165908882214,5.18615760140189,60019.4084189868,385663.0
India,IND,2000,22.7334950003195,22.7,60.3,46.9,394.916803104241,0.942309744278839,27.3258283775917,3.84099115659129,756.704109527449,1057922733.0
India,IND,2001,22.7975675957473,23.8,62.0,47.1,393.38088619861,0.939789720011458,26.4877773440307,4.82396626555771,778.507377528365,1077898575.0
India,IND,2002,22.8616401911751,24.9,62.3,45.8,397.344252941148,0.957620477500199,27.6606541607882,3.80397532112175,793.615912906381,1097600380.0
India,IND,2003,22.9257127866029,26.2,65.4,45.6,399.699897139001,0.969744882653011,27.4741071211988,7.8603814759073,841.278894571674,1116803006.0
India,IND,2004,22.9897853820307,27.3,64.4,44.9,415.47995649887,1.02822643182898,29.219106305293,7.92293661199932,892.596614581612,1135991513.0
India,IND,2005,23.0538579774586,28.3,68.8,44.2,425.369642526643,1.05460489385527,29.5337641914637,7.92343062148318,947.732565646672,1154676322.0
India,IND,2006,23.1179305728864,29.3,67.9,43.2,441.785886693878,1.10810989189174,30.9272399435883,8.06073257166651,1008.23275343783,1172878890.0
India,IND,2007,23.1820031683142,30.7,72.3,41.5,461.201738250187,1.18862350046436,30.9032382510869,7.6608150670107,1069.24696813025,1190676021.0
India,IND,2008,23.246075763742,31.9,74.1,39.4,481.553027437162,1.25815998206335,31.1367192409548,3.08669805921981,1086.50605251513,1207930964.0
India,IND,2009,23.3101483591698,33.6,75.0,37.4,509.446000134302,1.32284533301467,31.1213721116744,7.86188883286074,1155.10163274172,1225524753.0
India,IND,2010,23.3742209545976,35.0,76.3,36.2,531.86706609011,1.39129863287623,30.7250782285817,8.49758470221235,1235.15939133951,1243481564.0
India,IND,2011,23.4638216864714,36.95,79.5,35.0,546.675890208969,1.46337391608571,30.1616797630407,5.24131619937695,1281.61054354933,1261224954.0
India,IND,2012,23.5534224183453,39.3,79.9,34.8,572.133085479526,1.57607553513255,29.3985276965289,5.45638755166587,1333.09626557668,1278674502.0
India,IND,2013,23.6430231502191,42.4,83.1,34.9,577.254621645988,1.59945855716817,28.4048995600246,6.38610640094825,1399.4537980287,1295829511.0
India,IND,2014,23.732623882093,44.8,85.1,33.9,610.165371779455,1.70517686000076,27.6564012026443,7.41022760508854,1484.31640682913,1312277191.0
India,IND,2015,23.8222246139668,48.4,88.0,33.4,622.339883988149,1.71550269097521,27.34739147794,7.99625378571471,1583.99815907985,1328024498.0
India,IND,2016,23.9116908102072,51.8,89.6,33.0,627.273531026365,1.7202923565219,26.6189999399789,8.25630550179086,1694.46534973825,1343944296.0
India,IND,2017,24.0014933455312,55.3,91.8,32.5,648.014718317903,1.79545339877531,26.5000166464804,6.79538341897911,1788.69770318446,1359657400.0
India,IND,2018,24.0909595417716,59.0,95.7,32.9,668.303370218852,1.85989309419052,26.4120919013735,6.45385134497769,1883.35772705062,1374659064.0
India,IND,2019,24.1807620770956,62.7,95.9,33.5,666.977347524506,1.83688223212799,24.5914753075066,3.87143694070356,1936.03067741067,1389030312.0
India,IND,2020,24.270228273336,66.5,96.5,36.1,632.239828540427,1.68040016064392,25.1229058078344,-5.77772470686801,1806.50110583878,1402617695.0
India,IND,2021,24.3596944695764,70.2,99.6,34.9,676.814293488143,1.83702951699406,26.466523606501,9.68959249192875,1965.30943437506,1414203896.0
India,IND,2022,24.4494970049005,73.4,99.2,,727.902200094024,1.96929618962877,25.3845195629461,7.60936497768895,2098.2112447615,1425423212.0
India,IND,2023,24.5390304689576,76.7,99.5,,754.179577921116,2.09622858892568,25.302936496264,9.19075493028345,2270.9051808027,1438069596.0
Indonesia,IDN,2000,53.943528667353,6.7,86.3,45.6,585.786495774263,1.38408579613851,41.9690746433564,4.9200677470169,1828.10265968361,216077790.0
Indonesia,IDN,2001,53.8572019777163,7.7,86.3,44.3,591.12494475388,1.45853518944239,47.8935007853871,3.64346644721492,1868.59172307292,219097902.0
Indonesia,IDN,2002,53.7708752880796,9.2,87.6,44.7,606.322305750967,1.46310550665851,47.7453311592597,4.49947539085764,1926.37435868149,222088495.0
Indonesia,IDN,2003,53.684548598443,11.0,87.9,43.0,597.275615070065,1.57132250644049,43.7495660917608,4.78036912167654,1991.91820506473,225048008.0
Indonesia,IDN,2004,53.5982219088063,13.3,89.0,41.5,634.752388297531,1.58011931285841,44.6276159754602,5.03087394501685,2065.70617470842,227926649.0
Indonesia,IDN,2005,53.5118952191696,16.3,84.8,41.6,637.329758271386,1.57055662745946,46.5410588710711,5.69257130383384,2155.4478015921,230871650.0
Indonesia,IDN,2006,53.4255685295329,20.0,90.6,40.1,643.624656628862,1.63888306289882,46.9435587410796,5.50095178520348,2244.0802226202,233951652.0
Indonesia,IDN,2007,53.3392418398962,24.6,91.1,40.0,628.600516176574,1.69488500402322,46.7991415207073,6.34502222667214,2355.1528565328,237062337.0
Indonesia,IDN,2008,53.2529151502595,29.4,92.7,41.1,632.507070175417,1.6541425247205,48.0607447690172,6.01370360009123,2464.60193418272,240157903.0
Indonesia,IDN,2009,53.1665884606228,34.9,93.6,38.2,674.894542379565,1.69126327047376,47.6521225811621,4.62887118256153,2546.21969707767,243220028.0
Indonesia,IDN,2010,53.0802617709861,40.3,94.2,36.0,669.112078931141,1.80134962735397,42.7758663362749,6.22385418062366,2670.8129098953,246305322.0
Indonesia,IDN,2011,52.586919226916,46.1,94.8,32.4,664.807893671477,2.00399300866727,43.9134234267133,6.16978420771008,2799.62468790318,249470032.0
Indonesia,IDN,2012,52.0935766828458,51.5,96.0,30.1,680.546536439194,1.9954892890649,43.5937444233376,6.03005065305615,2930.518445323,252698525.0
Indonesia,IDN,2013,51.6002341387757,57.0,96.5,30.6,696.192807739943,1.85640226795234,42.6356774375889,5.5572636889101,3055.24246006469,255852467.0
Indonesia,IDN,2014,51.1068915947056,61.9,97.0,29.3,704.653772045539,1.95102470107868,41.9283421270033,5.006668425755,3170.72103011429,258877399.0
Indonesia,IDN,2015,50.6135490506354,66.8,97.5,26.6,698.660737586188,1.95721455259026,40.0478624042506,4.87632230022123,3288.22269725538,261799249.0
Indonesia,IDN,2016,50.7434545269582,71.3,97.6,27.8,718.57953489745,1.91626591013332,39.3084439802081,5.03306918280177,3416.81005170972,264627418.0
Indonesia,IDN,2017,50.0393338229866,75.3,98.1,25.2,755.351304203294,2.00394276108737,39.3791548040237,5.06978590134916,3553.51999262321,267346658.0
Indonesia,IDN,2018,49.7168177792076,78.7,98.5,22.0,826.038659966956,2.20953925241911,39.7297374523848,5.17429153955024,3701.32155461912,269951846.0
Indonesia,IDN,2019,49.3942964092507,81.85,98.9,19.8,844.870039441295,2.33979466524606,38.9517679950779,5.01928768046282,3850.90321738979,272489381.0
Indonesia,IDN,2020,49.0717803654717,84.6,97.0,21.9,848.436766186593,2.16976580881181,38.2383937187942,-2.06551182934165,3739.44906563161,274814866.0
Indonesia,IDN,2021,48.3619448681206,86.9,99.2,20.2,896.813534898965,2.24993200107532,39.8448191919686,3.70288562827751,3850.68877253903,276758053.0
Indonesia,IDN,2022,48.0419900717626,88.8,100.0,,953.65392850686,2.5918955237502,41.4292641760979,5.30719722664799,4024.91225288391,278830529.0
Indonesia,IDN,2023,47.7220336902463,90.6,99.4,,976.949985543796,2.74747187282401,40.2156823106794,5.04902331835997,4192.65167890692,281190067.0
"Iran, Islamic Rep.",IRN,2000,5.72561948967313,90.9,97.9,0.4,1852.22331549631,5.32891818848676,40.3059101601225,5.84552747578209,3885.30183360649,66418659.0
"Iran, Islamic Rep.",IRN,2001,5.80950661853189,92.0,98.1,0.5,1978.79412795832,5.45816095459282,39.9172619781884,2.39217271207868,3917.29935489016,67452005.0
"Iran, Islamic Rep.",IRN,2002,5.89339374739065,92.8,98.1,0.7,2029.89444244191,5.65089777632155,45.5029348793712,8.07882927975243,4198.95356080727,68011317.0
"Iran, Islamic Rep.",IRN,2003,5.97728087624942,93.7,98.2,0.8,2074.56132136016,5.89791758943739,45.0599495545921,8.6392983972006,4511.43134034458,68769340.0
"Iran, Islamic Rep.",IRN,2004,6.06116800510818,94.55,98.3,0.7,2214.59322138687,6.19124691935171,47.4704724796045,4.33666597851041,4607.45169088209,70256316.0
"Iran, Islamic Rep.",IRN,2005,6.14505513396694,95.1,98.4,1.4,2404.02751143882,6.52930513401687,49.6372490521282,3.18980408728824,4650.35841490708,71828455.0
"Iran, Islamic Rep.",IRN,2006,6.22894226282571,95.6,98.4,1.4,2459.04565215879,6.89507643037261,48.2599008746838,4.99979526181222,4778.7934584732,73392747.0
"Iran, Islamic Rep.",IRN,2007,6.31282939168447,96.0,98.7,1.3,2559.87450273493,7.21864993317663,48.235663136428,8.15577352358517,5084.71796043623,74602648.0
"Iran, Islamic Rep.",IRN,2008,6.39671652054324,96.4,98.8,0.7,2710.16359978519,7.35172418688277,47.6687887779159,0.250856553493634,5035.94008533618,75514204.0
"Iran, Islamic Rep.",IRN,2009,6.480603649402,96.7,99.7,0.8,2671.57890823769,7.49713453135765,43.0965172977284,1.00738545790475,5023.89314362941,76457825.0
"Iran, Islamic Rep.",IRN,2010,6.56449077826076,96.9,99.4,0.9,2639.09104238657,7.44954181717631,44.2093794197457,5.79793830169604,5249.06133369759,77420842.0
"Iran, Islamic Rep.",IRN,2011,6.56449077826076,96.9,99.5,0.9,2658.13529591614,7.47503068180157,46.2322885720868,2.6457179180628,5321.75870744453,78383598.0
"Iran, Islamic Rep.",IRN,2012,6.56449077826076,97.1,99.5,0.9,2740.3010468402,7.46470417628295,42.0941632127045,-3.74717139864109,5058.64637811835,79370580.0
"Iran, Islamic Rep.",IRN,2013,6.56449077826076,97.0,99.8,1.0,2758.13748400425,7.61840318570665,42.7788684660118,-1.52197920494184,4916.97291948475,80414686.0
"Iran, Islamic Rep.",IRN,2014,6.56449077826076,97.0,100.0,0.9,2883.07105746991,7.8101095500119,39.2282280462408,4.98477506709476,5093.20319702187,81502045.0
"Iran, Islamic Rep.",IRN,2015,6.56449077826076,97.0,100.0,0.9,2736.74412885975,7.61916074830014,32.1747396532204,-1.42488493937503,4952.73355532178,82619362.0
"Iran, Islamic Rep.",IRN,2016,6.57064269751222,97.0,100.0,1.0,2860.59701763688,7.66363471449536,34.3222829592861,8.8150866425182,5312.61724954192,83812228.0
"Iran, Islamic Rep.",IRN,2017,6.60154083204931,96.9,99.9,1.0,3028.21640684666,7.83730730212281,36.1413931191139,3.02685468694025,5395.2398398598,85026754.0
"Iran, Islamic Rep.",IRN,2018,6.61140215716487,96.8,100.0,1.0,2911.05556416118,7.68073939665899,37.1484284566829,-3.74796015711334,5127.22495367018,86117998.0
"Iran, Islamic Rep.",IRN,2019,6.62126348228043,96.5,100.0,1.0,3188.80398470773,8.18571981543646,33.4149250633862,-2.36143538770575,4952.45669081078,87051648.0
"Iran, Islamic Rep.",IRN,2020,6.62681047765794,96.4,100.0,0.9,3252.6054710927,8.38853190019001,37.2091421301924,4.44180865358672,5132.82430762118,87723443.0
"Iran, Islamic Rep.",IRN,2021,6.63543913713405,96.2,100.0,0.9,3336.19069126419,8.86620624375505,39.2258766162135,4.13089685034471,5300.62271961895,88455488.0
"Iran, Islamic Rep.",IRN,2022,6.64160246533128,95.9,100.0,,3266.12248660454,8.84742330027555,41.2187779051327,4.35281087521344,5465.31447539413,89524246.0
"Iran, Islamic Rep.",IRN,2023,6.64923611710324,95.7,100.0,,,9.00722487961339,38.77615836267,5.33235117216407,5687.84396330117,90608707.0
Iraq,IRQ,2000,1.87027002309258,64.4,96.8,0.4,1090.52205809652,3.6362101364327,84.7959791546848,16.7961344440251,4172.78025105244,24424056.0
Iraq,IRQ,2001,1.87187049866246,69.6,96.9,0.3,1183.92315753963,3.99450111596867,77.4195775516813,1.76660876568174,4116.09405320279,25197840.0
Iraq,IRQ,2002,1.87347097423234,74.5,97.1,0.3,1092.98165469695,3.65491643857998,74.1578564186036,-8.20370481187175,3660.92527507177,26006559.0
Iraq,IRQ,2003,1.87507144980223,78.8,97.2,0.3,939.517629598492,3.09254764611228,70.8382337998589,-36.6567804383165,2250.06990123369,26802659.0
Iraq,IRQ,2004,1.87667192537211,82.8,97.3,0.4,980.249444124443,3.27515771880636,61.8350607638528,53.3855472887501,3354.26588756715,27577878.0
Iraq,IRQ,2005,1.87827240094199,85.9,97.4,2.4,949.253481740859,3.07089535110651,63.6084344986755,1.67522863586828,3310.86344473993,28407448.0
Iraq,IRQ,2006,1.87987287651188,88.8,97.6,2.6,916.179043545813,2.96556027175217,61.4441919202983,5.63829915220637,3471.98744698568,28616515.0
Iraq,IRQ,2007,1.88147335208176,90.9,98.1,2.0,909.133658720632,2.76243609599133,60.1077106310903,1.88853936243953,3565.58054079041,28391607.0
Iraq,IRQ,2008,1.88307382765165,92.7,97.9,1.1,962.301839872785,3.12972584066376,62.788858419665,8.22810710383277,3781.78001712762,28971036.0
Iraq,IRQ,2009,1.89790937557561,94.2,98.1,1.2,995.7798442565,3.22209515764181,51.989792420915,3.37929909442771,3768.17284328983,30058206.0
Iraq,IRQ,2010,1.89952109044023,95.4,98.4,1.7,1064.17152061051,3.59130892513878,55.7934951548678,6.40256484471193,3881.94327045302,31045366.0
Iraq,IRQ,2011,1.89952109044023,96.3,98.0,1.1,1125.37331940921,3.60389826022629,62.5480287876873,7.546471200426,4030.01686860986,32161424.0
Iraq,IRQ,2012,1.89952109044023,97.1,99.3,1.3,1190.03229059907,3.95321422100273,60.576988513607,13.9364301737537,4387.90469058707,33654842.0
Iraq,IRQ,2013,1.90036118379833,97.7,99.0,1.5,1175.83271780348,4.09302888224357,57.69152678908,7.62828592298754,4504.82687537354,35281989.0
Iraq,IRQ,2014,1.90036118379833,98.1,99.2,1.0,1082.71904877674,3.78352330429891,55.3075963759279,2.26368817563613,4446.97343234862,36550059.0
Iraq,IRQ,2015,1.90036118379833,98.5,99.4,0.8,998.349545341439,3.67151586099612,45.340288824262,2.60676642939541,4440.14189252367,37560535.0
Iraq,IRQ,2016,1.90036118379833,98.7,99.7,0.9,1076.62803028259,4.03030161950881,46.1825020614016,13.7873730187089,4932.9272911439,38469627.0
Iraq,IRQ,2017,1.90036118379833,98.9,99.9,0.5,1185.88106304283,4.25410677734214,51.3296814634291,-1.81975035118309,4736.32710809857,39337353.0
Iraq,IRQ,2018,1.90036118379833,99.1,99.9,0.5,1287.12364484767,4.4937314270853,54.1699427538136,2.63385099105624,4749.00921836896,40265624.0
Iraq,IRQ,2019,1.90035242899592,99.3,100.0,0.9,1319.43951211192,4.70108992313127,53.1094032824868,5.51379057542323,4898.14897652265,41192171.0
Iraq,IRQ,2020,1.90035242899592,99.3,100.0,1.1,1143.12626352051,4.3658386045124,39.9040972152303,-12.0367930931152,4213.99843766061,42116605.0
Iraq,IRQ,2021,1.90035242899592,99.4,100.0,1.1,1275.01138784403,4.6367351965098,54.6088877710074,1.50218070952037,4182.5006404573,43071211.0
Iraq,IRQ,2022,1.90035242899592,99.4,100.0,,1411.58869867393,5.04369459778254,65.2721245594509,7.95904804992662,4412.99733146512,44070551.0
Iraq,IRQ,2023,1.90035242899592,99.5,100.0,,,5.16873911194444,53.9604851597879,0.517705525131191,4337.08705324182,45074049.0
Ireland,IRL,2000,9.15023951226593,100.0,100.0,2.0,3627.38542635217,11.5177387420391,31.5013226058138,9.40352476399653,42599.4803921319,3805174.0
Ireland,IRL,2001,9.28091159820003,100.0,100.0,2.0,3714.01794514649,11.9109688656404,34.0831218990801,5.30582133514299,44151.1536032557,3866243.0
Ireland,IRL,2002,9.41158368413413,100.0,100.0,2.2,3663.16912074715,11.4404136169689,35.105250232772,5.89936506079005,45974.4881988842,3931947.0
Ireland,IRL,2003,9.54225577006822,100.0,100.0,2.0,3515.79431954715,11.1268025365061,32.2589942766588,3.01383869396012,46594.8620267616,3996521.0
Ireland,IRL,2004,9.67292785600232,100.0,100.0,2.3,3558.69801147061,11.0536619018628,30.7660924583293,6.78813990621356,48856.3238587396,4070262.0
Ireland,IRL,2005,9.80359994193642,100.0,100.0,2.9,3513.15701936975,11.3160512452902,30.0341921238419,5.73978202625278,50547.2123729763,4159914.0
Ireland,IRL,2006,9.93427202787052,100.0,100.0,3.2,3433.690849782,11.1588123430623,30.0803731990164,4.98785364537615,51656.8194855887,4273591.0
Ireland,IRL,2007,10.0649441138046,100.0,100.0,3.5,3407.88558886571,10.6718615521641,28.5265724364426,5.31011830898613,52849.6948429458,4398942.0
Ireland,IRL,2008,10.1956161997387,100.0,100.0,4.2,3311.73521178354,10.3087084122575,25.9255497868699,-4.48407081043062,49461.1594281353,4489544.0
Ireland,IRL,2009,10.3262882856728,100.0,100.0,5.3,3173.7335600355,9.0783011327619,25.6117523039931,-5.09578277913846,46466.3794269222,4535375.0
Ireland,IRL,2010,10.4569603716069,100.0,100.0,5.3,3149.89842034979,8.97445371922665,23.3585048483704,1.68297175486512,46991.6464673949,4560155.0
Ireland,IRL,2011,10.5565103788649,100.0,100.0,7.0,2875.40675480961,8.10989492769128,24.3019357364641,1.60886648916944,47539.9181739968,4580084.0
Ireland,IRL,2012,10.6560603861228,100.0,100.0,6.9,2858.91735604826,8.17522126702863,24.0639568673216,-0.40502941658977,47147.1604669421,4599533.0
Ireland,IRL,2013,10.7556103933808,100.0,100.0,7.7,2802.60964399377,7.8579683966663,23.8396733678378,2.1929375750029,47928.0346487005,4623816.0
Ireland,IRL,2014,10.8551604006387,100.0,100.0,8.8,2726.60528005402,7.75893459059544,24.4288440676474,9.38579335130922,52044.6201181887,4657740.0
Ireland,IRL,2015,10.9547104078966,100.0,100.0,9.5,2825.9812059763,8.00687883789665,38.4401729288171,24.6239856364006,64250.1385181257,4701957.0
Ireland,IRL,2016,11.0661924807664,100.0,100.0,8.6,2932.30415263032,8.29636917712182,36.5192338386058,1.22271661130947,64205.979777351,4762722.0
Ireland,IRL,2017,11.1775293946872,100.0,100.0,10.1,2854.85820468032,7.92618041220563,36.2543208523413,10.1088576065965,69748.6221034014,4827445.0
Ireland,IRL,2018,11.2355929743069,100.0,100.0,10.8,2820.44138030583,7.76337876800063,36.848503844665,7.68865937437435,74029.0550611436,4898022.0
Ireland,IRL,2019,11.2936565539265,100.0,100.0,12.3,2747.90158131447,7.30821291296457,35.880910077936,4.97288003766816,76485.635854651,4976456.0
Ireland,IRL,2020,11.3517201335462,100.0,100.0,13.7,2633.97691248454,6.80456776897729,37.1803685713508,7.15369505735335,80927.936475395,5039747.0
Ireland,IRL,2021,11.4097837131659,100.0,100.0,12.7,2689.36333693732,7.11906758228265,38.0466211469982,16.2581881158197,92781.2322150786,5110585.0
Ireland,IRL,2022,11.4678472927856,100.0,100.0,,2600.15740643769,6.84581291258731,40.756447602572,7.51113888415304,97793.5366671697,5212836.0
Ireland,IRL,2023,11.5259108724053,100.0,100.0,,2467.73733963357,6.1870780177041,34.0037014019007,-2.53637409313261,93541.9643678381,5311538.0
Isle of Man,IMN,2000,6.07017543859649,,100.0,,,,,5.30000152552805,46274.9709691403,75659.0
Isle of Man,IMN,2001,6.07017543859649,,100.0,,,,,5.39999903126116,48252.7638498277,76476.0
Isle of Man,IMN,2002,6.07017543859649,,100.0,1.5,,,,6.19999819490684,50714.5824703383,77275.0
Isle of Man,IMN,2003,6.07017543859649,,100.0,1.1,,,,5.99999968812641,53224.3527757804,78049.0
Isle of Man,IMN,2004,6.07017543859649,,100.0,6.3,,,,5.20000310402496,55464.0220993356,78792.0
Isle of Man,IMN,2005,6.07017543859649,,100.0,2.7,,,,5.89999933576675,58201.5990838178,79516.0
Isle of Man,IMN,2006,6.07017543859649,,100.0,3.3,,,,7.69999871253432,62075.7601604994,80294.0
Isle of Man,IMN,2007,6.07017543859649,,100.0,1.9,,,,7.50000022988817,66029.9755907183,81147.0
Isle of Man,IMN,2008,6.07017543859649,,100.0,1.3,,,,4.90000100081545,68520.6825624937,82029.0
Isle of Man,IMN,2009,6.07017543859649,,100.0,1.9,,,,2.10000027181374,69192.0258221691,82939.0
Isle of Man,IMN,2010,6.07017543859649,,100.0,1.9,,,,3.39999842395957,70747.8417587183,83873.0
Isle of Man,IMN,2011,6.07017543859649,,100.0,2.9,,,,1.99999938207415,71727.5055082703,84382.0
Isle of Man,IMN,2012,6.07017543859649,,100.0,3.5,,,9.23480170729847,7.30389108511717,77009.2978612012,84335.0
Isle of Man,IMN,2013,6.07017543859649,,100.0,2.1,,,9.01203314860131,4.14186158753493,80383.8273088527,84141.0
Isle of Man,IMN,2014,6.07017543859649,,100.0,1.9,,,8.25754873513739,5.15509983748599,84778.5806639347,83892.0
Isle of Man,IMN,2015,6.07017543859649,,100.0,2.2,,,8.70677272502809,-0.385866882198087,84753.5187422732,83593.0
Isle of Man,IMN,2016,6.07017543859649,,100.0,1.9,,,7.90699830002406,6.95230284899407,90783.7647245394,83466.0
Isle of Man,IMN,2017,6.07017543859649,,100.0,1.9,,,7.43195587054351,2.83775807093689,93200.3108083857,83609.0
Isle of Man,IMN,2018,6.07017543859649,,100.0,2.0,,,8.02155779521804,2.2133975392251,95040.4061748938,83805.0
Isle of Man,IMN,2019,6.07017543859649,,100.0,1.9,,,7.59325582917094,0.254877847398262,95110.1385990737,83957.0
Isle of Man,IMN,2020,6.07017543859649,,100.0,2.0,,,8.88444589020917,-8.83681697473475,86595.0676099275,84064.0
Isle of Man,IMN,2021,6.07017543859649,,100.0,3.2,,,9.42416820760903,3.83783632334639,89873.5420093569,84106.0
Isle of Man,IMN,2022,6.07017543859649,,100.0,2.7,,,6.93646402700019,-4.16539345213232,86103.3379308107,84132.0
Isle of Man,IMN,2023,6.07017543859649,,100.0,,,,,,,84165.0
Israel,ISR,2000,7.07024029574861,100.0,100.0,6.0,2899.21092060716,9.42660200349817,23.0248113388922,8.58208942390802,29413.4894578106,6289000.0
Israel,ISR,2001,7.07486136783734,100.0,100.0,6.3,2973.01751340231,9.19913029973598,21.6994586043176,0.277927326527333,28808.1300136037,6439000.0
Israel,ISR,2002,7.07948243992606,100.0,100.0,6.5,2862.54444096904,9.51086757990868,21.4703406244911,-0.134072634658438,28195.8676389139,6570000.0
Israel,ISR,2003,7.08410351201479,100.0,100.0,6.5,2949.36140375621,9.6043768778869,21.282371238445,1.4490576944626,28092.6176251486,6689700.0
Israel,ISR,2004,7.08872458410351,100.0,100.0,6.7,2822.35591418715,9.4006168306653,20.5600049745173,4.64789744397389,28883.247588548,6809000.0
Israel,ISR,2005,7.09334565619224,100.0,100.0,7.0,2661.980099421,8.92812513527943,21.2815520903908,4.38778887041551,29623.7172812577,6930100.0
Israel,ISR,2006,7.09796672828096,100.0,100.0,6.9,2883.01357713219,9.22039497001574,21.583247837902,5.60162698158004,30734.9619835354,7053700.0
Israel,ISR,2007,7.10258780036969,100.0,100.0,6.7,2899.35253797653,9.38933998133731,21.8363414090712,6.32334950499747,32103.1628576567,7180100.0
Israel,ISR,2008,7.10720887245841,100.0,100.0,8.9,3130.72173959461,9.27417633537653,21.3620647541489,3.22209599987266,32554.0413211945,7308800.0
Israel,ISR,2009,7.11182994454713,100.0,100.0,8.5,2874.86147474045,8.95687720423213,20.6116501009124,1.23773159721814,32178.5727387015,7485600.0
Israel,ISR,2010,7.11645101663586,100.0,100.0,8.6,3043.56517574048,9.43716879164699,20.8142494931167,5.53434033902194,33344.7213294093,7623600.0
Israel,ISR,2011,7.2181146025878,100.0,100.0,9.1,2981.37242150116,9.16057585825028,20.1347126935193,5.51879621371651,34540.6749784398,7765800.0
Israel,ISR,2012,7.31977818853974,100.0,100.0,2.9,2968.58833913788,9.80845711396245,20.4568472081077,2.44716836741318,34738.6587001,7910500.0
Israel,ISR,2013,7.42144177449168,100.0,100.0,3.3,2662.60942480489,8.47298219492524,20.5672452681451,4.08570918638205,35489.5086561247,8059500.0
Israel,ISR,2014,7.52310536044362,100.0,100.0,3.7,2528.01855666417,8.02420974475699,19.9174851566845,3.77582843213109,36129.3146105805,8215700.0
Israel,ISR,2015,7.62476894639556,100.0,100.0,3.7,2607.84399987972,8.11347119962769,19.9747306038652,2.23760317482488,36213.1041481958,8380100.0
Israel,ISR,2016,6.46950092421442,100.0,100.0,4.0,2569.21718310487,7.90452843435525,19.1238077128283,4.45978271860821,37093.7879065422,8546000.0
Israel,ISR,2017,6.46950092421442,100.0,100.0,3.9,2481.51602271413,7.78383620442312,18.564684688678,4.3469311670646,37963.0491190696,8713300.0
Israel,ISR,2018,6.46950092421442,100.0,100.0,3.8,2490.06554012289,7.14844418426622,18.8202979612975,4.00389862187025,38729.6426036983,8882800.0
Israel,ISR,2019,6.46950092421442,100.0,100.0,4.5,2407.97500275888,7.21388336646786,18.9233446958735,3.71049632750405,39407.2016076709,9054000.0
Israel,ISR,2020,6.46950092421442,100.0,100.0,5.6,2453.62703150387,6.66216318867945,19.4382959029959,-2.02161548237589,37935.5432717179,9215100.0
Israel,ISR,2021,6.46950092421442,100.0,100.0,6.2,2432.5509270456,6.50617837249504,18.8400586353819,9.38837403354628,40804.9689802536,9371400.0
Israel,ISR,2022,6.46950092421442,100.0,100.0,,2501.42064264807,6.65826837562124,19.4269429799466,6.26326343841286,42516.3888090274,9557500.0
Israel,ISR,2023,6.46950092421442,100.0,100.0,,2459.62529465788,6.14077571327038,18.5022962917969,1.82652049482384,42011.6213954855,9849000.0
Italy,ITA,2000,28.3014561169763,100.0,100.0,5.1,3012.48356350836,7.97861399862471,24.1021086902835,3.88209885062652,32609.66746283,56942108.0
Italy,ITA,2001,28.5242325458714,100.0,100.0,5.4,3020.75373063924,7.96252086434695,23.8448641171014,2.00643329837733,33243.599343976,56976981.0
Italy,ITA,2002,28.7470089747665,100.0,100.0,5.6,3035.91851152815,8.07424104162591,23.7128374796933,0.26992966378873,33267.4474482048,57089824.0
Italy,ITA,2003,28.9697854036616,100.0,100.0,6.2,3164.10814422149,8.37573927880229,23.1424281792157,0.0665538088732092,33110.1698494812,57399184.0
Italy,ITA,2004,29.1925618325567,100.0,100.0,5.9,3162.43494730256,8.51073142040319,23.0557086867301,1.4740217064723,33348.9744820456,57828179.0
Italy,ITA,2005,29.4153382614518,100.0,100.0,6.7,3204.1351997897,8.4768648141216,22.8922792357491,0.762410677306491,33407.6754716472,58166682.0
Italy,ITA,2006,29.6381146903469,100.0,100.0,7.5,3162.24131154867,8.34804384209065,23.0039063656952,1.79947992234244,33873.0493680093,58399861.0
Italy,ITA,2007,29.860891119242,100.0,100.0,8.7,3132.89653716264,8.17482777618523,23.4052972949308,1.46229205289291,34159.9109244074,58756247.0
Italy,ITA,2008,30.0836675481371,100.0,100.0,10.8,3067.89962633863,7.85286143845028,23.2117440039014,-1.02313851177097,33550.6340800063,59211181.0
Italy,ITA,2009,30.3064439770322,100.0,100.0,12.5,2848.10100531328,6.94826035580217,21.3840948097691,-5.30515401233991,31587.0638416305,59555454.0
Italy,ITA,2010,30.5292204059273,100.0,100.0,12.8,2904.35856014464,7.08186391750757,21.369080166955,1.52910573247101,31928.5543621096,59819407.0
Italy,ITA,2011,30.7111775407652,100.0,100.0,11.9,2798.23628262725,6.9053125750862,21.2407342221272,0.695463154440176,32039.5032494316,60026841.0
Italy,ITA,2012,30.8931346756031,100.0,100.0,14.4,2680.46208450702,6.55333989010063,20.7948320119101,-3.12523877282996,30953.4147447427,60191247.0
Italy,ITA,2013,31.075091810441,100.0,100.0,16.3,2576.45615324387,5.99742374656768,20.6001539419293,-1.81802510749792,30330.0221599668,60311613.0
Italy,ITA,2014,31.2570489452789,100.0,100.0,17.1,2433.16257781775,5.68586837020992,20.1870844682284,-0.0013876173045446,30325.0287793923,60320707.0
Italy,ITA,2015,31.4390060801169,100.0,100.0,16.6,2533.02354460955,5.87319309166979,20.2895283210976,0.885667635240807,30639.8829751432,60229605.0
Italy,ITA,2016,31.6209699781549,100.0,100.0,16.1,2511.46353090755,5.80834075921169,20.6626457226581,1.23622108511661,31077.6792675211,60115223.0
Italy,ITA,2017,31.8029338761929,100.0,100.0,16.4,2557.32535513975,5.7611454316748,20.7926142437946,1.60369995294101,31635.52277108,60002252.0
Italy,ITA,2018,31.9848977742309,100.0,100.0,17.1,2503.3498604998,5.65886939655412,20.9865490224579,0.826646712344115,31819.3971830067,60148658.0
Italy,ITA,2019,32.1669704480973,100.0,100.0,17.3,2494.02659804115,5.56784056329278,21.0122984359559,0.429162533780342,32180.4341017428,59729081.0
Italy,ITA,2020,32.3489349614665,100.0,100.0,18.7,2313.10006204514,4.96667406979317,20.9642039077686,-8.86822122185345,29469.7989238626,59438851.0
Italy,ITA,2021,32.5308994748357,100.0,100.0,17.5,2531.08698798735,5.58651571090224,22.5572771105288,8.93106210800055,32267.7091050201,59133173.0
Italy,ITA,2022,32.7125321249831,100.0,100.0,,2411.65172417311,5.60897190137329,23.2791441111799,4.82117669913565,33891.8866526216,59013667.0
Italy,ITA,2023,32.8944947923712,100.0,100.0,,2298.39093933589,5.1591446091273,23.6677353518388,0.975694840127005,34239.6554751239,58984216.0
Jamaica,JAM,2000,48.1071098799631,74.0,84.4,9.3,1339.1099922275,3.9283295741357,22.5635448178584,0.87870355044231,5197.39692210665,2607826.0
Jamaica,JAM,2001,48.4529085872576,75.9,87.7,7.9,1357.36284604569,3.92801715285343,22.3173012581486,1.34492956615135,5234.02744397806,2624403.0
Jamaica,JAM,2002,48.7987072945522,77.5,86.7,8.0,1290.94473517758,3.88537029098241,21.3229059302313,1.99729094191295,5305.87658697244,2640572.0
Jamaica,JAM,2003,49.1445060018467,79.0,86.5,8.1,1339.31816349938,3.97384197908397,21.4925345723678,3.66631759041991,5467.17406988236,2656623.0
Jamaica,JAM,2004,49.4903047091413,80.3,87.2,6.4,1338.63104342676,3.96703121930227,22.2583396101571,1.32372510450574,5507.20135110043,2672225.0
Jamaica,JAM,2005,49.8361034164358,81.7,88.0,5.4,1303.21146887141,3.95557831478646,21.9006506006203,0.893797935409893,5525.73577833713,2687066.0
Jamaica,JAM,2006,50.1819021237304,82.7,88.7,4.8,1470.67499756086,4.55799550383418,21.2201148487383,2.89912534481287,5656.66803579988,2700968.0
Jamaica,JAM,2007,50.5277008310249,83.9,89.4,5.3,1479.15825671767,4.50876999041934,21.3153996242232,1.43195403769627,5710.53878446758,2713800.0
Jamaica,JAM,2008,50.8734995383195,84.6,92.0,5.9,1177.37176764598,3.62135795878759,19.6881228419841,-0.811736702186792,5639.58974873397,2725635.0
Jamaica,JAM,2009,51.219298245614,85.6,91.0,7.4,943.351386149021,2.94092608864832,18.0908593404592,-4.34530185828071,5372.14234169511,2736995.0
Jamaica,JAM,2010,51.5650969529086,86.3,92.2,8.9,875.100676933436,2.79862095462073,17.9863304478474,-1.45714720850386,5271.57221477938,2748568.0
Jamaica,JAM,2011,51.9161588180979,87.4,91.1,9.8,923.899986298869,2.75432585616922,18.2490235366752,1.73037627006349,5339.62170188798,2760494.0
Jamaica,JAM,2012,52.2672206832872,88.0,93.1,12.2,888.692854734165,2.52991058385604,17.9938605582722,-0.613636042132399,5284.00852557589,2772430.0
Jamaica,JAM,2013,52.6182825484765,88.6,93.9,11.4,930.085040039502,2.68841288550042,18.0990659844033,0.517686011311724,5289.88438546111,2783687.0
Jamaica,JAM,2014,52.9693444136657,89.2,93.3,11.9,902.848499036495,2.58240808318858,18.3652279034414,0.689822359762587,5307.19165380801,2793749.0
Jamaica,JAM,2015,53.320406278855,89.8,94.9,12.1,903.435894725802,2.53581223278647,17.2364205205086,0.92148712399856,5339.30718256806,2802534.0
Jamaica,JAM,2016,53.6786703601108,90.4,96.6,11.1,998.797053907958,2.71374756887664,17.0837288086486,2.76043761369557,5472.28314023034,2809915.0
Jamaica,JAM,2017,54.0378578024007,91.05,97.4,11.0,919.667703413837,2.59524590839289,17.3098108220914,2.29303371291363,5586.1365723133,2815764.0
Jamaica,JAM,2018,54.3970452446907,91.5,98.2,8.9,1031.75337490372,3.08184434790718,17.881931896287,2.51584458612513,5717.87621107532,2820097.0
Jamaica,JAM,2019,54.7553093259464,91.9,98.9,9.2,1075.71855431766,2.98926316318908,16.6720709416832,1.80943147301357,5814.79275311692,2823271.0
Jamaica,JAM,2020,55.1144967682364,92.4,99.7,11.7,795.43607562422,2.09235114929352,18.0639893861305,-8.30441923583135,5317.84145033966,2830739.0
Jamaica,JAM,2021,55.4730655586334,92.8,100.0,10.5,880.70616769668,2.28087572885193,18.2161735064365,5.70467978309095,5607.45378253877,2837682.0
Jamaica,JAM,2022,55.8320498614958,93.0,100.0,,968.879419803617,2.64695978787973,17.4494491248565,6.43930323656186,5965.46127464873,2839144.0
Jamaica,JAM,2023,56.190757156048,93.0,97.7,,,2.7128452636924,16.7222660185948,2.74634433906714,6127.90771263434,2839786.0
Japan,JPN,2000,68.2469135802469,100.0,100.0,3.7,4067.03534426909,9.80406329083986,32.5135870554896,2.76464755136783,31430.631130325,126843000.0
Japan,JPN,2001,68.2716049382716,100.0,100.0,3.5,3990.10602386433,9.67360734256659,30.9812266965407,0.386103426142029,31476.0520665746,127149000.0
Japan,JPN,2002,68.2962962962963,100.0,100.0,3.7,3992.91998129661,9.92193416768018,30.2226000788974,0.0419624992862282,31416.1241772309,127445000.0
Japan,JPN,2003,68.320987654321,100.0,100.0,4.2,3956.90048891144,9.95886797475689,30.0789207597555,1.53512549946694,31830.217584972,127718000.0
Japan,JPN,2004,68.3456790123457,100.0,100.0,4.3,4085.4919552124,9.91730575058116,29.9669305435635,2.18611569439318,32515.1158024695,127761000.0
Japan,JPN,2005,68.3703703703704,100.0,100.0,4.0,4066.44200433533,10.0074734098753,29.8717070448265,1.80390087215821,33098.5474664881,127773000.0
Japan,JPN,2006,68.3950617283951,100.0,100.0,4.4,4064.36044717698,9.82400472413847,29.6655718124813,1.3723501275831,33531.518563066,127854000.0
Japan,JPN,2007,68.4197530864198,100.0,100.0,4.3,4020.80546615948,10.0916024093562,29.5972958103344,1.48396941157472,33990.0360341367,128001000.0
Japan,JPN,2008,68.4444444444444,100.0,100.0,4.4,3867.13557310575,9.53253711064086,28.7829764402439,-1.22428900061713,33557.6454041595,128063000.0
Japan,JPN,2009,68.4691358024691,100.0,100.0,4.5,3709.02326188514,9.03961045553586,27.1112122235818,-5.69323635892741,31651.0837739562,128047000.0
Japan,JPN,2010,68.4938271604938,100.0,100.0,4.7,3900.21212768124,9.50311626454283,28.3359701667911,4.09791791943181,32942.2020783835,128070000.0
Japan,JPN,2011,68.481755829904,100.0,100.0,4.8,3620.18019068219,9.93397401297005,26.7014360671016,0.0238095237995424,33011.1342301291,127833000.0
Japan,JPN,2012,68.4696844993141,100.0,100.0,4.7,3536.70253450885,10.2516011251361,26.562641428228,1.37475099905274,33518.4449368599,127629000.0
Japan,JPN,2013,68.4576131687243,100.0,100.0,5.0,3567.33780517627,10.3847926556554,26.6507450551464,2.00510017681211,34239.8862473488,127445000.0
Japan,JPN,2014,68.4455418381344,100.0,100.0,5.6,3445.81632921551,10.0063625506773,27.3136267349767,0.296205514141889,34386.9058552671,127276000.0
Japan,JPN,2015,68.4334705075446,100.0,100.0,6.2,3400.59271053608,9.69456115651128,28.5837114240167,1.56062669680782,34960.6393843385,127141000.0
Japan,JPN,2016,68.4224965706447,100.0,100.0,6.4,3370.8877963853,9.66865261733136,28.6299476490573,0.753826745789127,35242.199377148,127076000.0
Japan,JPN,2017,68.4087791495199,100.0,100.0,6.9,3391.05041453219,9.55283290804272,28.8824260088632,1.67533175173359,35861.9728545672,126972000.0
Japan,JPN,2018,68.4087791495199,100.0,100.0,7.3,3343.05412833973,9.17213648658239,29.0140076866127,0.643391023533141,36138.5290824814,126811000.0
Japan,JPN,2019,68.4087791495199,100.0,100.0,7.8,3261.62024942915,8.87456666113888,28.8040848106902,-0.402169200894946,36043.7844013518,126633000.0
Japan,JPN,2020,68.4087791495199,100.0,100.0,8.5,3046.85480668859,8.39710520271501,29.0568076109153,-4.16876457146743,34642.9718743239,126261000.0
Japan,JPN,2021,68.4087791495199,100.0,100.0,8.8,3196.03970960845,8.5947828493867,29.2191940850705,2.69657404187188,35741.1601062924,125681593.0
Japan,JPN,2022,68.4087791495199,100.0,100.0,,3129.65861717499,8.3956307081074,27.7174374582966,0.941998775483285,36238.3294895302,125124989.0
Japan,JPN,2023,68.3957811364628,100.0,100.0,,3039.14126131753,8.05063579850566,28.6021835997719,1.47503481053384,36952.5150709861,124516650.0
Jordan,JOR,2000,1.10494106980961,99.8,99.0,2.1,903.243088042685,3.05659330102683,21.4363112007602,4.24571192079179,3412.07673213708,5386945.0
Jordan,JOR,2001,1.10494106980961,99.8,99.0,2.1,876.037093986667,3.00198549017311,21.4607853921461,5.26995757513571,3518.76635312228,5498894.0
Jordan,JOR,2002,1.10494106980961,99.8,99.5,2.1,900.964957727455,3.06397752448066,22.7818663526641,5.78380792679296,3644.62434644332,5616066.0
Jordan,JOR,2003,1.10494106980961,99.8,99.0,2.0,900.985989582586,3.07334179985886,23.0359539059582,4.16166755544407,3713.15193593268,5741828.0
Jordan,JOR,2004,1.10494106980961,99.8,99.2,1.8,1057.17652422962,3.23277844279412,24.7957581974811,8.56721424236899,3935.15704743447,5882061.0
Jordan,JOR,2005,1.10494106980961,99.9,99.0,1.7,1107.30679497061,3.36910305797064,24.9215738997938,8.14659481079931,4151.61313015439,6029587.0
Jordan,JOR,2006,1.10494106980961,99.9,100.0,2.3,1066.3573147471,3.19629907780335,24.8496543455046,8.09297527811933,4209.86864014361,6427371.0
Jordan,JOR,2007,1.10494106980961,99.9,98.8,2.3,1055.84777945071,3.12567606145218,27.5444511305466,8.17616995204646,4287.35229821209,6827227.0
Jordan,JOR,2008,1.10494106980961,99.9,100.0,2.7,1011.34553533121,2.93181586027543,29.6449857442188,7.22038637280139,4489.95545537311,6989866.0
Jordan,JOR,2009,1.09822031989187,99.9,99.4,2.8,1044.29967184826,2.94909387093057,27.7593449666661,5.02371007272669,4615.23067817324,7141753.0
Jordan,JOR,2010,1.09822031989187,99.9,100.0,3.0,973.413219547318,2.82145795221434,26.2668286391472,2.31483422063046,4621.5742854131,7297043.0
Jordan,JOR,2011,1.09822031989187,99.9,99.6,3.0,944.486189633114,2.80918568252281,26.7946694331519,2.73717988632104,4631.67703841605,7480424.0
Jordan,JOR,2012,1.09822031989187,99.9,99.5,2.9,1034.50305837685,3.23339783293465,25.8078043078824,2.42935800100238,4677.47613977192,7587127.0
Jordan,JOR,2013,1.09822031989187,99.9,99.7,3.1,966.849898090231,3.015399892565,25.6406605947577,2.60994737548631,4556.52023716712,7991809.0
Jordan,JOR,2014,1.09822031989187,99.9,99.8,3.1,930.16049745624,2.93907556095458,25.5087965588519,3.38407809933472,4282.11872849239,8791710.0
Jordan,JOR,2015,1.09822031989187,99.9,99.9,3.2,903.433667037898,2.68560794130457,25.2328062594007,2.49652879315188,4042.75678097555,9544729.0
Jordan,JOR,2016,1.09822031989187,99.9,100.0,4.7,887.616759444148,2.52192429080405,24.6693119626594,1.9941808493012,3933.14704611068,10006367.0
Jordan,JOR,2017,1.09822031989187,99.8,100.0,5.3,917.041568368822,2.59425578446284,24.5139698529782,2.47359815449045,3940.70199181145,10234226.0
Jordan,JOR,2018,1.09822031989187,99.8,99.9,7.2,869.212005052558,2.4097651129684,24.0778332538588,1.91907091341564,3928.77026821205,10462306.0
Jordan,JOR,2019,1.09804716534901,99.8,99.9,8.5,811.583012032737,2.18238735759201,24.1116880393062,1.75124077866225,3919.06426916073,10671891.0
Jordan,JOR,2020,1.09804716534901,99.7,99.9,10.7,754.943831707803,1.9279853124113,23.5538100159112,-1.10275188309046,3806.87949354914,10865228.0
Jordan,JOR,2021,1.09804716534901,99.6,99.9,11.5,725.458661893959,1.96480214444574,23.4204240200794,3.65564358999147,3874.32714084633,11066356.0
Jordan,JOR,2022,1.09804716534901,99.5,100.0,,754.305503117865,2.07333464045749,24.4882015845826,2.64743514912058,3909.80228869045,11256263.0
Jordan,JOR,2023,1.09804716534901,99.4,100.0,,,2.10161310922351,24.7963140068339,2.88408339281683,3958.23043952182,11439213.0
Kazakhstan,KAZ,2000,1.16936170685632,84.2,99.6,2.5,2301.832950293,8.52997364123056,37.7758296698614,9.80000000214156,4269.33016782791,15501103.0
Kazakhstan,KAZ,2001,1.16659302885506,85.3,99.7,2.4,2217.57862083109,8.37700755350533,36.1418298622593,13.4999999984358,4822.52862802669,15575550.0
Kazakhstan,KAZ,2002,1.16382431381265,86.4,99.8,2.8,2538.1420196136,9.29533131455672,35.8109321050125,9.79999999960842,5267.6990320263,15656677.0
Kazakhstan,KAZ,2003,1.16105563581139,87.1,99.9,2.3,2737.29872977182,10.2972430969469,35.0752659061292,9.30000000033759,5724.43199248054,15747380.0
Kazakhstan,KAZ,2004,1.15828695781013,87.5,100.0,1.9,3204.58811216281,11.0129179145774,35.3518419501918,9.60000000136854,6233.29439373307,15850159.0
Kazakhstan,KAZ,2005,1.15551827980887,88.6,100.0,2.1,3186.46182049893,11.7482167747143,37.6280181516768,9.69999999922682,6787.4115548789,15968117.0
Kazakhstan,KAZ,2006,1.15274956476646,89.2,99.8,2.1,3763.63490829315,13.0524097667892,39.3564557485124,10.7,7450.39687062615,16103716.0
Kazakhstan,KAZ,2007,1.1499808867652,89.7,100.0,1.8,4065.37338873297,13.5081878112695,37.7308974758662,8.89999999999405,8036.87599811505,16257214.0
Kazakhstan,KAZ,2008,1.14721220876394,90.2,100.0,1.1,4253.35380920843,15.1238317294741,40.2502455752721,3.30000000021091,8216.52181589585,16426525.0
Kazakhstan,KAZ,2009,1.14444349372152,90.7,100.0,1.3,3819.51468551316,13.5068941072017,38.4314808509372,1.19999999942873,8218.39912556048,16619846.0
Kazakhstan,KAZ,2010,1.14167481572027,91.5,100.0,1.4,4105.7018942109,14.3850527504913,40.6024221199984,7.30000000329814,8704.70655484556,16836810.0
Kazakhstan,KAZ,2011,1.15843793754862,92.1,99.8,1.4,4532.00308919896,15.389052456457,37.2660880953566,7.40000000144188,9223.3021336315,17066002.0
Kazakhstan,KAZ,2012,1.17520102233582,92.2,100.0,1.3,4270.24340373999,14.9547390961317,36.3028533254093,4.79999999528297,9531.91477617058,17306106.0
Kazakhstan,KAZ,2013,1.19196410712301,92.8,100.0,1.2,4645.78037421422,15.7272046561439,33.6988156382046,5.99999999671084,9959.72586930534,17556502.0
Kazakhstan,KAZ,2014,1.20872722895136,93.0,100.0,1.3,3698.18319229425,13.07867493139,33.2094258316125,4.20000000566705,10226.7100539683,17816285.0
Kazakhstan,KAZ,2015,1.22549031373856,93.3,100.0,1.7,3050.9438545054,11.2116791211142,30.8547873936113,1.20000000053288,10196.1226255982,18084169.0
Kazakhstan,KAZ,2016,1.23632625847316,93.5,100.0,2.1,3389.09731833891,11.7692010281208,31.9797903606788,1.09999999910173,10151.423313302,18363600.0
Kazakhstan,KAZ,2017,1.24716079564396,93.8,100.0,2.0,3404.26707460291,12.1409198865254,32.3252253010728,4.10000000257358,10404.2718646317,18651931.0
Kazakhstan,KAZ,2018,1.25799207319332,94.0,100.0,1.9,3814.13873379292,12.1155235587562,33.4962004017876,4.09999999309841,10670.2120148279,18932727.0
Kazakhstan,KAZ,2019,1.26882246175501,94.0,100.0,1.9,3753.15793323889,11.3909406022159,33.028795913527,4.50000000091883,10989.6840718388,19209555.0
Kazakhstan,KAZ,2020,1.27965329481053,94.2,100.0,1.8,3388.38789091494,11.5744967551524,33.0977971542858,-2.49999999628,10565.0359816235,19482117.0
Kazakhstan,KAZ,2021,1.29048383153684,94.2,100.0,2.0,3540.40029844449,12.2524647603581,35.2669295966944,4.29999999729456,10873.3915275276,19743603.0
Kazakhstan,KAZ,2022,1.3013145534689,94.1,100.0,,3506.54555005386,12.3050866627844,34.9793974237581,3.19999999970734,11058.3482413407,20034609.0
Kazakhstan,KAZ,2023,1.31214516427751,94.2,100.0,,3650.54759330848,12.5643331681924,32.4284843310401,5.09999999973641,11453.3952725363,20330104.0
Kenya,KEN,2000,6.95995712829884,1.7,15.2,76.8,460.259557885245,0.290677543795641,15.0158560285564,0.599695390807426,1195.41296851656,30642890.0
Kenya,KEN,2001,6.89936570966722,2.1,17.0,78.3,452.428455522956,0.26100621869581,15.3096240912508,3.77990649795343,1202.29348759987,31619170.0
Kenya,KEN,2002,6.8387742910356,2.5,18.9,78.8,445.351766080328,0.245465741018151,15.4535611803669,0.546859530175595,1171.4262517349,32629808.0
Kenya,KEN,2003,6.77818287240398,3.0,16.0,81.6,435.103052843273,0.214880306718519,15.6231500412624,2.93247554570904,1169.14433674051,33652223.0
Kenya,KEN,2004,6.71759145377236,3.4,22.6,80.3,449.67502007767,0.231964810186713,16.2050773387406,5.10429977629738,1191.25443604556,34713455.0
Kenya,KEN,2005,6.65700003514074,3.9,24.5,79.2,453.624918249435,0.252147669028053,17.0126260396617,5.90666607980057,1223.44738472019,35796484.0
Kenya,KEN,2006,6.59640861650912,4.5,26.4,77.6,459.858505198544,0.270940760689191,19.3841059353688,6.47249430015484,1263.54164666211,36904008.0
Kenya,KEN,2007,6.5358171978775,5.1,28.3,78.2,456.223752941816,0.262922185302275,19.3021680815154,6.85072976998784,1309.91092948216,38036349.0
Kenya,KEN,2008,6.47522577924588,5.8,30.3,78.2,456.15344235827,0.269606829771024,18.5827717274425,0.232282744812977,1273.77226103073,39206351.0
Kenya,KEN,2009,6.41463436061426,6.4,23.0,75.6,470.588388726011,0.308699389943664,18.386624667775,3.30693981631089,1276.73503486074,40408891.0
Kenya,KEN,2010,6.35404294198264,7.1,19.2,74.0,469.595821222952,0.324116934124197,18.5746727706851,8.05847360290906,1340.16467408856,41598567.0
Kenya,KEN,2011,6.32103524616087,7.9,36.2,74.7,472.715162690229,0.324518228099931,19.6629008334867,5.1211061197056,1370.58000874482,42758461.0
Kenya,KEN,2012,6.28802755033911,8.8,38.1,76.2,462.749845582612,0.293759364539568,19.26155255789,4.56867961444982,1396.30178709756,43888303.0
Kenya,KEN,2013,6.25501985451734,9.9,40.1,74.3,471.435474475568,0.308839543589584,19.0802591143975,3.7978483925754,1413.94142522583,44986791.0
Kenya,KEN,2014,6.22201215869558,11.2,36.0,71.8,497.485664126512,0.341036024063525,19.0360328023672,5.02011100232484,1450.59338202277,46051440.0
Kenya,KEN,2015,6.16780662377195,12.6,41.6,69.2,530.458901047223,0.361032749251909,18.8940456983605,4.96772112759767,1489.11959777284,47088526.0
Kenya,KEN,2016,6.19833694004437,14.2,53.1,68.3,533.407778503543,0.384366853070731,18.1621592865164,4.21351706814744,1517.97796057742,48139687.0
Kenya,KEN,2017,6.22865954160824,16.1,55.8,68.1,538.606903918261,0.391204755110222,17.5035092078691,3.83795817364721,1542.33773973372,49197766.0
Kenya,KEN,2018,6.25877654107482,18.0,61.2,68.7,546.495296692888,0.381159185292234,17.313146131064,5.64794640709219,1596.69045914945,50207107.0
Kenya,KEN,2019,6.23762944896123,20.6,69.7,68.1,543.883187157453,0.380387200105182,16.9305452274709,5.11415885767801,1645.70961777862,51202827.0
Kenya,KEN,2020,6.21662477880402,23.05,71.5,69.0,534.753957479746,0.367016056392308,17.4002876322786,-0.272766327438816,1609.33414078281,52217334.0
Kenya,KEN,2021,6.21662477880402,25.8,76.5,67.7,539.778643234306,0.404281044163676,17.1524357767952,7.59048947333467,1698.89578271444,53219166.0
Kenya,KEN,2022,6.21662477880402,28.5,76.0,,541.12804988998,0.405006512054817,17.5274480968435,4.85998104287999,1747.53198804428,54252461.0
Kenya,KEN,2023,6.21662477880402,31.6,76.2,,544.940571966597,0.3843202596187,17.1222148239844,5.71999241214208,1811.21651838425,55339003.0
Kiribati,KIR,2000,1.45679012345679,0.7,55.6,54.7,,0.365634839131956,11.6259006310839,6.74266531257052,1555.58190420161,88613.0
Kiribati,KIR,2001,1.45679012345679,0.8,57.3,56.4,,0.32324126861128,12.2821953709095,-3.14412917759699,1477.951639475,90335.0
Kiribati,KIR,2002,1.45679012345679,0.9,59.0,53.0,,0.468221624902454,11.613827046897,1.44715494184476,1467.99259660077,92264.0
Kiribati,KIR,2003,1.45679012345679,1.0,60.7,50.5,,0.474648261215822,10.1856785309025,-1.57546689217141,1415.54564772956,94175.0
Kiribati,KIR,2004,1.45679012345679,1.2,62.4,50.5,83.2596138835406,0.482905760524536,8.95312920919141,-0.608967597152244,1378.9582420937,96085.0
Kiribati,KIR,2005,1.45679012345679,1.4,69.7,48.5,81.6035089508849,0.628347018921814,8.42015582448247,1.29243029465849,1368.99716100101,98035.0
Kiribati,KIR,2006,1.45679012345679,1.6,68.8,48.1,99.9830028895088,0.661887479128548,9.76537798158119,5.77693449836185,1419.38709899471,100017.0
Kiribati,KIR,2007,1.45679012345679,1.9,67.7,48.4,107.771289728416,0.603519222479132,11.3340080213383,3.05507981566669,1433.3573454448,102068.0
Kiribati,KIR,2008,1.45679012345679,2.2,69.4,49.7,,0.658210358657481,11.0150397953615,-2.98473121631831,1361.83587176171,104222.0
Kiribati,KIR,2009,1.45679012345679,2.5,64.2,50.4,,0.545708999032564,10.5783627345128,0.536801194648319,1340.27593200253,106467.0
Kiribati,KIR,2010,1.45679012345679,3.0,63.2,50.1,,0.562076832499264,11.9776131472528,1.2259519892488,1328.78764145125,108704.0
Kiribati,KIR,2011,1.45679012345679,3.5,74.9,50.5,,0.515151789022748,13.2156381400186,3.26372719532225,1348.06011226744,110647.0
Kiribati,KIR,2012,1.45679012345679,4.1,76.7,48.7,,0.496954151971786,13.4930209021933,5.80365974645258,1405.50280446236,112284.0
Kiribati,KIR,2013,1.45679012345679,4.7,78.8,46.2,,0.527943217554771,14.3769824347141,7.73092188699647,1493.49134858915,113838.0
Kiribati,KIR,2014,1.45679012345679,5.5,83.4,48.0,,0.526334044361202,14.115070360461,1.26366268044595,1492.8506819325,115326.0
Kiribati,KIR,2015,1.45679012345679,6.3,90.6,47.5,,0.533321919274066,14.7267735467294,11.2653312371772,1639.85274740652,116815.0
Kiribati,KIR,2016,1.45679012345679,7.1,92.6,48.1,,0.57225814075187,14.6506389824021,7.08802960050427,1731.43693824902,118478.0
Kiribati,KIR,2017,1.45679012345679,8.3,85.7,42.5,,0.574516732488048,12.4167579233588,3.74913001948165,1769.51191332519,120275.0
Kiribati,KIR,2018,1.45679012345679,9.4,87.5,42.3,,0.621703089675961,11.0818123847419,3.47943880004293,1803.94864980951,122084.0
Kiribati,KIR,2019,1.45679012345679,10.7,89.3,42.2,,0.614100919133964,9.56440607223913,3.26425930432951,1835.21963082467,123921.0
Kiribati,KIR,2020,1.45679012345679,11.9,91.0,42.2,,0.584461415237234,9.86434176063188,-1.46805538131593,1777.0447605811,126099.0
Kiribati,KIR,2021,1.45679012345679,13.3,92.8,42.2,,0.627059364216332,10.7795268669017,8.47973787138213,1893.52661599343,128377.0
Kiribati,KIR,2022,1.45679012345679,14.6,94.4,41.9,,0.580980922671286,10.6026974808208,4.56632593100372,1948.24312238625,130469.0
Kiribati,KIR,2023,1.45679012345679,16.4,95.9,,,0.573455066777333,11.4550652843384,2.65201087489879,1968.80973802094,132530.0
"Korea, Dem. People's Rep.",PRK,2000,53.6059297400548,1.3,,8.7,833.135926035272,3.11867576611252,,,,23665910.0
"Korea, Dem. People's Rep.",PRK,2001,53.4296154804418,1.6,,8.6,855.308188837363,3.21947711220633,,,,23815358.0
"Korea, Dem. People's Rep.",PRK,2002,53.2533012208288,1.8,,9.0,817.139377772628,3.06728962649599,,,,23943973.0
"Korea, Dem. People's Rep.",PRK,2003,53.0769869612158,2.1,,9.3,831.404593215752,3.11253288657132,,,,24090380.0
"Korea, Dem. People's Rep.",PRK,2004,52.9006727016029,2.5,,9.4,845.078255840803,3.1550105065182,,,,24254943.0
"Korea, Dem. People's Rep.",PRK,2005,52.7243584419899,3.0,,9.2,874.547570755458,3.2684040326715,,,,24396433.0
"Korea, Dem. People's Rep.",PRK,2006,52.5480441823769,3.4,,9.0,878.701770260996,3.31295140815675,,,,24524507.0
"Korea, Dem. People's Rep.",PRK,2007,52.3717299227639,3.9,,10.9,742.749190277876,2.7584412690495,,,,24646383.0
"Korea, Dem. People's Rep.",PRK,2008,52.1954156631509,4.5,,10.2,814.468872858035,3.00746007873007,,,,24764618.0
"Korea, Dem. People's Rep.",PRK,2009,52.0191014035379,5.1,26.0,10.4,778.335567143127,2.88086837976115,,,,24878332.0
"Korea, Dem. People's Rep.",PRK,2010,51.8427871439249,5.7,29.3,11.0,752.365886787198,2.76311230307863,,,,24987258.0
"Korea, Dem. People's Rep.",PRK,2011,51.6664728843119,6.2,31.4,14.8,563.185425780586,2.02453403025292,,,,25097874.0
"Korea, Dem. People's Rep.",PRK,2012,51.4901586246989,6.8,33.6,15.4,549.906642052429,1.94440063767148,,,,25211728.0
"Korea, Dem. People's Rep.",PRK,2013,51.313844365086,7.3,35.7,20.8,439.807523596631,1.49661356655539,,,,25329451.0
"Korea, Dem. People's Rep.",PRK,2014,51.137530105473,8.0,37.8,18.5,471.17031915804,1.63490910588245,,,,25451262.0
"Korea, Dem. People's Rep.",PRK,2015,50.96121584586,8.7,40.0,22.6,372.798087935995,1.27678018091639,,,,25575350.0
"Korea, Dem. People's Rep.",PRK,2016,50.7848185366664,9.3,42.1,24.0,409.40016933224,1.40192400080846,,,,25698326.0
"Korea, Dem. People's Rep.",PRK,2017,50.6104144174072,9.9,44.2,10.2,768.533125595482,2.84853702549672,,,,25817709.0
"Korea, Dem. People's Rep.",PRK,2018,50.436010298148,10.7,46.3,11.9,700.51333125908,2.56049221424721,,,,25931147.0
"Korea, Dem. People's Rep.",PRK,2019,50.2533012208288,11.4,48.4,10.0,763.672802269615,2.81942305659747,,,,26037632.0
"Korea, Dem. People's Rep.",PRK,2020,50.0788971015696,12.1,50.5,11.2,726.927801005035,2.64172695826404,,,,26136312.0
"Korea, Dem. People's Rep.",PRK,2021,49.9044929823104,13.1,52.6,14.7,619.354172479083,2.18395218700565,,,,26232534.0
"Korea, Dem. People's Rep.",PRK,2022,49.7300888630512,13.6,54.7,,640.514278027031,2.27140993081922,,,,26328845.0
"Korea, Dem. People's Rep.",PRK,2023,49.5507017689561,14.5,57.5,,,2.48536198751437,,,,26418204.0
"Korea, Rep.",KOR,2000,67.1366369479577,100.0,100.0,0.7,3952.36285253717,9.9217579706617,34.4229063389868,9.2018583880479,17763.1353417297,47008111.0
"Korea, Rep.",KOR,2001,66.8503204465578,100.0,100.0,0.7,3923.08094343002,10.0719727295012,33.0800816843361,4.72593560322356,18460.4288193829,47370164.0
"Korea, Rep.",KOR,2002,66.7238351069325,100.0,100.0,0.7,4093.47640135718,10.3782797747059,32.6882805185377,7.74399895319569,19775.3800655139,47644736.0
"Korea, Rep.",KOR,2003,66.625,100.0,100.0,0.8,4137.64649746404,10.5024332706302,32.9945976929668,3.07472661826947,20278.0406421178,47892330.0
"Korea, Rep.",KOR,2004,66.5193141912828,100.0,100.0,0.8,4255.20021526328,10.8037309775721,34.6033711629612,5.1836368597334,21244.8136800528,48082519.0
"Korea, Rep.",KOR,2005,66.4068146618482,100.0,100.0,0.9,4324.50929706891,10.7084009751588,34.0824608322854,4.35823667337156,22123.7613066851,48184561.0
"Korea, Rep.",KOR,2006,66.2943848059455,100.0,100.0,0.9,4337.55103463972,10.8117127664204,33.5291229527825,5.24500550580342,23162.1860111297,48438292.0
"Korea, Rep.",KOR,2007,66.1751960379695,100.0,100.0,1.0,4487.98132629667,11.1126206303646,33.4934744112004,5.8419633918717,24391.7651013448,48683638.0
"Korea, Rep.",KOR,2008,66.0356737808021,100.0,100.0,1.1,4512.96932152779,11.2602688410662,32.5801769931808,3.00440451679569,24934.5396367691,49054708.0
"Korea, Rep.",KOR,2009,65.8963527714816,100.0,100.0,1.2,4557.69756825002,11.2836813865383,33.0718219588777,0.81986175641795,25009.9148311999,49307835.0
"Korea, Rep.",KOR,2010,65.7098765432099,100.0,100.0,1.3,4920.34159542887,12.3690482033055,34.4083287071276,6.98166138853071,26623.0487122927,49554112.0
"Korea, Rep.",KOR,2011,65.6137462701924,100.0,100.0,1.4,5114.96282558864,12.9702684429817,34.8688946576209,3.6880320602952,27393.455357272,49936638.0
"Korea, Rep.",KOR,2012,65.4300688521221,100.0,100.0,1.6,5122.94213308196,12.8528563619499,34.7007966708538,2.54766550568242,27944.0564190045,50199853.0
"Korea, Rep.",KOR,2013,65.2495227146758,100.0,100.0,1.9,5108.23633855207,12.7317329769662,35.1987111905484,3.2913959543442,28732.711152033,50428893.0
"Korea, Rep.",KOR,2014,65.1442060966848,100.0,100.0,2.9,5136.98533019492,12.4261677995393,35.0245177739824,3.21468019683108,29470.6732991655,50746659.0
"Korea, Rep.",KOR,2015,65.0315562625071,100.0,100.0,2.7,5239.00345362778,12.6198190502874,35.113231110723,2.92029267301234,30171.7906545222,51014947.0
"Korea, Rep.",KOR,2016,64.8791145667716,100.0,100.0,2.6,5390.84042635905,12.6677788190173,35.226493712639,3.17152748983935,31005.4072876388,51217803.0
"Korea, Rep.",KOR,2017,64.783099169316,100.0,100.0,2.8,5467.82224967457,12.952944838832,35.6298842658067,3.433191763972,31979.9027302467,51361911.0
"Korea, Rep.",KOR,2018,64.6739130434783,100.0,100.0,3.2,5531.77957372505,13.1917269531809,34.9767074768513,3.17611568177327,32852.8887488942,51585058.0
"Korea, Rep.",KOR,2019,64.5184426229508,100.0,100.0,3.2,5334.67385872126,12.6531894575046,33.6464921028153,2.31380210595475,33496.3113815643,51764822.0
"Korea, Rep.",KOR,2020,64.4159836065574,100.0,100.0,3.6,5195.91011087811,11.9094442789339,33.3563261777639,-0.700242317542106,33215.9298928108,51836239.0
"Korea, Rep.",KOR,2021,64.3135245901639,100.0,100.0,3.6,5513.62830573477,12.3387268331673,33.152604676808,4.61296795454287,34792.9397214598,51769539.0
"Korea, Rep.",KOR,2022,64.2110655737705,100.0,100.0,,5411.97477731382,11.8737409785064,32.5112580507246,2.72756456708991,35809.0138105144,51672569.0
"Korea, Rep.",KOR,2023,64.108606557377,100.0,100.0,,5336.92485966157,11.4162657281001,32.5234690063974,1.58301467403629,36347.7036392553,51712619.0
Kosovo,XKX,2000,,,,,856.943688546918,,,,,1802493.0
Kosovo,XKX,2001,,,,,1044.87065723301,,,,,1820009.0
Kosovo,XKX,2002,,,,,1035.03652986506,,,,,1829462.0
Kosovo,XKX,2003,,,,,1091.49742065686,,,,,1826434.0
Kosovo,XKX,2004,,,,,1099.83250794257,,,,,1822773.0
Kosovo,XKX,2005,,,,,1070.06721463477,,,,,1818354.0
Kosovo,XKX,2006,,,,,1084.46350103884,,,,,1813079.0
Kosovo,XKX,2007,,,,,1131.46798118969,,,,,1807094.0
Kosovo,XKX,2008,,,,,1230.09754239368,,27.0433986441086,,2543.59926351696,1800858.0
Kosovo,XKX,2009,,,,,1356.38701251086,,27.9905418756324,5.03485413839893,2680.86121521141,1794681.0
Kosovo,XKX,2010,,,,,1394.78002150113,,27.0411983160464,4.93995095961395,2822.63359634011,1788743.0
Kosovo,XKX,2011,,,,,1410.72541685059,,27.5148247197483,6.31981022896761,2995.64952029477,1791949.0
Kosovo,XKX,2012,,,,,1310.3856620955,,27.508476689053,1.71219595890548,3021.35142613995,1807126.0
Kosovo,XKX,2013,,,,,1296.69455079673,,27.1872162974146,5.34079911900278,3163.47189486431,1818119.0
Kosovo,XKX,2014,,,,,1219.31522053323,,26.5170668316715,3.34880478431623,3279.02499043758,1812788.0
Kosovo,XKX,2015,,,,,,,26.9432328185615,5.91623128345211,3520.62850699375,1788274.0
Kosovo,XKX,2016,,,,,,,26.8584265970502,5.57177504731632,3739.17562318261,1777568.0
Kosovo,XKX,2017,,,,,,,27.5275719677758,4.82565565298054,3890.17807271082,1791019.0
Kosovo,XKX,2018,,,,,,,27.9083585287373,3.40663227056285,4009.12140760339,1797086.0
Kosovo,XKX,2019,,,,,,,27.0883844668186,4.75680057007834,4219.06693858503,1788891.0
Kosovo,XKX,2020,,,,,,,27.5584566251826,-5.34027547826166,3990.94613053859,1790151.0
Kosovo,XKX,2021,,,,,,,27.4491619936227,10.7456560819583,4429.87597525975,1786079.0
Kosovo,XKX,2022,,,,,,,27.2441813918075,4.27849895827543,4666.3913779077,1768096.0
Kosovo,XKX,2023,,,,,,,26.3457033566293,4.06762701436438,5102.74914613981,1682668.0
Kuwait,KWT,2000,0.272166105499439,100.0,100.0,0.0,9493.79658571526,28.6596112260188,,4.69458187079211,31341.9780819419,1954709.0
Kuwait,KWT,2001,0.280022446689113,100.0,100.0,0.0,9860.50598409608,29.3184026261366,,0.213332576499354,30573.4284224199,2008121.0
Kuwait,KWT,2002,0.287878787878788,100.0,100.0,0.0,9710.55321576442,29.894552067162,,3.01428315192251,30702.2162068121,2059974.0
Kuwait,KWT,2003,0.295735129068462,100.0,100.0,0.0,10159.9001917272,30.7689391013048,,17.3260204175143,35169.6335737863,2109881.0
Kuwait,KWT,2004,0.303591470258137,100.0,100.0,0.0,10969.8036910729,31.975599354755,,10.2402980586354,37918.5405829238,2157320.0
Kuwait,KWT,2005,0.311447811447811,100.0,100.0,0.0,12017.9810258331,34.5288422505843,,10.6090449840228,40451.2551656974,2236788.0
Kuwait,KWT,2006,0.319304152637486,100.0,100.0,0.0,10451.2180900059,33.802251670696,,7.51477300024021,41137.969927672,2364733.0
Kuwait,KWT,2007,0.327160493827161,100.0,100.0,0.0,9522.59021417333,31.1914372537519,,5.99157551059315,41113.8693942735,2507887.0
Kuwait,KWT,2008,0.335016835016835,100.0,100.0,0.0,10648.7276277184,31.5351654829618,,2.47975694278544,39852.5129115699,2651421.0
Kuwait,KWT,2009,0.34287317620651,100.0,100.0,0.0,10529.4946836104,30.5211548340109,,-7.07605643073411,35124.0853941026,2795484.0
Kuwait,KWT,2010,0.350729517396184,100.0,100.0,0.0,11311.9365859367,29.4966453441835,66.0655582815397,-2.37054804425912,32568.4981754501,2943372.0
Kuwait,KWT,2011,0.350729517396184,100.0,100.0,0.0,10504.8801729128,29.3265415693367,72.7249733972566,9.62863419534361,33545.346271839,3132814.0
Kuwait,KWT,2012,0.350729517396184,100.0,100.0,0.0,10424.3416746399,27.5578052739662,74.8123207433144,6.62587485078971,33578.3309651964,3337109.0
Kuwait,KWT,2013,0.350729517396184,100.0,100.0,0.0,9775.19621173225,26.7612812884495,73.0986938777857,1.14946552780648,32311.1800008536,3507844.0
Kuwait,KWT,2014,0.350729517396184,100.0,100.0,0.0,8681.35167846512,25.1870221469575,70.5483167543953,0.500914669444924,31073.1537300624,3665876.0
Kuwait,KWT,2015,0.350729517396184,100.0,100.0,0.0,9731.54449633626,24.9282188842881,55.9358456541559,0.592770817217982,29882.2126495698,3834574.0
Kuwait,KWT,2016,0.350729517396184,100.0,100.0,0.0,9684.89135568875,24.5748353685826,52.134780154177,2.92607584256388,29454.4426388829,4004096.0
Kuwait,KWT,2017,0.350729517396184,100.0,100.0,0.0,9526.71485045218,23.4582455235038,55.6192158978196,-4.71222270495362,27048.3706935958,4154812.0
Kuwait,KWT,2018,0.350729517396184,100.0,100.0,0.0,9772.0088330557,22.9164695855109,60.1276537174576,2.74333045031415,26706.0191660864,4323515.0
Kuwait,KWT,2019,0.350729517396184,100.0,100.0,0.1,8352.78024104055,21.7968059903888,57.7186566770031,2.26381706595791,26580.2264741607,4442316.0
Kuwait,KWT,2020,0.350729517396184,100.0,100.0,0.1,8871.9407246336,21.1232409306072,48.4612101735294,-4.81731593381585,25541.5378987908,4400267.0
Kuwait,KWT,2021,0.350729517396184,100.0,100.0,0.1,8570.59391176127,22.9081845000934,58.3067931153035,1.67213054307859,26203.2617257856,4360865.0
Kuwait,KWT,2022,0.350729517396184,100.0,100.0,,9129.59798629005,22.3585581710822,65.7663289580606,6.75866711966617,26579.8321646876,4589643.0
Kuwait,KWT,2023,0.350729517396184,100.0,100.0,,,22.6972114508944,60.2941364651985,-1.6672059801285,24716.196765637,4853420.0
Kyrgyz Republic,KGZ,2000,6.15693430656934,53.3,99.6,35.2,473.380207144503,0.979490695052754,29.1996199376661,5.44333663288322,718.342832397662,4898362.0
Kyrgyz Republic,KGZ,2001,6.18236704900939,54.9,99.5,36.0,435.881289136656,0.815154801557025,26.8324889860388,5.32162141190466,749.423779561565,4945073.0
Kyrgyz Republic,KGZ,2002,6.20779979144943,57.0,100.0,28.3,485.300857386353,1.00955696831549,21.3137031159609,-0.0173246130360667,742.44300111832,4990704.0
Kyrgyz Republic,KGZ,2003,6.23323253388947,58.5,99.4,30.5,511.249605075318,1.12225943765481,20.2432676693128,7.03029319731168,786.350474964134,5043308.0
Kyrgyz Republic,KGZ,2004,6.25866527632951,60.5,99.3,27.7,497.875476414423,1.09912153729309,21.6893695542269,7.02681242497607,831.482103944381,5104713.0
Kyrgyz Republic,KGZ,2005,6.28409801876955,62.5,99.4,28.0,498.539409578874,1.0872925479987,19.9674526656306,-0.175515404044219,820.709519437592,5162640.0
Kyrgyz Republic,KGZ,2006,6.30953076120959,64.5,98.9,27.8,485.424849059713,1.07127259780012,17.5544661208558,3.10289874199981,837.138026647346,5218373.0
Kyrgyz Republic,KGZ,2007,6.33496350364964,66.4,99.5,24.5,560.621207010433,1.27961415120573,16.6822999949964,8.54287477507607,900.02796489729,5268385.0
Kyrgyz Republic,KGZ,2008,6.36039624608968,68.2,99.5,22.0,593.947817714401,1.47100933324484,20.4289120967446,8.40161604861429,966.409971184817,5318729.0
Kyrgyz Republic,KGZ,2009,6.38582898852972,69.7,99.5,24.7,535.174330847579,1.30648727568783,23.6357293329934,2.88629457537731,981.220904665529,5389643.0
Kyrgyz Republic,KGZ,2010,6.41126173096976,71.3,99.0,25.6,503.615577108919,1.20827304040436,26.2652737926744,-0.471566596791618,962.764789828724,5467059.0
Kyrgyz Republic,KGZ,2011,6.43433785192909,72.4,98.3,26.0,596.801790099001,1.42500243843647,27.4490880946162,5.95627429693504,1005.4831781815,5546587.0
Kyrgyz Republic,KGZ,2012,6.45741397288842,73.7,99.8,22.4,731.356416357898,1.84730353944285,22.2571297250342,-0.0881501998439376,985.8472865972,5652076.0
Kyrgyz Republic,KGZ,2013,6.48049009384776,74.5,98.9,24.8,674.45237437711,1.67670910396995,24.843594671242,10.9154694528045,1069.78404438716,5777150.0
Kyrgyz Republic,KGZ,2014,6.50356621480709,75.5,99.8,26.6,691.53854362528,1.68334843700684,23.8882289228189,4.02403863083252,1088.58214229508,5905848.0
Kyrgyz Republic,KGZ,2015,6.52664233576642,76.3,98.7,23.5,659.12770366868,1.70796995249697,25.0780623169816,3.87582544512439,1105.65193844261,6040036.0
Kyrgyz Republic,KGZ,2016,6.54973931178311,76.6,99.7,22.2,624.353480068472,1.57746831023662,26.5464240007793,4.33585592190116,1128.3161612818,6175338.0
Kyrgyz Republic,KGZ,2017,6.57280604796663,77.4,100.0,24.7,609.705598460026,1.5280901441896,27.3080934715766,4.73993722377884,1157.18275758067,6306696.0
Kyrgyz Republic,KGZ,2018,6.66788321167883,77.8,100.0,23.4,707.081191051891,1.78020784661392,27.4785136821163,3.75791013557165,1175.0712778747,6444079.0
Kyrgyz Republic,KGZ,2019,6.76298227320125,78.1,99.9,28.3,609.881986975567,1.55180160392437,26.5803149529246,4.60062565707598,1201.87701429721,6590211.0
Kyrgyz Republic,KGZ,2020,6.85808133472367,78.6,99.9,30.0,562.289152674562,1.38383515228208,26.9042468476068,-7.14897757727955,1093.32856461422,6726596.0
Kyrgyz Republic,KGZ,2021,6.95318039624609,78.9,99.7,27.6,595.833222359916,1.53476225562031,23.7483015677374,5.50700762671923,1132.5546781282,6851224.0
Kyrgyz Republic,KGZ,2022,7.04827945776851,79.1,99.7,,645.014246171812,1.5054865652983,24.1941421977643,8.96750520041391,1212.17812721768,6975220.0
Kyrgyz Republic,KGZ,2023,7.14337851929093,79.6,100.0,,,1.44095214620233,23.5839337797005,9.0132928339342,1298.25724482211,7099750.0
Lao PDR,LAO,2000,75.498266897747,1.3,42.6,81.5,296.828433223862,0.172061042728584,16.4770694017999,5.79878232861959,917.228038617529,5431212.0
Lao PDR,LAO,2001,75.2883448873484,1.4,45.3,81.1,305.203788340763,0.186381120141295,16.9937147919347,5.75141287983195,954.123505414634,5521482.0
Lao PDR,LAO,2002,75.0784228769497,1.5,46.3,80.2,308.964836465676,0.20574279762084,18.3826897329941,5.91874368370564,994.492241963795,5610889.0
Lao PDR,LAO,2003,74.8685008665511,1.7,48.0,78.7,314.0195746722,0.210602243440398,20.1201441501939,6.06700230344272,1038.71192767783,5697945.0
Lao PDR,LAO,2004,74.6585788561525,1.8,53.5,74.0,319.062906873054,0.217585848686857,19.3595097686057,6.35769548008234,1088.76034728831,5781626.0
Lao PDR,LAO,2005,74.4486568457539,2.1,57.2,73.9,324.856817488689,0.221926040668041,23.2287895606829,7.10756836811267,1148.68153852071,5869523.0
Lao PDR,LAO,2006,74.2387348353553,2.3,57.0,69.8,349.385020841441,0.28652401395224,26.1754512486046,8.61926620832807,1228.08927619923,5963200.0
Lao PDR,LAO,2007,74.0288128249567,2.6,55.0,70.7,377.457251010717,0.298205023714399,25.3930205228552,7.59682880054878,1301.08597549864,6056236.0
Lao PDR,LAO,2008,73.8188908145581,2.9,66.0,69.3,406.727596705488,0.343065642386553,26.9497231702456,7.82490276337012,1381.73754223953,6148969.0
Lao PDR,LAO,2009,73.6089688041594,3.2,67.4,66.4,420.269670847966,0.423077773444872,25.163093788149,7.50177491225853,1463.3379666846,6241642.0
Lao PDR,LAO,2010,73.3990467937608,3.5,70.2,64.8,425.369477265063,0.467525939369713,30.4660210858755,8.52690551739717,1564.91068311647,6334194.0
Lao PDR,LAO,2011,73.2495667244367,3.9,70.0,63.6,424.226591651912,0.486447711772495,30.815970194642,8.03865268023725,1666.40086189871,6426590.0
Lao PDR,LAO,2012,73.1000866551126,4.3,76.4,62.4,430.517609314187,0.511690636170271,32.4366446720109,8.02609843461283,1774.63585203672,6518978.0
Lao PDR,LAO,2013,72.9506065857886,4.8,79.3,58.6,446.093067662227,0.596607216188438,30.4277075542967,8.02630022699017,1890.27861294875,6611385.0
Lao PDR,LAO,2014,72.8011265164645,5.2,82.5,58.2,458.192519798491,0.654511028510084,28.815000545489,7.61196343979319,2006.31195444447,6703172.0
Lao PDR,LAO,2015,72.6516464471404,5.7,89.7,53.3,602.339548780014,1.31255012574164,27.6933442499915,7.27006584373785,2121.01339097363,6801645.0
Lao PDR,LAO,2016,72.5021663778163,6.3,89.0,51.7,754.130255846522,2.29721448088974,28.7595046372574,7.02283625501138,2234.76098741846,6908802.0
Lao PDR,LAO,2017,72.3526863084922,6.9,93.6,50.6,811.84123029479,2.74206282655521,30.91247539947,6.8925308726989,2351.57441747595,7018147.0
Lao PDR,LAO,2018,72.2032062391681,7.4,92.9,50.2,805.88201068311,2.78650036580858,31.533192488879,6.24796000755872,2459.97874636195,7128045.0
Lao PDR,LAO,2019,72.053726169844,8.1,98.4,50.5,782.690308446395,2.67630204116372,31.531381987864,5.4577350924848,2554.95638019245,7237636.0
Lao PDR,LAO,2020,71.9042461005199,8.8,99.3,50.6,701.728790627854,2.645846687138,32.4163678323352,0.503031829018681,2529.74622698761,7346533.0
Lao PDR,LAO,2021,71.7547660311958,9.6,100.0,51.5,727.414717441626,3.19548907488521,34.1299777246213,2.52835100486102,2556.58912640405,7453194.0
Lao PDR,LAO,2022,71.6052859618717,10.3,100.0,49.2,815.086540442856,3.17918742501495,34.1089797342112,2.70742652643155,2589.05015191628,7559007.0
Lao PDR,LAO,2023,71.4558058925477,11.1,96.5,,,3.35860711157858,30.5335808308347,3.74568140158232,2648.88726608035,7664993.0
Late-demographic dividend,LTE,2000,39.5593547515833,53.8699182726501,95.2513038887096,21.6296317925485,1243.97244037144,3.60189515212813,36.4693611115332,7.030202609726,3466.01310620559,2043581322.0
Late-demographic dividend,LTE,2001,39.5423349552341,54.9575334780385,95.9134985246953,20.8661376739642,1270.83653979453,3.68939772426963,36.5985274149812,5.19485819990398,3619.46654540267,2058600486.0
Late-demographic dividend,LTE,2002,39.5244156587177,56.0016659016759,96.2537074525688,20.665536308967,1311.72213895983,3.82881891603299,36.5096374751518,6.05203909370371,3812.59136967467,2072599555.0
Late-demographic dividend,LTE,2003,39.500504665086,57.1014563862629,96.4557227481915,19.5085643879237,1412.49383129478,4.18338685548287,37.0657458232129,6.88089931630806,4048.48471590844,2086139068.0
Late-demographic dividend,LTE,2004,39.4825576268395,58.3887508270292,96.7359835008107,18.0329223717659,1519.7498680093,4.55430308816547,37.7283540806156,8.20035090797739,4352.77899604091,2099412663.0
Late-demographic dividend,LTE,2005,39.4621796965073,59.7567232337118,97.1664597205879,16.8127063266169,1605.78494090757,4.91821465761441,38.1037469747186,7.79648456165867,4662.84590388694,2112603351.0
Late-demographic dividend,LTE,2006,39.4310443201653,61.1106887049095,97.8894700699554,16.2710933355579,1704.47241761981,5.26903887750382,38.3424259031483,9.29146367821868,5063.68908694481,2126122277.0
Late-demographic dividend,LTE,2007,39.4147814308712,62.7186169774034,97.6286750102813,15.5877124923454,1781.98279048798,5.55479788071223,37.7697029296831,10.2058695100739,5544.40085964957,2139958608.0
Late-demographic dividend,LTE,2008,39.3986123086604,64.2634289861015,97.9949263472304,15.0816450798626,1826.94779551746,5.67291749462691,38.034530889155,6.95688641059679,5891.622096914,2153941306.0
Late-demographic dividend,LTE,2009,39.3817994508372,65.9017575993911,97.6887829474675,15.0489853771052,1851.37147627384,5.801226757631,37.6276065425693,3.74138025997479,6074.36748179082,2167303374.0
Late-demographic dividend,LTE,2010,39.3647576435881,67.8530227272962,98.3525114394724,14.227913389653,2005.74933555111,6.25099647060376,38.1085465747622,8.03440086230196,6525.60694866136,2179525352.0
Late-demographic dividend,LTE,2011,39.384238603136,69.7080482424862,98.6260218375387,13.4939401643027,2097.72304541722,6.6771694357772,38.4164179988666,7.17018280493483,6949.99107912565,2193171336.0
Late-demographic dividend,LTE,2012,39.4036864096204,71.796462937997,98.7121889212507,13.5583905267186,2145.6924119263,6.7996309470761,38.1743100604418,5.88596134899939,7305.27620420521,2209319631.0
Late-demographic dividend,LTE,2013,39.4225768911893,73.9016228287233,98.8979674454125,13.6510906148841,2186.14679159202,6.98819757369364,37.3185853573015,5.63982052422607,7662.87637611851,2225005187.0
Late-demographic dividend,LTE,2014,39.4418059975895,76.1865550515488,99.0043394238424,13.7969449361474,2205.14162081843,6.99220864732356,36.8702991332311,5.29102448059173,8010.29794417952,2241122152.0
Late-demographic dividend,LTE,2015,39.4619832288736,78.1170575186487,98.7802217306047,13.7947562846974,2187.20540043473,6.89029215736923,36.1201191380621,4.70788934981915,8331.63270803563,2256126712.0
Late-demographic dividend,LTE,2016,39.4792885027664,79.9927004216327,99.1163496922603,14.1053604502349,2185.87057516295,6.85735322133352,35.0341895231105,4.45093232964513,8646.07589908332,2270841806.0
Late-demographic dividend,LTE,2017,39.4810406677083,81.9282209018955,99.2721123074965,14.3601698499908,2234.2364905706,6.95412251368193,35.2101460748498,5.26220866778336,9041.21609671517,2285870134.0
Late-demographic dividend,LTE,2018,39.4998201303943,83.7269255342653,99.2806763593238,14.7113402854056,2316.73175915485,7.19363947293177,35.8646532733839,5.43978541970205,9481.09349361995,2298394042.0
Late-demographic dividend,LTE,2019,39.5143671806529,85.2001138497893,99.3289771232339,15.1930553100861,2363.09070509826,7.32180660373432,34.9602004407362,4.74705579855315,9886.07149064231,2308878047.0
Late-demographic dividend,LTE,2020,39.5332943455357,86.6985571261654,99.3868589990754,15.8291260683112,2378.76994924751,7.29083625551967,34.4289106941852,0.23606472189222,9878.28626310562,2316152451.0
Late-demographic dividend,LTE,2021,39.5482953595202,87.8967564690471,99.4116181588713,,2529.02041181283,7.65511518182686,35.9797735329914,7.59265524240509,10610.1004840522,2320127638.0
Late-demographic dividend,LTE,2022,39.5641881279218,88.9653604235263,99.4771148303382,,2556.38938271623,7.60831064813456,36.2151811149684,3.28700376545592,10941.5382468571,2323799591.0
Late-demographic dividend,LTE,2023,,89.9592765680458,99.457096381276,,2528.47432600218,7.85165600850428,34.5943740213531,4.42804951199685,11413.7698244462,2326296729.0
Latin America & Caribbean,LCN,2000,50.6537218934046,80.1719842164313,91.7360864277566,28.4987826663039,1175.0909355958,2.59771712595697,32.524623993534,3.6274184698905,6742.02693662191,520272118.0
Latin America & Caribbean,LCN,2001,50.3778080228259,80.9797644214384,92.3325507733976,27.9199322021845,1160.84667157871,2.56476838808799,32.3326387087625,0.531563888025602,6684.07410400188,527572583.0
Latin America & Caribbean,LCN,2002,50.1044185284893,81.6962719438844,92.655446118845,28.526904727315,1187.34971005353,2.53283732618343,33.0100394629443,0.214244416059501,6609.21038163943,534691591.0
Latin America & Caribbean,LCN,2003,49.8284658986109,82.3646206452242,92.7384088334582,29.0446078906691,1206.11748229524,2.55952270600089,32.7257232165992,2.21047263780285,6668.60355308319,541643365.0
Latin America & Caribbean,LCN,2004,49.5525135440555,82.9128671103401,93.2191410103356,28.8693246970421,1233.91518285675,2.64384858831863,33.7942965742316,5.7221986371194,6962.62599800076,548455563.0
Latin America & Caribbean,LCN,2005,49.2765123007479,83.502030447082,93.5227442363084,28.9373842994788,1263.00451427939,2.69542675882435,33.8013695188853,4.09602929826869,7160.79420102627,555120780.0
Latin America & Caribbean,LCN,2006,49.0006096609126,83.9464854802831,94.2593346225013,28.9856660718838,1286.83254463612,2.72845652251084,34.3248495515414,5.2617893739781,7448.60250979921,561751999.0
Latin America & Caribbean,LCN,2007,48.7246581323241,84.3983600528683,94.4765421959323,29.0767468358782,1312.38209714846,2.79172258908552,33.4074469539056,5.28668699848225,7751.40903587761,568345245.0
Latin America & Caribbean,LCN,2008,48.4487310481122,84.7941842384823,95.2230808289009,29.1895755585886,1329.68770965656,2.82785013757327,33.4990761434967,3.69077213691142,7945.73521560181,574908733.0
Latin America & Caribbean,LCN,2009,48.1728039639003,85.1796334356918,95.4266624028369,30.0250169872657,1282.39447369677,2.71418890068631,30.9349023593294,-2.30606868180301,7675.9903619546,581388129.0
Latin America & Caribbean,LCN,2010,47.8968768796884,85.5957526252698,95.8790049109191,29.068340737703,1350.19449797758,2.87822277644003,32.1666359187761,6.16268521254159,8060.79704671081,587752505.0
Latin America & Caribbean,LCN,2011,47.7504198380804,85.9658893840537,96.1841031200508,28.4958595093532,1361.48320329842,2.94234816753586,31.9002209182904,4.39655404168934,8325.46913166974,594086829.0
Latin America & Caribbean,LCN,2012,47.6066593862557,86.3509813444776,96.569234553016,27.9411911085897,1388.58062747204,3.05046654190152,31.2015230347121,2.64401559051115,8455.45328055859,600420316.0
Latin America & Caribbean,LCN,2013,47.4681408241368,86.6412327742482,96.8646822286805,27.7426663261076,1430.04385450086,3.07651164763731,30.7460024860839,2.71578850232505,8595.42651886992,606683307.0
Latin America & Caribbean,LCN,2014,47.3248447815831,87.0430398631233,97.0540254170861,27.7215959010541,1411.81960480812,3.05718932785295,30.3807491321481,1.19550821220653,8610.67003577239,612849401.0
Latin America & Caribbean,LCN,2015,47.1803657683013,87.4008066221983,97.2847276074314,28.2446666189275,1388.6984683666,3.01161034623996,29.7431019277465,0.238232860625814,8547.2373391789,618868462.0
Latin America & Caribbean,LCN,2016,47.0322846268752,87.6782766828718,97.4783821342287,28.8850327404841,1355.89847172152,2.92485125500611,28.8380405729562,-0.729799173418968,8405.14560348327,624737786.0
Latin America & Caribbean,LCN,2017,46.8601747303639,87.9480532943132,97.7105992174177,29.4068241645848,1337.78575142073,2.87877740028326,28.9689112327727,1.55329227272067,8458.83384476335,630414986.0
Latin America & Caribbean,LCN,2018,46.7443529903726,88.2167571926768,97.756715207991,30.252639118551,1303.5956103502,2.77811814725285,29.9962861829886,1.21791319664719,8489.63171792301,635778081.0
Latin America & Caribbean,LCN,2019,46.6197105342579,88.4782015326547,97.9982113870485,30.6248117743588,1313.00500309655,2.76052351195346,29.9860670323363,0.312079320235867,8447.24518593474,640962372.0
Latin America & Caribbean,LCN,2020,46.5008054134841,88.6903827852008,98.1499942926254,34.1964972995889,1218.33545467473,2.45399184970519,30.1850611885851,-6.86063404728556,7812.42544444341,645498186.0
Latin America & Caribbean,LCN,2021,46.3779012956611,88.8775210450793,98.2756305609279,,1288.23688077704,2.64468503466273,32.3285143838797,7.06404255272612,8316.14222192774,649236072.0
Latin America & Caribbean,LCN,2022,46.2606358116724,89.0197186234126,98.5788786006825,,1325.26357876772,2.64191212344237,32.8886249957991,4.08489707535256,8604.53059795142,653108120.0
Latin America & Caribbean,LCN,2023,,89.1755849668465,98.4226177260082,,1460.7553247055,2.65941898658185,32.2156223640504,2.2495421023623,8737.77637787076,657616517.0
Latin America & Caribbean (excluding high income),LAC,2000,51.5168595566649,78.1220768404377,91.0752933457569,29.8286897904667,1080.92495534022,2.36586796560955,28.3718479857157,3.62607141995537,6581.31117825537,462953688.0
Latin America & Caribbean (excluding high income),LAC,2001,51.210399555724,79.0290261922649,91.6904405030152,29.3175361993804,1075.48410746333,2.32283602293354,28.1588275767343,0.142933549539578,6499.33288090151,469463143.0
Latin America & Caribbean (excluding high income),LAC,2002,50.906812454691,79.8287168784934,92.0423596677612,30.1399289410141,1078.1014322393,2.29126139750169,28.7143299136933,0.335934291998541,6434.32879860597,475799008.0
Latin America & Caribbean (excluding high income),LAC,2003,50.6003068829737,80.5719680127459,92.2645525611602,30.6828162403507,1107.45331160533,2.31432520117263,28.2691365384044,2.38729638002798,6503.48118498348,481977727.0
Latin America & Caribbean (excluding high income),LAC,2004,50.2938016537998,81.18147625689,92.689959545234,30.3512892936746,1140.17299371017,2.38675259007246,29.0270732934965,5.28303619127861,6762.11459440306,488032486.0
Latin America & Caribbean (excluding high income),LAC,2005,49.9872409026372,81.8421019367372,93.04014702185,30.5136178049694,1162.63906579858,2.42197770280266,28.816043033277,3.98793536577327,6946.74709329377,494006571.0
Latin America & Caribbean (excluding high income),LAC,2006,49.6807922230799,82.3341530141147,93.7685069423419,30.3257324603332,1182.46449503004,2.46509162526765,29.1269814472693,5.22968859109878,7223.70712678657,499910627.0
Latin America & Caribbean (excluding high income),LAC,2007,49.3742880215328,82.8456226179253,94.0663055310297,30.3326680623936,1205.69258436387,2.52871874509063,28.3736663842399,5.30259334393376,7518.27936660187,505793340.0
Latin America & Caribbean (excluding high income),LAC,2008,49.0678115809805,83.2785053581497,94.8911389721167,30.4410342110117,1228.30439333129,2.55639765334892,28.3604331120729,3.72840193518242,7709.18247419356,511659365.0
Latin America & Caribbean (excluding high income),LAC,2009,48.7613351404283,83.7110848522349,95.0660550330478,31.4816076655373,1183.79197515499,2.4425720431653,26.2921174290678,-2.42374983354138,7438.00793773364,517459947.0
Latin America & Caribbean (excluding high income),LAC,2010,48.4548586998761,84.1768069855751,95.5656140241753,30.791063793122,1234.1678513934,2.59866816141406,26.9852620584046,6.68617840114332,7849.05546645435,523147480.0
Latin America & Caribbean (excluding high income),LAC,2011,48.289824195321,84.5913383410016,95.9136719967164,29.923684115234,1258.26777212768,2.67131910935761,27.3289617097063,4.4260068185209,8108.49237821588,528822706.0
Latin America & Caribbean (excluding high income),LAC,2012,48.1265104622664,85.0291539220921,96.2882383879193,29.3509779416994,1282.41815983366,2.75901329395072,27.0564087801811,2.3429427855651,8210.27585605715,534503260.0
Latin America & Caribbean (excluding high income),LAC,2013,47.9691300306153,85.3483907246117,96.6272723274953,28.8753991496002,1315.57932642754,2.79263311284798,26.0767627748384,2.76886473638966,8349.88402062256,540118712.0
Latin America & Caribbean (excluding high income),LAC,2014,47.8057509358573,85.8039328683409,96.7821493871975,29.1503479276468,1321.30032741197,2.79099302998038,25.5356136427925,1.26970326025739,8370.00694208678,545661592.0
Latin America & Caribbean (excluding high income),LAC,2015,47.6416226767328,86.2111737391096,97.0444842543207,29.3653339575074,1300.85400884582,2.76452896455709,24.6012057193756,0.252853446703966,8308.73911709951,551075145.0
Latin America & Caribbean (excluding high income),LAC,2016,47.475408023373,86.5345444334672,97.2783725152738,30.0701319995524,1276.48916349586,2.69240967712686,23.7942513280376,-0.536114860487686,8184.512260438,556440282.0
Latin America & Caribbean (excluding high income),LAC,2017,47.281239025318,86.8532662526943,97.5494520001496,30.6421659951186,1263.71110497964,2.66478435717252,23.923532686066,1.98152090808898,8264.74819899468,561957179.0
Latin America & Caribbean (excluding high income),LAC,2018,47.1488897319911,87.167159267958,97.5550235798694,31.4749268035603,1248.54006768252,2.57248439958884,24.7899549661664,1.54415671756763,8307.30884340362,567711159.0
Latin America & Caribbean (excluding high income),LAC,2019,47.005137463915,87.4927539617591,97.83219501534,31.7254596724351,1255.0380370917,2.56748999526312,24.6793822981221,0.597515256905496,8275.309631343,573311679.0
Latin America & Caribbean (excluding high income),LAC,2020,46.8664262472668,87.7513296337921,97.9857774825804,34.931181287891,1178.53719381539,2.32921585657966,24.5733619787261,-6.54995286111402,7669.33977303708,578091505.0
Latin America & Caribbean (excluding high income),LAC,2021,46.7241576181147,87.9694755104989,98.1210875680183,,1239.7664335688,2.53612268795096,26.5185471419794,6.90270247216083,8145.29208280277,581884231.0
Latin America & Caribbean (excluding high income),LAC,2022,46.5876139907179,88.1523850110297,98.4626020716217,,1270.31990096235,2.50120011340175,27.1905672578375,3.94705326197962,8412.36598280101,585648822.0
Latin America & Caribbean (excluding high income),LAC,2023,,88.3437913675645,98.2687443423624,,1440.726134907,2.53734435160177,26.8103369133191,2.16624377428548,8532.81169578021,589889543.0
Latin America & the Caribbean (IDA & IBRD countries),TLA,2000,50.8078119972993,80.5417474075948,91.5465023715452,28.5774086987318,1171.84232129386,2.56738624279544,32.4782913516035,3.60284933506787,6609.80119656787,504556065.0
Latin America & the Caribbean (IDA & IBRD countries),TLA,2001,50.5273264951077,81.2719761325367,92.1794951117155,27.9857754927164,1157.84648902858,2.53704493233088,32.1455260615952,0.314256331580779,6536.59948338308,511809816.0
Latin America & the Caribbean (IDA & IBRD countries),TLA,2002,50.2468409929161,81.9397588432275,92.5289426557734,28.6289640352186,1186.75845982195,2.51600207380497,32.7785364631151,0.167706176085275,6458.32117502446,518881965.0
Latin America & the Caribbean (IDA & IBRD countries),TLA,2003,49.9663554907244,82.5551422152096,92.5944126162123,29.1928289531382,1206.31701671154,2.53439175438919,32.4916572804425,2.27430147345248,6518.45556588719,525787222.0
Latin America & the Caribbean (IDA & IBRD countries),TLA,2004,49.6858699885328,83.0499605749739,93.0888207078371,29.0032130411343,1234.61207087584,2.62240918967003,33.7152266480882,5.64927441913522,6799.16603256747,532556401.0
Latin America & the Caribbean (IDA & IBRD countries),TLA,2005,49.4053844863411,83.5939014764176,93.3985919750135,29.1868140682957,1265.66323655308,2.6739363008799,33.8181284981016,4.19751061457903,6997.41671457478,539188798.0
Latin America & the Caribbean (IDA & IBRD countries),TLA,2006,49.1248989841495,84.0033243765902,94.1560638664242,29.2883960377476,1290.11096440141,2.72370995731591,34.4060067539538,5.37451017594167,7284.10053840676,545805913.0
Latin America & the Caribbean (IDA & IBRD countries),TLA,2007,48.8444134819579,84.426148544084,94.3767313243229,29.4162906928946,1316.67999492344,2.7849807652847,33.4816508585826,5.45551079018296,7589.79512008476,552399650.0
Latin America & the Caribbean (IDA & IBRD countries),TLA,2008,48.5639279797662,84.7883649075869,95.1417588634308,29.5066403419618,1333.81356388124,2.82829692422451,33.5707367129959,3.85631836150191,7789.84445398257,558968822.0
Latin America & the Caribbean (IDA & IBRD countries),TLA,2009,48.2834424775746,85.1497429353928,95.3459322821858,30.3669946466489,1285.94177252289,2.71376393264884,30.8013168909006,-2.35282389560321,7519.31125343201,565454932.0
Latin America & the Caribbean (IDA & IBRD countries),TLA,2010,48.0029569753829,85.5459103453107,95.8089207427824,29.4185691870613,1353.99933661826,2.8807545616828,32.1103490173868,6.43352449089936,7913.95492804608,571822092.0
Latin America & the Caribbean (IDA & IBRD countries),TLA,2011,47.8551983733535,85.9014677282242,96.1182240318495,28.7713961731801,1365.7657511768,2.951519665377,31.8991002189057,4.56493996774476,8184.33972606365,578171855.0
Latin America & the Caribbean (IDA & IBRD countries),TLA,2012,47.707439771324,86.2697176663649,96.5092457202988,28.2092931078232,1392.87834671228,3.06052733127104,31.1578957509184,2.71601812049479,8315.26653499428,584524334.0
Latin America & the Caribbean (IDA & IBRD countries),TLA,2013,47.5596811692946,86.5493107846977,96.8091782999087,28.0091335892334,1436.2692291267,3.08721245647022,30.6910339740984,2.80431557598942,8457.50619153367,590809938.0
Latin America & the Caribbean (IDA & IBRD countries),TLA,2014,47.4124462363024,86.9448202625699,97.0005516962811,27.9234565266568,1416.89245854316,3.06942816928259,30.313591156685,1.24740654236351,8473.88677256195,597023419.0
Latin America & the Caribbean (IDA & IBRD countries),TLA,2015,47.2646860022656,87.2955551456013,97.2323920529293,28.4881357094781,1392.78028220718,3.01706290599413,29.5497926192358,0.187808812059515,8404.37747196218,603091701.0
Latin America & the Caribbean (IDA & IBRD countries),TLA,2016,47.1126372603117,87.5701343308668,97.4280893456675,29.1484835734771,1360.20292097194,2.93220733620069,28.5513684608887,-0.74776428360714,8260.3745502491,609017063.0
Latin America & the Caribbean (IDA & IBRD countries),TLA,2017,46.9387975563303,87.8351618632681,97.6633402843345,29.6408830785882,1342.9672254292,2.88515928444545,28.7506009178806,1.62111189870491,8315.64171218597,614776664.0
Latin America & the Caribbean (IDA & IBRD countries),TLA,2018,46.8222116253588,88.1009986682024,97.7078847938323,30.4953793252595,1309.17697568945,2.77760055335507,29.8202298385642,1.30250308015485,8349.28798690798,620274430.0
Latin America & the Caribbean (IDA & IBRD countries),TLA,2019,46.6967592952872,88.3630737779713,97.9522021469941,30.8730849505438,1319.86973926516,2.76780429708375,29.7797350659615,0.28965539868031,8303.9522722113,625467307.0
Latin America & the Caribbean (IDA & IBRD countries),TLA,2020,46.5770753722792,88.5766734727663,98.106453253093,34.4989632470857,1223.85691704459,2.46050867045575,29.951454919328,-6.78294271787128,7684.38521376063,630051021.0
Latin America & the Caribbean (IDA & IBRD countries),TLA,2021,46.4533703526148,88.7648914752994,98.2338083621938,,1295.56255194643,2.64952763186331,32.256175922503,7.26349029603928,8192.97514505256,633862610.0
Latin America & the Caribbean (IDA & IBRD countries),TLA,2022,46.3353421973475,88.9109136403272,98.5448799242171,,1333.08703165238,2.64733723885593,32.9348330980467,4.11782588294029,8477.18379868743,637837815.0
Latin America & the Caribbean (IDA & IBRD countries),TLA,2023,,89.0706556715774,98.3852491204833,,1460.7553247055,2.66346682659578,32.2901870576516,2.32602977369942,8612.78979317984,642397939.0
Latvia,LVA,2000,52.0835007311939,100.0,99.9,35.8,1618.63984186997,3.05416992249372,24.2213861800629,5.84102642353959,6336.38296707987,2367550.0
Latvia,LVA,2001,52.2942131229209,100.0,99.9,35.4,1759.37012358937,3.28140443356709,23.2514546840965,6.46057826727287,6833.4354323157,2337170.0
Latvia,LVA,2002,52.504925514648,100.0,99.8,34.4,1763.47087642626,3.31793333226559,23.3580896046646,7.66548778586991,7443.22944659059,2310173.0
Latvia,LVA,2003,52.715637906375,100.0,99.8,34.3,1890.17674853578,3.45946489332177,22.2766161374927,8.42913257059108,8149.00183600084,2287955.0
Latvia,LVA,2004,52.9263502981021,100.0,99.7,36.1,1961.33307330101,3.51629297934446,22.3401097520348,8.72514341727928,8957.23393555082,2263122.0
Latvia,LVA,2005,53.1370626898292,100.0,99.7,36.3,2022.79776925294,3.58674450006454,21.0400390822509,11.6153178557457,10106.2626157732,2238799.0
Latvia,LVA,2006,53.3477750815562,100.0,99.6,34.0,2114.39349147162,3.84969596868313,21.8741590495671,12.825017846905,11507.4648265658,2218357.0
Latvia,LVA,2007,53.5584874732833,100.0,99.7,33.1,2179.77647892811,4.05135604967448,22.7520647205745,10.4145372792714,12810.0409502542,2200325.0
Latvia,LVA,2008,53.7691998650104,100.0,99.7,33.7,2106.6010583897,3.89409559082212,22.844745207144,-3.38871665849958,12506.6945041012,2177322.0
Latvia,LVA,2009,53.9799122567374,100.0,100.0,38.4,2056.15424051112,3.61956025884485,21.5222929684733,-16.0400195313042,10675.425174228,2141669.0
Latvia,LVA,2010,54.1906246484645,100.0,99.8,33.1,2149.36312781374,4.23345275809216,20.8612025977954,-3.66125859554762,10500.8666223014,2097555.0
Latvia,LVA,2011,54.2527198804378,100.0,99.8,35.5,2066.71476050433,3.99736079222842,21.418901034981,3.03634482668815,11018.5152421583,2059709.0
Latvia,LVA,2012,54.314815112411,100.0,100.0,40.4,2171.07870823934,3.94598880509891,21.4155903391561,7.30524057200897,11971.0107466522,2034319.0
Latvia,LVA,2013,54.3769103443843,100.0,100.0,39.6,2156.58828450936,3.86525804077913,20.8210958976358,2.09609028156248,12353.5386135301,2012647.0
Latvia,LVA,2014,54.4390055763575,100.0,100.0,40.2,2177.02968269444,3.79876034591545,19.6186043266703,2.0949597710559,12731.6771959342,1993782.0
Latvia,LVA,2015,54.5011008083308,100.0,100.0,38.1,2155.8522069549,3.86745667695055,19.7834567448988,3.78336712084972,13321.9753140616,1977527.0
Latvia,LVA,2016,54.5632924614717,100.0,100.0,38.5,2172.43884661611,3.81753444818853,19.1654365749872,2.55168601974034,13787.3367440023,1959537.0
Latvia,LVA,2017,54.6254841146126,100.0,100.0,42.6,2265.21693915892,3.82654532273942,19.7767293914993,3.39894872623931,14382.8612727134,1942248.0
Latvia,LVA,2018,54.6876757677536,100.0,100.0,41.0,2403.49981780927,4.20714476222697,19.3453568005874,4.30971286294503,15120.0698171804,1927174.0
Latvia,LVA,2019,54.7498674208945,100.0,100.0,41.5,2343.51581884881,4.13194121501373,19.5988527886207,0.675372771884227,15328.3859933295,1913822.0
Latvia,LVA,2020,54.8094166800579,100.0,100.0,43.8,2251.38250119088,3.82914774350693,20.3341837659978,-3.46922750780554,14900.7295718866,1900449.0
Latvia,LVA,2021,54.8716053350474,100.0,100.0,44.0,2375.51850702838,3.99598830452802,21.0918306682746,6.94254173062592,16070.1680032322,1884490.0
Latvia,LVA,2022,54.933793990037,100.0,100.0,,2256.11904538867,3.68567769315781,20.581400181885,1.90853419029801,16421.3748596,1879383.0
Latvia,LVA,2023,54.9959826450265,100.0,100.0,,2240.33649708375,3.66319656422698,20.1348662975065,-0.941606068823631,16229.3844520245,1883710.0
Least developed countries: UN classification,LDC,2000,32.3699291619253,6.36274311766133,20.2280542447192,83.8156995400155,287.375812574666,0.180437373647265,24.5772941811354,4.27198485140356,638.39449831344,673630102.0
Least developed countries: UN classification,LDC,2001,32.2054680836804,6.72599053670014,20.9977554017227,83.0408137064604,292.487537765402,0.189407114977917,24.8137663584897,4.89997526252644,653.902811861857,689878805.0
Least developed countries: UN classification,LDC,2002,32.0410070054354,7.07733261055659,22.9818079125835,82.6109209826965,294.217818062946,0.19114233437506,24.7397325131506,5.42174917631306,672.408116961001,707266809.0
Least developed countries: UN classification,LDC,2003,31.8765459271904,7.47277702690656,24.5199238268639,81.4191737213528,298.914581763976,0.203024151584943,24.6317275176674,5.15489452332008,689.669092895827,725111768.0
Least developed countries: UN classification,LDC,2004,31.4484635354556,7.90038908410289,24.9097194152985,80.9903617758661,297.977688513841,0.207452113130761,25.8645864758209,6.54520443364572,717.390630227449,742717957.0
Least developed countries: UN classification,LDC,2005,31.2853955407867,8.30264227376409,26.2711807463561,80.759987018664,299.450087174284,0.212843374554772,27.9839323812661,7.40501143147884,752.258316981262,760741611.0
Least developed countries: UN classification,LDC,2006,31.122123550168,8.78290817783293,29.1393924235058,80.1005342660568,305.286846665704,0.220347264704291,29.5103567653123,6.85942217803215,784.786114587078,779230030.0
Least developed countries: UN classification,LDC,2007,30.9588630128122,9.26028851678211,29.352471209982,78.8471069800247,304.503421622961,0.230821085916373,30.8411964762876,7.25557846757279,822.42722071663,797516000.0
Least developed countries: UN classification,LDC,2008,30.7961984452817,9.77165010867403,30.7412938067805,78.1739617762925,310.460790557082,0.24015615114835,31.1233138892383,6.45426556691304,855.395791284952,816268129.0
Least developed countries: UN classification,LDC,2009,30.6330655150885,10.3001631193047,32.1444306248649,77.0426428856211,317.155737667405,0.25340206175388,27.5623008916293,4.22685817352115,870.835035166982,835687108.0
Least developed countries: UN classification,LDC,2010,30.4688658149969,10.8886859216776,33.0164522875586,75.9030638297872,317.199806716996,0.266295912333668,28.8601751413483,6.33851199773525,904.747247036902,855348118.0
Least developed countries: UN classification,LDC,2011,30.2582144622814,11.49903023082,34.4991777686772,75.2902390351355,322.228437938469,0.276832954796263,30.9185812996353,3.33299155653481,913.190170022172,875685078.0
Least developed countries: UN classification,LDC,2012,27.6794671943066,12.1598975782298,37.8232434782994,74.1186152161421,324.801555309358,0.287448523609255,30.5248610840209,3.30736831222637,921.298988545368,896684951.0
Least developed countries: UN classification,LDC,2013,27.4867355177347,12.8015708818501,38.2306245326965,73.4516390735312,338.939380104651,0.301313182879872,29.6058599366417,5.79229976095579,951.753124130944,918269633.0
Least developed countries: UN classification,LDC,2014,27.2939200906141,13.5681776722687,39.4878234772477,72.8033051049145,340.781929781588,0.314922334053476,28.9272914525198,5.34950229838451,979.192124616685,940284138.0
Least developed countries: UN classification,LDC,2015,27.1009698861512,14.3066169583069,42.3127281274977,72.6420499355701,344.067149268728,0.325557361506868,26.6622444654456,2.75062771857759,982.894810600519,962508256.0
Least developed countries: UN classification,LDC,2016,26.908023845142,15.0767976556929,46.3458332429442,71.7069864304561,348.934115885526,0.349257332022292,27.2625701911978,3.65690967534613,995.154750826763,985414939.0
Least developed countries: UN classification,LDC,2017,26.7187788826033,15.8647526173579,50.2044940868735,70.6528427025745,351.852893124132,0.369251756779031,27.9163736766331,4.4987096336715,1015.62255142587,1008993468.0
Least developed countries: UN classification,LDC,2018,26.5315127039277,16.6809293872755,51.0874202600401,69.6689273124056,351.831571250201,0.377458631240125,29.3534316841047,4.65941908831795,1038.13136576604,1033110314.0
Least developed countries: UN classification,LDC,2019,26.3406366475337,17.4738570153084,52.8787122662405,69.5024909470932,355.663489080734,0.384004381560945,29.6422194842816,4.91325561043519,1063.5016284707,1058013514.0
Least developed countries: UN classification,LDC,2020,26.1518149713316,18.300018657462,54.4736840146264,70.885707743194,356.282674193259,0.367071744098013,28.9295635790402,-0.084161466625801,1037.48119670683,1083636132.0
Least developed countries: UN classification,LDC,2021,25.9616041319248,19.1187935114056,56.1055373553461,,363.08354431143,0.389051086846297,29.4222835631751,2.8680415794319,1042.66310509177,1109175268.0
Least developed countries: UN classification,LDC,2022,25.7722597039924,19.9377811706308,56.7383129284796,,365.276380642804,0.38639306262052,29.4179971708575,4.75099901471464,1067.73895636262,1134585604.0
Least developed countries: UN classification,LDC,2023,,20.7121507903527,58.4341452966049,,,0.378767647173211,29.9830865898442,3.02879949936965,1075.21265110133,1160824674.0
Lebanon,LBN,2000,13.5073313782991,,99.3,4.9,1136.87014459546,3.53598931938817,19.9654112221368,1.34187161970405,5958.97836750301,4329340.0
Lebanon,LBN,2001,13.4992179863148,,99.3,4.6,1199.71023584992,3.7525460492449,20.4307137219529,3.83966927702973,6085.76041420146,4401918.0
Lebanon,LBN,2002,13.4911045943304,,99.3,5.7,1175.25346522376,3.68898515605677,19.1154059296204,3.42314982843781,6207.24133893746,4463504.0
Lebanon,LBN,2003,13.482991202346,,99.2,7.0,1157.2988164132,3.63952510966725,18.3121387283237,3.22709826879041,6319.76518298647,4525508.0
Lebanon,LBN,2004,13.4748778103617,,99.9,6.1,1149.06001925911,3.62889487678395,14.5751663754257,6.67944461641103,6633.75258002393,4599279.0
Lebanon,LBN,2005,13.4667644183773,,99.2,6.4,1079.47193036728,3.54858446679178,14.7600382336009,2.68577931016345,6707.18024635316,4671102.0
Lebanon,LBN,2006,13.458651026393,,99.4,6.4,985.785471251008,3.39584048951661,15.008151375903,1.54951500083213,6696.37428200596,4751136.0
Lebanon,LBN,2007,13.4505376344086,,97.8,7.3,823.875004803328,3.08582491177961,15.5098773512385,9.31062252641144,7179.34520092306,4844118.0
Lebanon,LBN,2008,13.4424242424242,,99.9,5.1,1061.37912293521,3.71794595880824,16.212003826201,9.06912826789082,7701.29823027979,4925354.0
Lebanon,LBN,2009,13.4343108504399,,99.3,4.3,1336.59416990092,4.31860187525276,15.4395167882731,10.232155577776,8375.48851252821,4992287.0
Lebanon,LBN,2010,13.4261974584555,,99.5,5.7,1272.70442631431,4.09800035229092,13.809376206629,7.97513555844932,8955.54336184707,5041288.0
Lebanon,LBN,2011,13.4844574780059,,99.7,6.2,1257.01533623898,4.11737002602031,14.506216070168,0.86733987855277,8936.20027462737,5096020.0
Lebanon,LBN,2012,13.5427174975562,,99.5,5.6,1383.47674048903,4.47632828355561,15.4855197381508,2.56479133680038,8920.8056984673,5235742.0
Lebanon,LBN,2013,13.6009775171065,,99.6,5.9,1238.32383382097,4.02278357415317,16.3437962275105,3.8278734986016,8443.53856528784,5743436.0
Lebanon,LBN,2014,13.6592375366569,,99.7,4.2,1192.55300583176,3.93405377982319,16.2094101272442,2.48406010500743,7830.4151113336,6346990.0
Lebanon,LBN,2015,13.7174975562072,,99.7,4.2,1284.15018153506,4.15689901334406,15.7051846447457,0.462320792597581,7714.1099998804,6472469.0
Lebanon,LBN,2016,13.7761485826002,,99.8,4.0,1356.17702319106,4.40699597979459,15.9539038084869,1.55454940856943,8019.1416913426,6323060.0
Lebanon,LBN,2017,13.8347996089932,,99.9,4.0,1475.80821027467,4.75585896916428,14.9268797796791,0.903028464073813,8305.57405425721,6160128.0
Lebanon,LBN,2018,13.8934506353861,,99.7,4.7,1431.81356091147,4.59444406102218,13.8056023781184,-1.88470575631651,8388.7235123835,5984119.0
Lebanon,LBN,2019,13.9521016617791,,100.0,5.1,1486.47574871806,4.66025747446672,12.4991181838946,-6.91492472851026,8064.04873416236,5794594.0
Lebanon,LBN,2020,14.010752688172,,100.0,6.3,1249.32146308929,3.82658313221911,6.63816639544826,-21.3998996914321,6440.82843092922,5702398.0
Lebanon,LBN,2021,14.069403714565,,100.0,6.8,972.806350423412,2.92316253483224,2.7586320737767,-7.00123862514116,5973.41933892988,5718122.0
Lebanon,LBN,2022,14.128054740958,,100.0,,617.482998993413,1.81652362812428,2.39076209975393,-0.621678970663112,5909.03651555028,5744489.0
Lebanon,LBN,2023,14.1867057673509,,100.0,,,1.87387427333851,2.0863020184691,-0.760584470257314,5834.63415739394,5773493.0
Lesotho,LSO,2000,1.13702239789196,15.9,4.3,56.7,,0.175057500001248,35.1643078480714,3.87554677576694,725.263668707773,2003913.0
Lesotho,LSO,2001,1.13702239789196,17.6,1.3,56.5,,0.182472175617099,37.992056881911,3.56158183392093,752.243212493971,2000853.0
Lesotho,LSO,2002,1.13702239789196,19.0,3.4,56.2,,0.193214045969301,38.7001356295907,0.723836067167127,760.033443180306,1994679.0
Lesotho,LSO,2003,1.13702239789196,20.5,5.4,55.9,,0.197475238771241,36.4702881221952,4.55977716384528,798.540500554454,1985059.0
Lesotho,LSO,2004,1.13702239789196,22.1,6.8,55.4,14.2050571017929,0.206480651443919,34.6653077489584,1.69237417358596,817.793597897186,1971129.0
Lesotho,LSO,2005,1.13702239789196,23.6,9.6,55.3,16.8964238974827,0.208850039629794,33.7701071067011,3.46612222755311,853.960500629797,1953076.0
Lesotho,LSO,2006,1.13702239789196,25.3,9.7,55.5,9.76832112893001,0.21305222504361,35.4813196531581,4.23009522805209,893.750686627156,1945063.0
Lesotho,LSO,2007,1.13702239789196,26.6,13.9,55.3,9.72728780689593,0.274309516154465,39.1258617120697,4.18791409957151,927.26863327342,1953268.0
Lesotho,LSO,2008,1.13702239789196,28.2,16.0,55.0,,0.22196333562331,40.56384007448,5.52341966978646,971.881366821351,1966541.0
Lesotho,LSO,2009,1.13702239789196,29.8,17.0,54.0,,0.25857155622013,33.3003223937152,-1.25375779920832,952.747929746529,1980883.0
Lesotho,LSO,2010,1.13702239789196,31.3,17.0,53.0,,0.261640445014179,31.463352131548,5.26967078056286,995.233432451681,1996251.0
Lesotho,LSO,2011,1.13702239789196,32.8,22.5,42.3,,0.270207332737838,33.1996499097292,4.61641394528752,1031.99721564343,2014009.0
Lesotho,LSO,2012,1.13702239789196,34.3,20.6,40.8,,0.283333185866373,30.8179398182836,6.33408374679448,1086.39034816283,2034354.0
Lesotho,LSO,2013,1.13702239789196,35.9,26.9,46.1,,0.2825669193933,29.0232445602992,1.79252555575545,1093.95323489272,2056504.0
Lesotho,LSO,2014,1.13702239789196,37.5,27.8,43.2,,0.288016522369956,32.1608736210412,1.71054990545476,1100.04993684215,2080089.0
Lesotho,LSO,2015,1.13702239789196,39.1,31.8,46.0,,0.283472812790582,33.7385657003649,3.12406678044546,1121.19851342518,2104611.0
Lesotho,LSO,2016,1.13702239789196,40.8,35.1,45.1,,0.308624300725396,30.5866475742865,3.60890731687714,1147.58748801671,2130422.0
Lesotho,LSO,2017,1.13702239789196,42.6,33.7,41.5,,0.333455410247971,28.5730617255808,-3.13817493733471,1097.82166812752,2157110.0
Lesotho,LSO,2018,1.13702239789196,44.4,47.0,42.5,,0.346995310044912,31.139042579725,-1.48063315848241,1068.44462913373,2183603.0
Lesotho,LSO,2019,1.13702239789196,46.2,44.6,41.6,,0.354575100536117,30.5436539026894,-1.41799383085205,1040.99351014117,2209405.0
Lesotho,LSO,2020,1.13702239789196,48.1,47.5,43.2,,0.314528562744915,31.0792075147298,-8.15595785459911,944.834128375429,2235727.0
Lesotho,LSO,2021,1.13702239789196,49.8,50.4,33.6,,0.33799947115729,32.0714579927576,2.26670961833291,955.221236301503,2261542.0
Lesotho,LSO,2022,1.13702239789196,51.8,50.0,34.9,,0.42915695220265,30.4887414630726,2.38778020186284,967.51928598325,2286110.0
Lesotho,LSO,2023,1.13702239789196,53.8,57.3,,,0.428947441284169,28.7322628790645,1.82662476743647,974.382478149793,2311472.0
Liberia,LBR,2000,85.3679401993355,0.5,,91.3,,0.136333350067637,4.24715102974828,28.6159342546183,754.850917360951,2928117.0
Liberia,LBR,2001,85.0537790697674,0.5,,91.6,,0.152619706314848,4.18618101545254,2.92027476569781,754.422355762017,3015338.0
Liberia,LBR,2002,84.7396179401993,0.5,,91.1,,0.150446784296923,3.24309600862999,3.76301761700071,762.716393927064,3094782.0
Liberia,LBR,2003,84.4254568106312,0.5,,90.3,,0.161626808123783,4.14903743315508,-30.145132727942,528.567395543421,3119532.0
Liberia,LBR,2004,84.1112956810631,0.4,,89.6,,0.172701505151269,7.72698996655518,2.61984689477413,535.995882066218,3156892.0
Liberia,LBR,2005,83.797134551495,0.4,,87.8,,0.206360770853813,7.2181875658588,5.28121245309295,539.665378841936,3301015.0
Liberia,LBR,2006,83.4829734219269,0.4,,87.6,,0.205397808574399,7.7032618409294,8.04390997190059,551.377446611852,3490787.0
Liberia,LBR,2007,83.1688122923588,0.4,3.0,89.8,,0.182417792071517,7.92931536780772,9.53527536282282,574.609394348543,3669050.0
Liberia,LBR,2008,82.8546511627907,0.3,1.3,91.8,,0.146715404306147,7.0949594438007,7.14569112811476,591.185378141907,3821003.0
Liberia,LBR,2009,82.5404900332226,0.4,1.9,91.8,,0.132537734959021,5.00973981900453,5.30054050291531,603.256211077605,3943028.0
Liberia,LBR,2010,82.2263289036545,0.4,5.3,88.6,,0.1956938966072,4.99961461461461,6.09982524004147,621.783295071575,4058890.0
Liberia,LBR,2011,81.9121677740864,0.4,4.1,87.1,,0.209775565020002,8.30011676396997,8.20076822497064,646.908727016597,4221178.0
Liberia,LBR,2012,81.5980066445183,0.4,9.3,86.2,,0.223437089459216,14.5889259761557,7.99381444555367,674.360011422232,4373043.0
Liberia,LBR,2013,81.2838455149502,0.4,9.8,87.5,,0.202986909648455,19.5182541497806,8.68728781639683,717.007280358975,4470239.0
Liberia,LBR,2014,80.9696843853821,0.4,9.4,91.2,,0.259010541172532,18.554810004303,0.701393100287518,707.157694930142,4564293.0
Liberia,LBR,2015,80.6555232558139,0.4,15.2,91.9,,0.264624586135088,16.8248454785241,-0.0185649695590939,692.590082351257,4659431.0
Liberia,LBR,2016,80.3413621262459,0.5,17.7,92.8,,0.291277161616349,13.7704420019235,-1.5549586174878,668.031513175601,4755608.0
Liberia,LBR,2017,80.0272009966777,0.5,24.2,93.6,,0.253788210788989,15.4416514284322,2.45515592012239,671.260899835355,4848925.0
Liberia,LBR,2018,79.7130398671096,0.5,22.8,94.4,,0.129815079743549,16.9238649522893,1.15757512207355,665.875439637137,4944726.0
Liberia,LBR,2019,79.3988787375415,0.5,23.1,89.7,,0.20014984968439,16.9896070200098,-2.46729763532686,636.699384824869,5043721.0
Liberia,LBR,2020,79.0847176079734,0.6,27.6,93.0,,0.162113991303559,16.8438326901547,-2.98249127649473,605.025475431411,5149463.0
Liberia,LBR,2021,78.7705564784053,0.7,29.8,93.2,,0.159868484974207,19.1148297227238,4.98671283481617,621.927983063426,5259323.0
Liberia,LBR,2022,78.4563953488372,0.8,31.8,92.8,,0.161651307373094,20.6885472727514,4.80810517290655,638.005183858289,5373294.0
Liberia,LBR,2023,78.1422342192691,0.8,32.5,,,0.152830013156671,23.3467448747153,4.68375688761311,653.329188343162,5493031.0
Libya,LBY,2000,0.123327687918433,,99.8,2.0,2976.83650740397,9.29018000117247,,3.6792704082,10853.8059516526,5305021.0
Libya,LBY,2001,0.123327687918433,,96.9,2.9,3074.78058753118,9.0214945891093,,-1.76283887062603,10467.8776146012,5403639.0
Libya,LBY,2002,0.123327687918433,,95.2,2.9,3089.63282765671,9.05829449877551,65.8303859757035,-0.958897332849631,10170.3095776338,5508410.0
Libya,LBY,2003,0.123327687918433,,93.5,2.9,3033.31081378459,9.57214634023075,70.8938132064248,13.0160372478013,11267.0627623548,5619398.0
Libya,LBY,2004,0.123327687918433,,91.8,2.8,3051.03345536709,9.27889988186574,76.6425137601895,4.46163899648637,11529.1086646221,5736693.0
Libya,LBY,2005,0.123327687918433,,90.1,2.7,3114.98564274947,9.85289132685578,80.9742943873926,11.8707565226151,12628.896152656,5858798.0
Libya,LBY,2006,0.123327687918433,,88.4,2.9,2733.38300724871,9.61121605909892,86.6695550057577,6.50052541959279,13176.7758911904,5980211.0
Libya,LBY,2007,0.123327687918433,,86.8,3.1,2363.56247489929,8.80448137239163,84.727507668667,6.22998278561838,13712.9602583972,6104380.0
Libya,LBY,2008,0.123327687918433,,85.1,2.9,2578.95942858435,9.16430783442361,85.9203928517569,-0.162048238799883,13403.0004645911,6235430.0
Libya,LBY,2009,0.123327687918433,,83.5,2.6,2784.55454632999,9.46592937047626,73.7972544656913,-4.4001817631021,12549.0854345521,6366686.0
Libya,LBY,2010,0.123327687918433,,81.9,2.5,3131.50608317262,9.79867306653797,75.7449869936204,5.0272476723775,12913.9334939386,6497839.0
Libya,LBY,2011,0.123327687918433,,80.3,3.2,2631.72794552167,6.97396882931226,53.8989087023988,-50.3385151384986,6569.59477578957,6343203.0
Libya,LBY,2012,0.123327687918433,,78.7,2.6,3101.47681342856,10.1719960487613,73.7369299183248,86.8267484395784,12599.258882136,6179328.0
Libya,LBY,2013,0.123327687918433,,77.1,2.4,2747.59073791604,9.93067314994636,65.1237589148371,-17.9979615745681,10126.314927806,6304628.0
Libya,LBY,2014,0.123327687918433,,75.5,2.3,3550.5742819662,9.61533793913791,46.7692775548728,-23.0428058282215,7644.24843947404,6427252.0
Libya,LBY,2015,0.123327687918433,,73.8,2.9,3230.9775723301,8.3409996510926,34.8289693278703,-0.842656252118843,7458.48917756374,6531819.0
Libya,LBY,2016,0.123327687918433,,72.2,2.8,3118.86767779323,7.71283597446731,26.0770762664238,-1.4909411172622,7236.16409923502,6632126.0
Libya,LBY,2017,0.123327687918433,,70.6,2.9,3485.70959421231,8.22031320255774,38.9800161101817,32.4918021862688,9435.60060040046,6738770.0
Libya,LBY,2018,0.123327687918433,,67.0,2.9,3055.56390358683,8.36151848685695,49.676758007488,7.9413678529104,10020.9165751361,6849055.0
Libya,LBY,2019,0.123327687918433,,68.5,3.0,3413.9338523206,8.26849764632106,49.9776179313478,-11.1960828853386,8768.4104874586,6951033.0
Libya,LBY,2020,0.123327687918433,,69.4,3.2,1687.13966145733,6.48685759316115,15.9502036425113,-29.4552967282824,6102.79864032512,7045399.0
Libya,LBY,2021,0.123327687918433,,70.2,3.1,2368.63038927902,8.1793228617378,74.9121008371648,28.2996823429147,7731.35448152581,7135175.0
Libya,LBY,2022,0.123327687918433,,70.0,,2539.19813836223,8.05301361263212,76.8380798647142,-8.29981811198795,7002.68189296358,7223805.0
Libya,LBY,2023,0.123327687918433,,73.2,,,8.65140297405067,78.8995280792827,10.2000497852517,7630.49664928174,7305659.0
Liechtenstein,LIE,2000,41.875,,100.0,54.0,,,,3.22019308239609,,32645.0
Liechtenstein,LIE,2001,41.874375,,100.0,51.6,,,,-0.733092455297992,,33194.0
Liechtenstein,LIE,2002,41.87375,,100.0,51.3,,,,-0.993919947159299,,33694.0
Liechtenstein,LIE,2003,41.87375,,100.0,50.2,,,,-1.93756534125014,,34079.0
Liechtenstein,LIE,2004,41.873125,,100.0,50.3,,,,3.03917210306501,,34447.0
Liechtenstein,LIE,2005,41.8725,,100.0,49.9,,,,4.82807677743524,,34753.0
Liechtenstein,LIE,2006,41.871875,,100.0,50.8,,,,8.64496857267281,,35037.0
Liechtenstein,LIE,2007,41.87125,,100.0,53.4,,,,3.325963509369,,35262.0
Liechtenstein,LIE,2008,41.87125,,100.0,53.0,,,,1.79808847836411,,35473.0
Liechtenstein,LIE,2009,41.870625,,100.0,55.1,,,,-1.15748291975636,,35742.0
Liechtenstein,LIE,2010,41.87,,100.0,52.3,,,,,,36022.0
Liechtenstein,LIE,2011,41.87125,,100.0,55.3,,,,,,36312.0
Liechtenstein,LIE,2012,41.871875,,100.0,55.5,,,,,,36657.0
Liechtenstein,LIE,2013,41.873125,,100.0,53.5,,,39.3045826652038,,,36984.0
Liechtenstein,LIE,2014,41.87375,,100.0,55.0,,,39.647172626367,,,37248.0
Liechtenstein,LIE,2015,41.875,,100.0,55.5,,,37.2602648896845,,167187.15730982,37494.0
Liechtenstein,LIE,2016,41.875,,100.0,55.8,,,41.9543783150565,,,37716.0
Liechtenstein,LIE,2017,41.875,,100.0,55.3,,,44.078617141423,,,37962.0
Liechtenstein,LIE,2018,41.875,,100.0,56.8,,,41.7550346850839,,,38246.0
Liechtenstein,LIE,2019,41.875,,100.0,56.1,,,44.2952285660684,,,38563.0
Liechtenstein,LIE,2020,41.875,,100.0,55.2,,,40.3036198267405,,,38901.0
Liechtenstein,LIE,2021,41.875,,100.0,53.6,,,40.7763902142195,,,39182.0
Liechtenstein,LIE,2022,41.875,,100.0,56.9,,,39.3533011817131,,,39493.0
Liechtenstein,LIE,2023,41.875,,100.0,,,,39.1138727542888,,,39846.0
Lithuania,LTU,2000,32.2271857051691,100.0,99.5,17.2,2040.58088590544,3.33092730007635,26.5008484486882,3.41862206571636,6384.30865426374,3499536.0
Lithuania,LTU,2001,32.4664964901085,100.0,99.5,17.6,2388.28142241839,3.57013822101879,27.2146716594063,6.48412665187908,6854.52512826671,3470818.0
Lithuania,LTU,2002,32.7058072750479,100.0,99.4,17.9,2578.77097536015,3.62197424563623,26.3988212298317,6.71983945103626,7374.0979710116,3443067.0
Lithuania,LTU,2003,32.9451180599872,100.0,99.4,18.1,2714.29508589632,3.65786848433758,27.9630623171368,10.5518959629574,8218.69336289848,3415213.0
Lithuania,LTU,2004,33.1844288449266,100.0,99.4,18.1,2784.89403569789,3.86899905983728,29.527855822781,6.50203536075556,8851.92598922347,3377075.0
Lithuania,LTU,2005,33.423739629866,100.0,99.4,17.5,2668.04972447817,4.20098792244941,29.7236068505939,7.7314467577492,9692.86853763267,3322528.0
Lithuania,LTU,2006,33.6630504148054,100.0,99.4,17.5,2669.90395839998,4.34082416360822,30.1705478851017,7.39548122468629,10577.2145522871,3269909.0
Lithuania,LTU,2007,33.9023611997447,100.0,99.4,17.1,2927.72851407517,4.81800789405111,29.645016281565,11.0779282578673,11889.3545234657,3231294.0
Lithuania,LTU,2008,34.1443956920622,100.0,99.4,18.3,2978.8832571652,4.95001768164964,29.2009086287297,2.59946154605602,12324.5197331387,3198231.0
Lithuania,LTU,2009,34.3837255684085,100.0,99.5,20.1,2771.81869908328,4.17668379432144,25.0207491016076,-14.8386117894848,10612.9204044582,3162916.0
Lithuania,LTU,2010,34.6230554447547,100.0,99.7,21.5,2276.51776090125,4.53332954506564,26.2116518144494,0.427199566550769,10884.1161852582,3097282.0
Lithuania,LTU,2011,34.6778568465392,100.0,99.7,22.7,2412.97760145453,4.72911365651569,28.3534317115284,6.32363664821298,11836.7200384033,3028115.0
Lithuania,LTU,2012,34.7321058174043,100.0,100.0,23.9,2468.16458396119,4.8479177448757,28.2001999312223,4.38290584355157,12516.6184065667,2989139.0
Lithuania,LTU,2013,34.7857997606701,100.0,100.0,26.3,2352.91337348691,4.51309413254538,27.6242689150869,4.04691318575325,13145.8069309969,2961250.0
Lithuania,LTU,2014,34.853950518755,100.0,100.0,27.7,2376.27537817697,4.49797821297655,27.726441177948,3.7725437958099,13753.1895982305,2937253.0
Lithuania,LTU,2015,34.9082202713488,100.0,100.0,29.0,2420.60555053468,4.69257592209704,26.9636978611038,2.83280643343234,14269.8039878287,2911109.0
Lithuania,LTU,2016,34.9605695859008,100.0,100.0,31.5,2504.98383829705,4.69887829841954,25.9974602207029,2.67192215053329,14823.107153522,2877325.0
Lithuania,LTU,2017,35.0569116074137,100.0,100.0,33.8,2653.39984329273,4.91240709777077,25.720457681502,4.61224310312809,15695.9993288456,2842639.0
Lithuania,LTU,2018,35.0950023950184,100.0,100.0,33.7,2711.1618678975,4.97247446083995,25.5788787201366,4.91836780106811,16604.9021440809,2819200.0
Lithuania,LTU,2019,35.1325455126158,100.0,100.0,33.5,2707.60764686504,5.08575146500164,25.2564149405008,4.67735183530451,17431.7239081591,2811089.0
Lithuania,LTU,2020,35.1485148514851,100.0,100.0,31.7,2674.06840356432,5.07196741780172,24.7876900738526,0.0428158336981426,17443.65526328,2810369.0
Lithuania,LTU,2021,35.1807490816164,100.0,100.0,33.2,2774.31979458134,5.10322677130588,24.8587509219797,6.38001606179873,18569.7057246217,2808380.0
Lithuania,LTU,2022,35.2036435371542,100.0,100.0,,2453.93993260259,4.65112254775415,25.6398695886222,2.53752574011534,18884.5152531698,2831639.0
Lithuania,LTU,2023,35.2301501597444,100.0,100.0,,2437.04601158794,4.51994281903548,24.2370942924201,0.342262716277261,18685.5523679178,2871585.0
Low & middle income,LMY,2000,30.0021616878273,36.4573423959946,73.562125845165,33.4810769739688,731.860966216045,1.9148018893975,33.7097480484127,5.57465732216498,2169.24580163668,4814250279.0
Low & middle income,LMY,2001,29.9170035801575,37.4559916885857,74.2857380015496,32.8988266476549,737.071853030025,1.94260821488635,33.51524843137,3.65684923129528,2214.39575681474,4888551481.0
Low & middle income,LMY,2002,29.8324665532005,38.4081075952693,74.8149999966791,32.3075425991313,755.171913374682,2.00316780810902,34.0963781240328,4.8018179766139,2286.40894364045,4961926647.0
Low & middle income,LMY,2003,29.744626114245,39.4143275088944,75.9629674314024,31.0365511491169,798.668755900251,2.15117214211542,34.1585542475936,5.93754398181561,2387.09560676557,5034824498.0
Low & middle income,LMY,2004,29.6522134153487,40.4651620206833,75.9638782207172,29.0578442903701,853.419492550785,2.32252699216168,34.913975863584,7.68528949361232,2533.63490609155,5108183576.0
Low & middle income,LMY,2005,29.5659266810431,41.537818323266,76.9875686095955,27.4864034469091,892.90454849026,2.47749480411139,35.5073972430419,7.36879097244949,2681.80911389239,5181562375.0
Low & middle income,LMY,2006,29.4847441464293,42.60684975178,77.7787032314498,26.6990960833523,931.906628682057,2.62800269162389,36.1968990660559,8.22100374460884,2861.63623205145,5255157355.0
Low & middle income,LMY,2007,29.4004387387619,43.892676441252,78.5860233254477,25.5432067962292,968.739293745358,2.76952802354935,36.0402132643876,8.84123474938967,3071.96637646344,5328158709.0
Low & middle income,LMY,2008,29.3160238647568,45.1177459431682,79.4746201146453,25.062293977542,989.713439751649,2.82512583749266,36.8322221457874,5.94269905569142,3209.89152688519,5402245137.0
Low & middle income,LMY,2009,29.2326458218895,46.4913661984726,79.7439424772855,24.7884057872553,1006.33166547549,2.8836895265429,35.4673358845087,4.01461962181482,3292.95225009223,5477389130.0
Low & middle income,LMY,2010,29.1478579238597,47.9314055013573,80.4697385791145,23.8188451600042,1064.769902193,3.06478804184006,35.8516528485695,8.16445240626624,3513.14255185016,5553257507.0
Low & middle income,LMY,2011,29.0723507601916,49.4569873182641,81.8904976048903,22.9143611457856,1102.17826374772,3.22858714908978,36.5257563072822,6.3548185455024,3685.31687703342,5630227189.0
Low & middle income,LMY,2012,28.3968489291277,51.17575869949,82.3434400406383,22.7325689012047,1120.59933640034,3.30157916179353,36.3313592061183,5.49051826518085,3833.91840392667,5709148191.0
Low & middle income,LMY,2013,28.3229273077456,53.0515754690976,83.3205776475688,22.7411026554498,1136.32813583705,3.36904556814608,35.5295409045506,5.62109078786028,3994.67974612361,5787391504.0
Low & middle income,LMY,2014,28.2481948339198,54.8428623736029,84.0197763138971,22.776570833244,1152.44348848933,3.38972433831905,34.8600771217825,5.1779114327552,4145.78134336883,5865202078.0
Low & middle income,LMY,2015,28.171555722126,56.7799265307095,85.0403535635607,22.8201674163747,1139.0439058687,3.32694878975756,33.4317754224468,4.69423819182255,4284.85686298442,5941222744.0
Low & middle income,LMY,2016,28.1127934175232,58.6503454864634,86.2056624089071,23.0608461717503,1138.87209921458,3.31567023629624,32.6651713183638,4.73589340027773,4431.18235187323,6017111688.0
Low & middle income,LMY,2017,28.025024128664,60.5436962488314,87.2277670796171,23.0974316930161,1164.09439062255,3.37168056888916,33.0521017014171,5.33414452329365,4608.67872042193,6093971714.0
Low & middle income,LMY,2018,27.9597613932821,62.4376754270227,88.3266471423387,23.1935827555534,1190.46191176904,3.45710024779691,33.6788827915394,4.99253371729228,4779.40840873637,6169658713.0
Low & middle income,LMY,2019,27.8907650024888,64.2064156317629,88.6903151850414,23.6991235791253,1215.47010116271,3.49008767961443,32.6819946652923,4.15795444216964,4919.20859980592,6243562839.0
Low & middle income,LMY,2020,27.8245384673114,65.9756514052694,89.015749732089,24.5991935538732,1201.24316222936,3.4108078211336,32.2682869717842,-1.12138803182505,4809.84896387149,6313913801.0
Low & middle income,LMY,2021,27.7505291849263,67.5651840129846,90.1519963114906,,1264.66490501532,3.56844360501178,33.8602021037641,7.38651702793516,5112.9703250261,6378323939.0
Low & middle income,LMY,2022,27.6847851888485,68.9442101202021,90.0927677222263,,1284.81526179955,3.57465692451404,33.9713736387678,3.99985001578578,5268.23590331493,6437946207.0
Low & middle income,LMY,2023,,70.2913429440598,90.491567372195,,,3.67822797411227,32.8150037069061,4.8226754547823,5470.5324742774,6498875200.0
Low income,LIC,2000,25.9684419706667,10.2478535587933,16.631872272008,61.7472285948962,405.781138419465,0.504687764943446,26.5633043248479,2.83826842349872,682.327706786891,322668237.0
Low income,LIC,2001,25.8455238222269,10.5847679786738,18.1615625609917,61.3132659784757,410.24886180049,0.507854268456275,26.0609168702954,4.03284976950866,691.414097939392,331269527.0
Low income,LIC,2002,25.722605673787,10.8782464469487,18.6181369987831,62.1967036227779,406.773671002137,0.488510710497638,26.2245316620701,5.27663214210902,707.053589279456,341035328.0
Low income,LIC,2003,25.6001258860374,11.2403702264134,20.3661253899854,62.3785906735751,406.67042184591,0.493873934354929,25.937987510514,5.67685116146907,725.474421276256,351244442.0
Low income,LIC,2004,25.4314513101224,11.6515299832916,20.9581597602251,61.8479533478185,404.165367670942,0.496478117804336,27.5596392299604,5.71381643155561,745.570250035604,361305645.0
Low income,LIC,2005,25.3086545852602,12.0369359030513,20.9225715260673,60.0200829218299,417.048506870822,0.534075615901012,28.7915873047039,6.04169652884512,768.323976866058,371788197.0
Low income,LIC,2006,25.1858678578641,12.5464035851347,22.9522639867575,59.6081079862989,420.448656574477,0.542246236463744,30.2272724313231,5.26944454455264,785.049519848458,383041001.0
Low income,LIC,2007,25.0630822786609,13.1960623957184,24.4183216636459,59.7232903956893,398.37964980955,0.515891383484692,31.5155774754764,5.62739737045239,805.246330809582,394448347.0
Low income,LIC,2008,24.940328260743,13.6893032144328,23.4447318784019,58.6028597257133,407.302970739609,0.533999081439282,32.0784624323616,4.98754213125,821.632312533321,405862712.0
Low income,LIC,2009,24.8176033477885,14.1316782571171,24.9584480599723,61.1535452763445,403.717241063814,0.519840592193892,29.793184002572,3.28762342491009,824.836701745066,417577386.0
Low income,LIC,2010,24.6933605350739,14.547843221041,26.4471371996466,61.1479791078985,394.537528777496,0.507232963485166,29.9460397378899,6.49463830942211,853.991903353526,429515596.0
Low income,LIC,2011,24.53362791363,14.9890745924171,27.6664094687004,64.057369394767,378.080271648767,0.450425179024409,31.4539246243597,-0.130377122985365,829.429080797719,441658754.0
Low income,LIC,2012,21.8743075632478,15.3098001350984,30.0776466504548,64.7373725804604,356.798795001587,0.409173788984798,28.2514569046105,-4.40020470808533,771.968149923314,453652889.0
Low income,LIC,2013,21.7316541029831,15.3837095310516,31.0725397139029,68.0536476664991,357.028692096325,0.356156872699827,26.9901711350627,2.54938567710938,772.184540301735,465087882.0
Low income,LIC,2014,21.5889766751596,15.5651249592821,33.4716403056895,68.4657267473558,361.147096569251,0.358975250940226,27.7789349441702,2.85948860771073,775.290079464044,476470767.0
Low income,LIC,2015,21.4461955228468,15.7730424770793,33.0702183882953,72.025105390618,339.607108661421,0.310352223158697,25.6737537522539,-2.06294694087138,740.889503942237,488308267.0
Low income,LIC,2016,21.2955916940727,16.0809354726564,36.4336124161591,72.3242852138885,335.887155953094,0.307513546909518,23.3647765011397,0.5040766240799,725.544504224031,501149314.0
Low income,LIC,2017,21.150973059733,16.4893773999556,38.1792563861523,68.0372933002885,357.780634560418,0.391341509261914,23.2855347792811,1.88483357710479,719.4917896822,514890519.0
Low income,LIC,2018,21.0093638966808,16.9121720228368,39.6838027900568,67.4936095658543,351.75681484985,0.384939852779789,24.8442340794597,2.84688971301978,719.528260376391,529522043.0
Low income,LIC,2019,20.8624261560646,17.4080991224239,40.7021444975815,67.0220084162203,353.389029559174,0.393224977800755,24.3650827680927,3.01032914733617,720.16386550217,544980983.0
Low income,LIC,2020,20.7184707947053,17.8030144671029,41.7368456716846,69.2018592023965,352.424999523199,0.365011489902676,24.8214983841775,-1.15043022279075,691.991878569926,560643073.0
Low income,LIC,2021,20.572509519201,18.1933267795813,43.015465793649,,354.113397748394,0.350637296165931,25.4016455689401,1.2793291388175,682.068551545596,576076618.0
Low income,LIC,2022,20.425520345526,18.6285546033379,43.0060882829376,,352.454980459215,0.345689607768003,24.3933052263639,3.35759142339809,686.608999787945,591481496.0
Low income,LIC,2023,,19.0534710225509,45.2721918756793,,,0.344712710051834,26.781212219276,-0.209388253554664,666.803267849144,607774703.0
Lower middle income,LMC,2000,31.9962497912319,23.2368333466171,58.1811157959563,51.4714744850867,400.992359467152,0.871833449722777,27.2305436864389,4.20976464997484,1026.7038061104,2126559759.0
Lower middle income,LMC,2001,31.8832149875445,24.2910538065949,59.3530302927695,51.191160485301,402.71649898269,0.879498509449366,26.5740616237624,4.3380558024101,1050.05243424138,2169474338.0
Lower middle income,LMC,2002,31.7710569020965,25.3079569250647,60.3261071760978,50.4847570563037,406.660701015073,0.886785755061765,26.6690846161658,4.52933289264618,1076.73044918168,2211549617.0
Lower middle income,LMC,2003,31.6588482994887,26.3762040008315,62.7214572996984,50.3202568577194,409.493709042553,0.894804802126681,26.8140231595828,5.94737995784725,1119.67756368748,2253206148.0
Lower middle income,LMC,2004,31.5488497133854,27.3455217730115,62.5400415902315,49.7447205050725,422.562280363479,0.9397844243836,28.0166549067753,7.11122191426182,1177.31848324728,2295275996.0
Lower middle income,LMC,2005,31.4312107495598,28.2567961073769,65.248435602704,49.213360964534,432.470103662305,0.95983548198153,28.6565470857366,6.70247814935333,1233.84653222683,2336911352.0
Lower middle income,LMC,2006,31.318018185881,29.1557975261356,65.9772207361908,48.5726059587471,442.331415477751,0.987855998345277,29.3430520502131,6.98079639053688,1296.74423468298,2378783316.0
Lower middle income,LMC,2007,31.2050301185483,30.2392028088193,67.9437721090107,47.2222569008737,455.074731566075,1.03812434236103,29.3321799589193,6.88692608053312,1361.57389659824,2421545203.0
Lower middle income,LMC,2008,31.0919416115514,31.266847606535,69.8332089052172,46.0596291718862,467.927778711227,1.07598853361845,29.7440668926836,4.59018809297727,1399.51493678141,2464036877.0
Lower middle income,LMC,2009,30.9780726341036,32.5260241477968,70.5839666200194,45.2119791483787,479.744371382347,1.10522629332346,28.6651694558264,5.966389244371,1457.71947779502,2506795582.0
Lower middle income,LMC,2010,30.864273876088,33.689092256813,71.6877391821018,44.0387953948346,498.625764110722,1.15542752731505,29.1600290426938,6.86685706586931,1531.26610674398,2550264612.0
Lower middle income,LMC,2011,30.7423713311159,35.1340994055933,74.603675894421,43.2359457667084,510.994220600205,1.19831087509912,29.6341864191483,4.75659480074799,1577.16915781801,2593815085.0
Lower middle income,LMC,2012,30.6203254575008,36.8457928266993,75.1540848733681,43.3296988230086,523.089327463055,1.25523285133962,29.6817032744994,5.17824141866905,1631.61006000183,2637101332.0
Lower middle income,LMC,2013,30.499184858546,38.9520979839009,77.1188804443074,43.2930444377946,524.941821779191,1.2704995481733,29.0128554302446,5.67299067698571,1696.68881831092,2679816109.0
Lower middle income,LMC,2014,30.3784918681146,40.7606595706653,78.2897096917029,42.3759445048426,545.357649154331,1.33542109484192,28.3681305870149,6.11865958483224,1771.90910691003,2723061855.0
Lower middle income,LMC,2015,30.2499872916399,43.1652309313589,80.658695354603,41.5090157779437,550.054557611316,1.35625895778837,27.0779673396908,5.91703922812876,1848.28029294397,2765011526.0
Lower middle income,LMC,2016,30.1409037864416,45.4993483645845,82.7167145232316,40.5515766783568,561.532403680681,1.38550858664601,26.4874314601798,5.68510177129704,1924.41858580699,2806590212.0
Lower middle income,LMC,2017,30.0194415411291,47.8810964888724,84.659238704957,39.843846096,575.59191482688,1.43823086798927,27.0648376451481,5.44113248186868,1999.67367968704,2847931114.0
Lower middle income,LMC,2018,29.8984889870299,50.3979016802713,86.9121805698534,39.7446785945484,587.633697120236,1.476981843336,27.5817654197364,5.42349581142072,2078.47285786989,2888561818.0
Lower middle income,LMC,2019,29.7770469968932,52.934467767702,87.6135221862236,40.1472436736453,591.023975670482,1.47756969747791,26.6008624424448,4.06407680471648,2133.36043908301,2928617292.0
Lower middle income,LMC,2020,29.6565089686936,55.502167235796,88.3804143922632,41.6375575764497,570.649993958195,1.39566627043975,26.2426603169865,-3.97738356122989,2021.05503375347,2968398856.0
Lower middle income,LMC,2021,29.5353555578199,57.9720930993348,90.555734236785,,598.937936406253,1.48651749455178,26.9951338901787,6.49061665770458,2125.14051338163,3006243027.0
Lower middle income,LMC,2022,29.423620639444,60.1553523209432,90.5768405981587,,626.550285358857,1.5417676120861,27.1271680676293,6.24089400201117,2230.23361306221,3043358377.0
Lower middle income,LMC,2023,,62.3446624464955,91.2680749757223,,,1.60655807561624,26.876294815842,6.04200595481342,2335.33048087966,3082002881.0
Luxembourg,LUX,2000,33.6769652665025,100.0,100.0,6.8,7682.15555208276,20.1714416685767,16.654678949085,6.93812976136098,92527.7108705226,436300.0
Luxembourg,LUX,2001,33.7546514608889,100.0,100.0,3.4,7986.41389470608,21.1410452409263,16.3138530501545,3.07435550952719,94243.7068360989,441525.0
Luxembourg,LUX,2002,33.8323376552753,100.0,100.0,1.3,8205.47469644344,22.4851235501765,16.1080518908929,3.22541782301025,96269.5797484275,446175.0
Luxembourg,LUX,2003,33.9100238496617,100.0,100.0,1.3,8553.03437986234,23.1479308283329,16.2313623974908,2.61937861354482,97597.9973184565,451630.0
Luxembourg,LUX,2004,33.9877100440481,100.0,100.0,1.4,9381.20382071321,25.9341402984097,15.4393460205431,4.23188928835465,100292.566948333,458095.0
Luxembourg,LUX,2005,34.0653962384345,100.0,100.0,1.9,9429.92465262134,26.0434089062211,14.4661273579401,2.48287498468387,101222.044353044,465158.0
Luxembourg,LUX,2006,34.1430824328209,100.0,100.0,2.1,9172.05598332149,25.2671712117333,13.5205791243289,6.0167154014547,105614.178851764,472637.0
Luxembourg,LUX,2007,34.2207686272073,100.0,100.0,3.6,8779.506079749,23.6288862545912,14.4759684439971,8.09866723048083,112417.876989455,479993.0
Luxembourg,LUX,2008,34.2984548215937,100.0,100.0,4.0,8625.43333557115,22.9460759234626,12.8051473899025,-0.300175624936841,110094.791529429,488650.0
Luxembourg,LUX,2009,34.37614101598,100.0,100.0,3.7,7958.76292955031,21.3143076400761,11.0066049191433,-3.23895409147492,104574.349049084,497783.0
Luxembourg,LUX,2010,34.4538272103664,100.0,100.0,3.7,8335.83500727028,22.1192102620953,10.997972653402,3.76041454320028,106544.057363484,506953.0
Luxembourg,LUX,2011,34.4538272103664,100.0,100.0,3.8,8062.97911929005,21.3951272024339,10.7084382796237,1.04429855323325,105290.249021891,518347.0
Luxembourg,LUX,2012,34.4538272103664,100.0,100.0,4.2,7723.78432331196,20.4689365773544,10.4267187903737,1.64990212764553,104487.744312565,530946.0
Luxembourg,LUX,2013,34.4538272103664,100.0,100.0,5.7,7320.72167920662,18.9995583038869,10.4429419766443,3.17178989968683,105338.955521681,543360.0
Luxembourg,LUX,2014,34.4538272103664,100.0,100.0,6.8,6878.68145180459,17.6515632218206,10.810880633632,2.62308679154881,105583.937273429,556319.0
Luxembourg,LUX,2015,34.4538272103664,100.0,100.0,9.1,6548.75962101678,16.3436352272807,11.539623433831,2.26978423302835,105462.012584423,569604.0
Luxembourg,LUX,2016,34.4538272103664,100.0,100.0,13.5,6342.68337961913,15.5348496771555,12.0959325625638,4.97819011520116,108351.451826983,582014.0
Luxembourg,LUX,2017,34.4538272103664,100.0,100.0,15.3,6313.35371226953,15.408092082316,10.8183368591649,1.31718713754285,107142.126672598,596336.0
Luxembourg,LUX,2018,34.4538272103664,100.0,100.0,16.0,6414.36478270833,15.6999753269183,10.9720784332984,1.61129561338169,106788.728745199,607950.0
Luxembourg,LUX,2019,34.4538272103664,100.0,100.0,16.4,6376.86696643123,15.63174898105,11.6004638626305,2.74931929072659,107591.965850496,620001.0
Luxembourg,LUX,2020,34.4538272103664,100.0,100.0,20.8,5435.81570647944,12.6787105084079,11.3427753359144,-0.510051634039826,105274.2471768,630419.0
Luxembourg,LUX,2021,34.4538272103664,100.0,100.0,20.5,5631.08725670864,13.0933781621838,10.5920031023214,6.9297342584233,110873.185245175,640064.0
Luxembourg,LUX,2022,34.4538272103664,100.0,100.0,,4862.94740833352,11.1248914795982,9.11380045625511,-1.0974168968152,107467.187082637,653103.0
Luxembourg,LUX,2023,34.4538272103664,100.0,100.0,,4592.3797932503,10.4160977146887,9.28622097638849,0.0994399943552651,105422.829667869,666430.0
"Macao SAR, China",MAC,2000,,,100.0,0.2,,3.38875986994891,11.4591572093365,5.74714593475937,31772.6302531656,430600.0
"Macao SAR, China",MAC,2001,,,100.0,0.9,,3.5946070523162,9.82000290317898,2.88824010651439,32441.6760183581,433900.0
"Macao SAR, China",MAC,2002,,,100.0,1.4,,3.90351277372263,9.23336710570753,8.90480904902596,34967.8914561813,438400.0
"Macao SAR, China",MAC,2003,,,100.0,2.4,,3.95897204688909,9.54994179630217,11.6433551416587,38581.6976189322,443600.0
"Macao SAR, China",MAC,2004,,,100.0,2.5,,4.47503848691445,8.41746503946968,26.6368742306114,47665.9330386643,454700.0
"Macao SAR, China",MAC,2005,,,100.0,2.3,,4.32397043294615,10.9716162808602,8.07794929953978,49470.940295748,473500.0
"Macao SAR, China",MAC,2006,,,100.0,2.8,,4.07757065544197,14.1017023207354,13.3921711919351,53240.2045750276,498900.0
"Macao SAR, China",MAC,2007,,,100.0,3.4,,3.70071030908044,13.7844932886133,14.4817728129028,58376.1176047275,520900.0
"Macao SAR, China",MAC,2008,,,100.0,4.7,,2.95431847604957,11.8033195168377,3.39251560752048,58146.3285846714,540700.0
"Macao SAR, China",MAC,2009,,,100.0,3.0,,3.16579439252336,7.31536109805833,1.29837946885112,59528.8350159491,535000.0
"Macao SAR, China",MAC,2010,,,100.0,5.5,,3.20335195530726,4.80806668554439,25.1031075246958,74195.0577762344,537000.0
"Macao SAR, China",MAC,2011,,,100.0,6.4,,3.07296215429403,4.16026426410164,21.6223064381087,88168.9713699088,549600.0
"Macao SAR, China",MAC,2012,,,100.0,11.1,,3.06920232435288,4.03466730800993,9.21747479596735,93192.885853941,567900.0
"Macao SAR, China",MAC,2013,,,100.0,16.6,,3.0667342456496,3.71772120246942,10.7816711590297,99054.4980289716,591900.0
"Macao SAR, China",MAC,2014,,,100.0,11.4,,3.36030239665434,5.03673043303847,-2.03874227961819,92383.8434915276,621700.0
"Macao SAR, China",MAC,2015,,,100.0,5.4,,4.29149167833256,7.71438683122985,-21.7540078753246,69902.9605741233,642900.0
"Macao SAR, China",MAC,2016,,,100.0,5.4,,4.02436781609195,6.6362167139086,-0.701510212552961,68391.3415491921,652500.0
"Macao SAR, China",MAC,2017,,,100.0,3.9,,4.45172732880938,5.0054002635725,9.91855844513513,75650.1261840452,648400.0
"Macao SAR, China",MAC,2018,,,100.0,8.4,,3.22598269843679,4.09915340392799,6.35917030567686,79178.6506290559,658900.0
"Macao SAR, China",MAC,2019,,,100.0,8.4,,3.34419642857143,4.21771801864083,-2.4609094006739,75724.6078280261,672000.0
"Macao SAR, China",MAC,2020,,,100.0,11.0,,3.25780566092793,8.50646649898002,-54.4020925789353,33853.7761550109,685400.0
"Macao SAR, China",MAC,2021,,,100.0,13.6,,2.99970695970696,7.77031573024087,22.4622020023362,41634.2386139903,682500.0
"Macao SAR, China",MAC,2022,,,100.0,11.0,,2.47822235346228,9.27782751417487,-18.956941494497,34000.7134128308,677300.0
"Macao SAR, China",MAC,2023,,,100.0,,,2.47569239835003,5.43429807775942,75.3084184293413,59474.3964251614,678800.0
Madagascar,MDG,2000,22.4071774942394,1.2,12.6,82.2,255.709986506438,0.10257721778278,,4.45685893956946,465.529509827021,16516338.0
Madagascar,MDG,2001,22.3265828661829,1.2,14.8,84.1,254.167832334244,0.100417197525336,,5.98023576982733,478.40561494987,17032939.0
Madagascar,MDG,2002,22.2459882381264,1.2,14.0,87.2,235.904702374408,0.0664561698966827,,-12.4079711055149,406.70122213637,17549913.0
Madagascar,MDG,2003,22.1653936100698,1.1,20.3,84.8,247.053924908213,0.0857465979970843,,9.78489212474175,433.601040301214,18071854.0
Madagascar,MDG,2004,22.0847989820133,1.1,15.3,84.3,250.245993304321,0.0900701514214735,,5.25700362208742,443.278654985967,18606608.0
Madagascar,MDG,2005,22.0042043539567,1.1,16.0,84.9,250.780807193194,0.093326061823388,,4.75584509499119,450.955230911228,19159707.0
Madagascar,MDG,2006,21.9236097259002,1.1,16.8,85.9,250.834742473721,0.0868890531095146,,5.3985084485368,461.540337897729,19730909.0
Madagascar,MDG,2007,21.8430150978437,1.1,17.5,86.2,254.441517219544,0.0887561893464716,18.9068307503233,5.71056419885052,473.785462328449,20318583.0
Madagascar,MDG,2008,21.7624204697871,1.0,18.3,86.4,259.197265939314,0.0893717405600502,20.4685954426536,6.71263253913001,490.963935389518,20923840.0
Madagascar,MDG,2009,21.6818258417306,1.0,17.4,87.2,253.627612930936,0.0824187554067149,18.8332096319198,-3.9787086116544,457.789754866068,21547280.0
Madagascar,MDG,2010,21.601231213674,1.0,12.3,86.7,255.486793083651,0.0887332565790363,18.0075205568584,0.619239744622121,447.417143030687,22183340.0
Madagascar,MDG,2011,21.5690440791,1.0,14.3,84.5,259.293314846996,0.100533250373538,17.8532728101343,1.57842705366555,441.755158414121,22822300.0
Madagascar,MDG,2012,21.5463247363762,1.0,18.7,83.3,265.242059456403,0.121500587449608,17.2760843242701,3.01114811621208,442.641500123543,23462438.0
Madagascar,MDG,2013,21.5234204193881,1.0,12.9,81.4,268.494073877684,0.126490659824491,17.9096138237139,2.30037622800727,440.674658903628,24109290.0
Madagascar,MDG,2014,21.5007012719147,1.0,23.0,82.2,271.281685784756,0.126540783548996,19.2497828687657,3.33920311195367,443.343869908205,24764348.0
Madagascar,MDG,2015,21.4779821244414,1.0,23.8,83.9,275.43076854299,0.134437411505432,18.950884731327,3.13229807490305,445.320069480568,25426702.0
Madagascar,MDG,2016,21.4552767273977,1.0,22.9,83.8,293.322517988217,0.124571110322348,19.4099444668858,3.99314606199499,451.15659433146,26099952.0
Madagascar,MDG,2017,21.4325541423169,1.1,24.1,81.9,299.453710205685,0.132624692613867,20.1123576645922,3.93330759462793,456.851859574031,26788375.0
Madagascar,MDG,2018,21.4098315572362,1.2,36.5,84.2,292.820905838727,0.11912379760542,21.4819574714216,3.19435651744398,459.330367799543,27494926.0
Madagascar,MDG,2019,21.3871261601925,1.2,31.0,82.5,313.77500218938,0.142139028845034,22.445497353094,4.41123212909589,467.27741349648,28219554.0
Madagascar,MDG,2020,21.3644035751117,1.3,32.0,84.7,301.748644745329,0.108038542830456,19.4661871058768,-7.13767162064489,422.924255422319,28953556.0
Madagascar,MDG,2021,21.3416925060158,1.4,35.1,83.6,308.953475191696,0.138189637609379,22.2500946222266,4.65068343174309,431.599103077746,29691083.0
Madagascar,MDG,2022,21.3189737023032,1.5,36.1,83.1,308.672539601401,0.144033985186775,23.3568161543654,4.15609778386296,438.516263353189,30437261.0
Madagascar,MDG,2023,21.2962600550017,1.6,39.4,,,0.147269201638214,22.9390088108736,4.20304615840668,445.834551910581,31195932.0
Malawi,MWI,2000,32.6866779804837,2.1,4.8,82.6,,0.273808402340698,19.0442214399711,1.57607762616895,418.592985038462,11315942.0
Malawi,MWI,2001,32.2411964361476,2.1,5.2,83.1,,0.273146222506607,17.8929694043274,-4.97496361892476,388.260039763569,11593058.0
Malawi,MWI,2002,31.7957148918116,2.0,5.6,83.3,,0.263500341738185,19.8051602224861,1.70000003078317,385.308980237095,11880440.0
Malawi,MWI,2003,31.3502333474756,2.1,6.2,82.8,,0.25920295685927,21.1842295520251,5.70563940467414,397.224846758815,12181574.0
Malawi,MWI,2004,30.9047518031396,2.1,6.9,82.4,,0.251729158048841,18.4439345804436,5.42049754993828,408.064916052765,12500737.0
Malawi,MWI,2005,30.4592702588036,2.2,6.6,83.2,,0.277904313470894,17.5211453129149,3.26872602317066,410.267979592536,12840031.0
Malawi,MWI,2006,30.0137887144675,2.2,3.7,82.8,,0.286891869131667,19.2118062737994,4.69999976404691,417.877689776503,13198701.0
Malawi,MWI,2007,29.5683071701315,2.2,7.4,82.2,,0.300478560389937,21.2991638406833,9.59999987683469,445.254305419586,13576343.0
Malawi,MWI,2008,29.1228256257955,2.3,7.8,80.4,,0.306502016933238,18.9378891840899,7.63973639944591,465.55147298007,13976417.0
Malawi,MWI,2009,28.6773440814595,2.3,8.3,80.0,,0.288827537610307,18.0681311857964,8.3281098524038,489.631418790158,14395788.0
Malawi,MWI,2010,28.2318625371235,2.4,8.7,81.2,,0.302506403583916,17.9317288193438,6.87406585416142,508.088650552846,14826463.0
Malawi,MWI,2011,27.7863809927874,2.4,7.6,80.2,,0.375983735889801,18.1661996680566,4.93266999813729,517.833736624232,15265022.0
Malawi,MWI,2012,27.3408994484514,2.3,7.4,80.2,,0.361753852443003,17.7185220797601,1.90000000072909,512.74031797451,15709577.0
Malawi,MWI,2013,26.8954179041154,2.3,9.0,79.8,,0.310800469452195,17.4239449035616,5.41034999817167,525.357645516557,16161816.0
Malawi,MWI,2014,26.4499363597794,2.2,11.9,82.8,,0.299117927594907,17.2649267145494,5.62527000105139,539.562601918057,16621538.0
Malawi,MWI,2015,26.0044548154434,2.2,10.8,81.0,,0.287318193984204,17.556172133103,2.80000000003355,539.605363240686,17085587.0
Malawi,MWI,2016,25.5589732711073,2.1,11.0,78.9,,0.279415248170622,17.655842210407,2.49999999914311,538.221990810959,17557739.0
Malawi,MWI,2017,25.1134917267713,2.1,12.7,76.9,,0.299783006549716,17.747962478614,4.00000000089172,544.795729220349,18039715.0
Malawi,MWI,2018,24.6680101824353,1.9,18.0,73.2,,0.294590681031673,18.3907940135861,4.35356471619211,553.528790902088,18528081.0
Malawi,MWI,2019,24.2225286380993,1.9,11.2,70.9,,0.294726852321002,18.4990069222553,5.71682519194337,569.866249371948,19025752.0
Malawi,MWI,2020,23.7770470937633,1.8,11.5,71.5,,0.266526561430064,19.0817402966585,0.793596429787286,559.447086086067,19533888.0
Malawi,MWI,2021,23.3315655494272,1.7,14.2,71.1,,0.305223786714373,18.4239731099779,4.55829212016083,569.968967322435,20047258.0
Malawi,MWI,2022,22.8860840050912,1.6,14.0,62.9,,0.272369783877739,16.9073435383995,0.921115069005936,560.635759714941,20568728.0
Malawi,MWI,2023,22.4406024607552,1.5,15.6,,,0.222924211075164,19.2940863985344,1.94575281675984,557.03523965791,21104482.0
Malaysia,MYS,2000,59.9341043981129,97.9,98.6,4.4,2102.39212549567,5.69323613529471,48.3205714911013,8.85886816969386,6455.61419792583,22967816.0
Malaysia,MYS,2001,59.7077461573581,98.1,98.6,4.2,2135.7884053911,5.88304152527669,46.2026949988513,0.517675319192861,6334.92795651698,23526538.0
Malaysia,MYS,2002,59.4813879166033,98.1,98.6,3.5,2154.46190610282,6.08030867532827,45.1153796974529,5.39098830692797,6516.90671560155,24102477.0
Malaysia,MYS,2003,59.2550296758484,98.2,98.7,3.3,2254.16675979207,6.34316955354466,46.5786626994835,5.7884992858875,6732.92049458099,24679602.0
Malaysia,MYS,2004,59.0286714350936,98.1,98.7,3.2,2371.20028657265,6.71466646648273,48.5303176049683,6.78343772370305,7025.34558004381,25256772.0
Malaysia,MYS,2005,58.8023131943388,97.9,98.7,3.0,2515.14872740447,7.01024161142768,46.3683224854575,5.33213916141486,7234.02442689141,25836071.0
Malaysia,MYS,2006,58.5759549535839,97.8,98.8,3.1,2472.12683283587,7.10605067191351,46.5156572562267,5.5848470671515,7469.8106921211,26417909.0
Malaysia,MYS,2007,58.3495967128291,97.7,98.9,2.8,2584.76582554848,7.58861945429411,44.5959960321039,6.29878592740947,7769.59693350488,26998389.0
Malaysia,MYS,2008,58.1232384720743,97.2,99.0,3.0,2678.81949826316,7.83922878075814,45.1050654004356,4.83176988913097,7976.11785374773,27570059.0
Malaysia,MYS,2009,57.8968802313194,97.0,99.3,2.3,2483.79273364834,7.03693732266971,40.9678238412473,-1.51352871598714,7700.46111294033,28124778.0
Malaysia,MYS,2010,57.6705219905646,96.5,99.5,2.0,2529.59168934211,7.52034773024468,40.4989323548818,7.42484738326097,8118.92270511981,28655776.0
Malaysia,MYS,2011,57.9849764115051,96.2,99.5,2.2,2591.22470848139,7.48482299197254,39.8242687277964,5.29391283414003,8400.32248683558,29162039.0
Malaysia,MYS,2012,58.2994308324456,95.4,99.8,2.5,2587.43170352026,7.40984230399317,40.1350010090069,5.47345419253853,8710.52671359902,29662831.0
Malaysia,MYS,2013,58.6138852533861,94.5,99.6,2.8,2869.7691156446,7.85952532729463,39.8853736547897,4.69372252557893,8964.80724896203,30174265.0
Malaysia,MYS,2014,58.9283396743266,94.0,99.7,3.0,2879.92352228516,8.18962008151058,39.9244244845871,6.00672194558203,9341.73055971278,30696137.0
Malaysia,MYS,2015,59.2427940952671,93.1,99.9,3.4,2706.92696275778,8.09596053481984,38.4497222119902,5.09153242155011,9648.6797937523,31232798.0
Malaysia,MYS,2016,58.7875209252777,91.9,99.9,4.4,2759.17228283076,7.78504411100645,37.6832749440922,4.44978139761541,9901.47960179812,31789685.0
Malaysia,MYS,2017,58.6348805356871,90.9,100.0,5.2,2617.76462271235,7.35056919281223,38.114672270307,5.81272240983328,10293.7629205362,32355644.0
Malaysia,MYS,2018,58.4822401460965,89.65,100.0,5.3,2839.45244829846,7.72644571640815,38.2914253580498,4.84308697634881,10610.1950240479,32910967.0
Malaysia,MYS,2019,58.3295997565059,88.6,100.0,5.7,2878.2988852867,7.63039929073035,37.4765336887335,4.41318742129586,10902.9834855856,33440596.0
Malaysia,MYS,2020,58.1769593669152,87.55,100.0,7.0,2722.6031659631,7.46778698028461,35.9347266201835,-5.45684658426701,10171.4657842762,33889558.0
Malaysia,MYS,2021,58.0243189773246,86.4,100.0,7.5,2793.49953523,7.5232628848407,37.6826861838931,3.31534954399166,10388.2667120857,34282399.0
Malaysia,MYS,2022,57.871678587734,85.3,100.0,,2867.09651939173,7.98329915646393,38.974240550053,9.03173723044451,11191.6511756943,34695493.0
Malaysia,MYS,2023,57.7190381981434,83.8,100.0,,,8.03895132928611,37.5648573322214,3.5370638041057,11445.3925275079,35126298.0
Maldives,MDV,2000,2.73333333333333,23.95,83.8,2.3,,2.22609114988706,,3.84581040832157,7037.08546104613,282019.0
Maldives,MDV,2001,2.73333333333333,32.1,87.5,2.3,,1.93432298695457,,-3.94363452271253,6647.6503820039,286767.0
Maldives,MDV,2002,2.73333333333333,41.5,88.3,1.8,,2.30474322396576,,7.26838656139654,7012.25568873173,291616.0
Maldives,MDV,2003,2.73333333333333,52.0,89.1,2.2,,1.94778256338304,12.3754592426367,13.7500496410836,7845.29307409315,296491.0
Maldives,MDV,2004,2.73333333333333,62.1,90.0,1.7,829.42673341893,2.45145365329299,11.0588124850619,5.92489251113133,8174.41607301248,301413.0
Maldives,MDV,2005,2.73333333333333,71.0,90.9,2.0,734.264707322088,2.23477542921851,11.7319295235534,-11.1773097061784,7141.88377049891,306429.0
Maldives,MDV,2006,2.73333333333333,78.3,91.7,1.6,917.632889492147,2.66527747243119,9.51763413160835,23.6302719852686,8620.72814678183,313851.0
Maldives,MDV,2007,2.73333333333333,83.7,92.6,1.5,921.47719883259,2.70587618921409,8.74551358978161,7.13338024717898,8933.17166363858,324479.0
Maldives,MDV,2008,2.73333333333333,87.9,93.6,1.5,,2.84350179968468,11.4493071607222,8.97645459033633,9396.49733610486,336170.0
Maldives,MDV,2009,2.73333333333333,91.0,99.9,1.5,,2.82592778694997,9.62024682960619,-8.34069861571051,8313.4098369723,348275.0
Maldives,MDV,2010,2.73333333333333,93.3,99.0,1.4,,2.92051930198009,9.43175572799709,6.7854678229144,8569.52494600725,360792.0
Maldives,MDV,2011,2.73333333333333,95.0,99.1,1.3,,3.06229494158009,10.0744820731282,8.84342600490342,9005.81391375104,373674.0
Maldives,MDV,2012,2.73333333333333,96.4,99.2,1.2,,3.72836837996164,9.79079163285008,2.38928797963442,8907.66134868182,386818.0
Maldives,MDV,2013,2.73333333333333,97.1,99.4,1.3,,4.05254080535906,8.05840300458009,6.97496226412528,9213.32791442475,400070.0
Maldives,MDV,2014,2.73333333333333,97.9,100.0,1.2,,5.30224821513622,8.41391069150311,7.86068643108074,9612.07861806739,413617.0
Maldives,MDV,2015,2.73333333333333,98.5,99.8,1.5,,3.7098800898742,10.7232265324627,3.86813536494475,9644.90655028145,428154.0
Maldives,MDV,2016,2.73333333333333,98.8,100.0,1.2,,3.91172728667202,11.2741492118251,6.37528306716864,9909.07669723415,443308.0
Maldives,MDV,2017,2.73333333333333,99.1,99.8,1.3,,3.50893653976657,11.4251984418663,7.07442863215275,10263.2991147672,458287.0
Maldives,MDV,2018,2.73333333333333,99.3,100.0,1.3,,2.93025349873916,13.0536487636968,8.5689555834747,10793.8941325367,473099.0
Maldives,MDV,2019,2.73333333333333,99.5,100.0,1.3,,3.10683553024106,11.942543801854,6.92305989050099,11194.9253748064,487731.0
Maldives,MDV,2020,2.73333333333333,99.6,100.0,1.6,,2.40580899310521,12.5605138294635,-32.9088287752921,7295.60220956454,502118.0
Maldives,MDV,2021,2.73333333333333,99.7,100.0,1.4,,3.25639247201417,9.19229754672137,37.507870124321,9759.2219360708,516154.0
Maldives,MDV,2022,2.73333333333333,99.8,100.0,1.2,,3.4143856395462,9.91861727669278,13.8260895184139,10939.9963271738,524106.0
Maldives,MDV,2023,2.75167785234899,99.8,100.0,,,3.41106552546227,9.64044739735597,4.94286301229583,11439.5364342871,525994.0
Mali,MLI,2000,10.896663634352,0.7,9.6,83.5,,0.0688623609235515,16.1980631418107,-0.736019991927179,682.49742045713,11559290.0
Mali,MLI,2001,10.896663634352,0.8,10.8,82.1,,0.069953739700229,18.1624782025305,15.8060317406145,766.960343246307,11912158.0
Mali,MLI,2002,10.896663634352,0.8,13.0,83.6,,0.0710527707813689,18.7136583189126,3.03627540842406,766.073669042446,12288050.0
Mali,MLI,2003,10.896663634352,0.8,14.7,85.8,,0.0707058085740154,18.5180716381273,9.79712256129343,814.808466525191,12684955.0
Mali,MLI,2004,10.896663634352,0.8,16.4,81.5,,0.0697657965035285,16.8551885175856,1.47732490222614,800.501816706213,13102409.0
Mali,MLI,2005,10.896663634352,0.8,18.2,82.3,,0.0697854076555803,20.6177348469944,2.53837834867178,794.373328211361,13538647.0
Mali,MLI,2006,10.896663634352,0.9,16.6,81.7,,0.0811071283852147,24.1071894414728,3.6896026526873,797.100532884951,13990139.0
Mali,MLI,2007,10.896663634352,0.9,21.7,78.9,,0.0935206143407267,22.8987343041739,1.76004607889122,784.893915016638,14457775.0
Mali,MLI,2008,10.896663634352,0.9,23.4,75.0,,0.10451260181696,22.9179833333908,3.63871070955426,787.156518987615,14940782.0
Mali,MLI,2009,10.896663634352,0.9,24.0,78.7,,0.130044049644136,24.1177890486017,5.45473562577585,803.486738927624,15435539.0
Mali,MLI,2010,10.896663634352,0.9,27.0,84.0,,0.124608048140889,23.77623896597,5.57678859838062,821.181286587872,15945198.0
Mali,MLI,2011,10.896663634352,0.9,28.8,83.6,,0.131495145833861,23.9979253880521,2.93537897086446,818.399030995547,16469049.0
Mali,MLI,2012,10.896663634352,0.9,25.6,81.2,,0.133938525684299,23.4100351460877,-1.07239924132972,786.323471336853,16957033.0
Mali,MLI,2013,10.896663634352,0.9,32.4,84.8,,0.157002316488651,22.6884096448375,3.29068742019345,788.819448205749,17459615.0
Mali,MLI,2014,10.896663634352,1.0,34.2,84.6,,0.16153478747013,24.0582958024424,6.50263878409685,813.975661285204,18020267.0
Mali,MLI,2015,10.896663634352,1.0,37.6,81.2,,0.189920713265439,22.3555320283093,6.23887890197454,838.11986940103,18593022.0
Mali,MLI,2016,10.896663634352,1.0,38.8,77.9,,0.238623888160926,21.8908239361417,6.00506308559498,860.75307554569,19191289.0
Mali,MLI,2017,10.896663634352,1.0,34.8,77.0,,0.260490442366382,22.1743386291663,5.37554769639952,878.561348377434,19813011.0
Mali,MLI,2018,10.896663634352,1.0,50.9,77.2,,0.28284862119858,23.2080317204235,4.86784999991505,892.978322791418,20442030.0
Mali,MLI,2019,10.896663634352,1.1,47.9,74.9,,0.290188080208255,23.0829741121544,4.99999911608818,909.751069703313,21068405.0
Mali,MLI,2020,10.896663634352,1.2,50.6,72.8,,0.315153895424097,26.7389536942111,-1.16910834828603,872.389426814294,21713836.0
Mali,MLI,2021,10.896663634352,1.2,53.4,71.2,,0.326094093296463,25.7140408570411,3.10094124444834,872.332509419855,22388630.0
Mali,MLI,2022,10.896663634352,1.3,53.0,71.1,,0.324748273279521,25.8229787953173,3.70319027595568,877.817842432934,23072640.0
Mali,MLI,2023,10.896663634352,1.3,54.5,,,0.301946302024471,25.4644896482405,4.72541109080376,892.360907760383,23769127.0
Malta,MLT,2000,1.09375,100.0,100.0,0.0,1731.67515154798,5.47313804356464,26.9968304762484,19.6812692571542,17178.3773811056,390087.0
Malta,MLT,2001,1.09375,100.0,100.0,0.0,2001.30094235953,6.3478937887377,23.8499003619495,-0.757203079411141,16920.7309706609,393028.0
Malta,MLT,2002,1.09375,100.0,100.0,0.1,1851.86412884869,5.86965141210549,24.7692491976741,2.74113514481881,17255.4299440987,395969.0
Malta,MLT,2003,1.09375,100.0,100.0,0.1,2071.44952722888,6.55699454566438,24.5358927804974,3.69331046215919,17775.4264786392,398582.0
Malta,MLT,2004,1.09375,100.0,100.0,0.1,2066.57163915642,6.49665560174248,22.2283553941103,0.407354470561188,17728.3659761648,401268.0
Malta,MLT,2005,1.09375,100.0,100.0,0.1,2101.87985022264,6.52471064843475,20.7396104779478,2.88123523900146,18123.2685184554,403834.0
Malta,MLT,2006,1.09375,100.0,100.0,0.2,2095.17873042085,6.56142982620624,19.8027408604861,2.33618945029086,18479.213008171,405308.0
Malta,MLT,2007,1.09375,100.0,100.0,0.2,2131.22296210827,6.69594122795803,18.5084345096825,5.03640168136971,19342.3252929886,406724.0
Malta,MLT,2008,1.09375,100.0,100.0,0.2,2153.74903793408,6.675232486278,19.3020953869214,4.41059660584338,20064.4610845081,409379.0
Malta,MLT,2009,1.09375,100.0,100.0,0.3,1953.4340878955,6.10579498978125,17.6546616448497,-1.39524973471087,19635.9157805971,412477.0
Malta,MLT,2010,1.09375,100.0,100.0,1.2,2022.68894914335,6.25971030715933,17.444614846917,6.19735041110465,20750.6479461598,414508.0
Malta,MLT,2011,1.09375,100.0,100.0,2.0,2002.2597001723,6.20225431693044,16.4455470187534,0.99220191192282,20867.9310851632,416268.0
Malta,MLT,2012,1.09375,100.0,100.0,2.7,2102.78419805068,6.48623425104993,15.0753253659227,4.10167392241412,21529.3982167566,420028.0
Malta,MLT,2013,1.09375,100.0,100.0,3.2,1822.11290174526,5.60886043172242,14.5596005126626,6.29233375866998,22626.4981391343,424810.0
Malta,MLT,2014,1.09375,100.0,100.0,4.5,1793.37877402513,5.4659835148484,13.0760489285081,7.63136360845897,23866.0667851301,433481.0
Malta,MLT,2015,1.09375,100.0,100.0,6.0,1448.8722651887,3.76435099725361,12.0894145378063,9.62070315764963,25529.6813337717,444220.0
Malta,MLT,2016,1.1875,100.0,100.0,9.2,1311.66732595294,3.00436738869759,12.27883734522,4.07800355932196,25969.5120352027,454505.0
Malta,MLT,2017,1.3125,100.0,100.0,7.3,1451.209231349,3.33585952653145,11.4557590803113,12.9713424962459,28546.6597365912,467106.0
Malta,MLT,2018,1.4375,100.0,100.0,7.6,1407.69637134225,3.23907890630974,11.5164039502955,7.18921479603796,29536.8052374716,483903.0
Malta,MLT,2019,1.4375,100.0,100.0,7.4,1440.48279152041,3.32002413119751,12.0663263039942,4.08505582134097,29522.661886008,503912.0
Malta,MLT,2020,1.4375,100.0,100.0,9.2,1336.72896034906,3.14341694310268,12.2128636754004,-3.45728276294712,27861.8202844538,515490.0
Malta,MLT,2021,1.4375,100.0,100.0,8.6,1363.05571036865,3.14078934671427,11.4446268221058,13.4117042939322,31436.3493030938,518150.0
Malta,MLT,2022,1.4375,100.0,100.0,,1456.24524810948,3.3821427831742,11.2986859561477,2.48309993837792,31430.6187070236,531113.0
Malta,MLT,2023,1.4375,100.0,100.0,,1397.99606213865,3.23421022637843,11.088762805751,10.6215185022616,33408.2005015872,552747.0
Marshall Islands,MHL,2000,52.2222222222222,7.3,68.6,19.6,,0.0019721531968603,12.7373659530558,2.45443006851272,3040.59677355737,50706.0
Marshall Islands,MHL,2001,52.2222222222222,9.7,70.1,19.1,,0.0019560667409972,10.6228366069992,6.93004446202892,3224.7911898754,51123.0
Marshall Islands,MHL,2002,52.2222222222222,12.6,71.5,18.6,,0.0019445794846864,14.757199151258,3.63579015049041,3322.41127856101,51425.0
Marshall Islands,MHL,2003,52.2222222222222,16.8,72.9,18.6,,0.0019365208466469,11.6742737086141,-1.56167510462087,3256.97244330835,51639.0
Marshall Islands,MHL,2004,52.2222222222222,21.5,74.3,18.4,559.942847212836,0.0019308374041821,10.3000752445448,-0.408355471416314,3234.15265200518,51791.0
Marshall Islands,MHL,2005,52.2222222222222,27.7,75.7,18.4,558.70226948715,0.0019265595499556,8.12275362318841,1.79104477611941,3284.78403267445,51906.0
Marshall Islands,MHL,2006,52.2222222222222,34.1,77.2,17.0,577.011847976612,0.0019233728265887,11.3769553072626,0.175953079178882,3285.12078781351,51992.0
Marshall Islands,MHL,2007,52.2222222222222,41.0,72.3,15.2,614.970692802921,0.0019217834150091,13.2601993355482,3.68852459016394,3403.47842798117,52035.0
Marshall Islands,MHL,2008,52.2222222222222,47.0,80.2,14.8,,0.0019219680953296,12.7225102319236,-7.56634669678148,3146.26177205458,52030.0
Marshall Islands,MHL,2009,52.2222222222222,52.5,81.7,14.0,,0.0019223745170034,13.628373015873,3.66524129505193,3262.26955535477,52019.0
Marshall Islands,MHL,2010,52.2222222222222,56.25,89.4,13.7,,0.0019214510798555,14.622905027933,5.53918680023571,3441.31888402121,52044.0
Marshall Islands,MHL,2011,52.2222222222222,59.8,89.9,12.3,,0.0019265224343537,13.5373766686013,-0.502512562814076,3433.06297801838,51907.0
Marshall Islands,MHL,2012,52.2222222222222,61.6,90.4,12.0,,0.0019448063945234,13.3474266740454,-1.29068462401796,3420.91444796671,51419.0
Marshall Islands,MHL,2013,52.2222222222222,63.3,90.9,12.4,,0.0019731260235591,13.8843347639485,3.80898237635019,3602.92811901896,50681.0
Marshall Islands,MHL,2014,52.2222222222222,64.1,91.5,12.2,,0.0020081934291911,14.5738172043011,-1.25958378970427,3620.77275283155,49796.0
Marshall Islands,MHL,2015,52.2222222222222,64.9,92.1,11.7,,0.0020491803278688,11.298856831791,1.88574597892401,3764.34426229508,48800.0
Marshall Islands,MHL,2016,52.2222222222222,64.9,92.7,12.1,,0.0020960405793456,15.2969772051536,2.5040827436037,3946.8444109078,47709.0
Marshall Islands,MHL,2017,52.2222222222222,64.8,93.8,12.0,,0.0021491972748178,13.0123069723912,3.55815188528943,4190.93468589482,46529.0
Marshall Islands,MHL,2018,52.2222222222222,64.9,95.3,12.0,,0.0022082367229767,12.1986818181818,5.48717948717949,4542.34293916308,45285.0
Marshall Islands,MHL,2019,52.2222222222222,65.6,96.8,12.1,,0.0022723657599927,14.4171747531129,10.4521147301896,5162.81500670348,44007.0
Marshall Islands,MHL,2020,52.2222222222222,65.2,98.3,12.0,,0.0023415913454783,13.3453680727874,-2.77288732394366,5172.57528216176,42706.0
Marshall Islands,MHL,2021,52.2222222222222,64.9,99.8,12.1,,0.0024173858389537,11.1957734638328,2.15938183019058,5455.31642282232,41367.0
Marshall Islands,MHL,2022,52.2222222222222,65.2,100.0,12.2,,0.0024951967462634,9.59065346092379,-0.700563926576777,5591.46421459004,40077.0
Marshall Islands,MHL,2023,52.2222222222222,64.8,100.0,,,0.0025755273392227,11.6835467367783,-5.00791779654826,5482.44553639985,38827.0
Mauritania,MRT,2000,0.409081206946735,29.8,19.1,44.4,,0.404906787641274,29.9518502588297,-3.91802585208993,1304.64439067179,2613441.0
Mauritania,MRT,2001,0.403803240516154,31.3,22.2,44.2,,0.436955904970957,29.0361452374828,-0.799493830035985,1262.65567288639,2678760.0
Mauritania,MRT,2002,0.398525274085573,32.9,21.7,42.1,,0.474576023632038,28.4202988789773,1.38148396045266,1252.10300454131,2738655.0
Mauritania,MRT,2003,0.393247307654992,34.4,23.0,40.2,,0.486430272736422,26.7345509917915,6.92826957568474,1308.56307582578,2802046.0
Mauritania,MRT,2004,0.387969341224411,35.7,24.3,38.6,,0.518255187780793,27.5321174229442,4.73275787510946,1338.66768122804,2868664.0
Mauritania,MRT,2005,0.382691374793829,37.0,18.2,38.8,,0.523398815743406,33.1903258148872,8.56628732009419,1418.53202144135,2939059.0
Mauritania,MRT,2006,0.377413408363248,38.0,27.0,39.1,,0.560912644425715,43.8696653715372,18.3331986932345,1637.04191255803,3013660.0
Mauritania,MRT,2007,0.372135441932667,39.0,33.0,35.6,,0.608071168380558,37.0052476945385,-1.96942274988409,1563.60628765192,3093059.0
Mauritania,MRT,2008,0.366857475502086,39.8,30.0,35.8,,0.660578794943186,36.4890884436152,-0.331079223430805,1514.2655013629,3183269.0
Mauritania,MRT,2009,0.361579509071505,40.35,31.1,33.4,,0.638554789115249,32.7544134822838,0.0978759143320076,1469.05426880813,3284448.0
Mauritania,MRT,2010,0.356301542640924,41.1,34.2,34.0,,0.621327557199794,38.1929057828319,2.62022948104543,1460.19179652873,3390965.0
Mauritania,MRT,2011,0.351023576210342,41.8,35.3,33.3,,0.646623526076628,44.107903772358,4.17278327815399,1472.55245572229,3502811.0
Mauritania,MRT,2012,0.345745609779761,42.6,36.4,31.9,,0.698114469220239,37.4741781393169,4.47001319170479,1488.97177557214,3619034.0
Mauritania,MRT,2013,0.34046764334918,42.9,37.6,35.1,,0.620006116243983,38.6097701314865,4.1508131898954,1502.90142381083,3734318.0
Mauritania,MRT,2014,0.335189676918599,43.8,38.8,31.0,,0.697074247358851,28.4373706611028,4.27482328814457,1520.64621634902,3848514.0
Mauritania,MRT,2015,0.329911710488018,44.4,39.5,28.3,,0.695166036764374,22.7465105988095,5.37633924099251,1554.94897871782,3965959.0
Mauritania,MRT,2016,0.324633744057437,44.9,41.2,31.7,,0.642260899312078,25.2197600424352,1.26090923067225,1528.05152299375,4086657.0
Mauritania,MRT,2017,0.319394586203551,45.5,42.9,25.5,,0.90462166912079,23.7456292323677,6.27054566937677,1576.06857825162,4210600.0
Mauritania,MRT,2018,0.314058406907927,46.1,43.6,21.6,,1.02255004685679,23.6350387192204,4.77217365692621,1602.90225649072,4337685.0
Mauritania,MRT,2019,0.308819249054041,46.8,44.9,21.2,,1.00413903504884,28.5984350915107,3.14100489306969,1605.1352359742,4467708.0
Mauritania,MRT,2020,0.303483069758417,47.5,45.4,20.9,,1.00766695557148,33.6465387739026,-0.360657384151068,1553.30615586591,4600131.0
Mauritania,MRT,2021,0.298211603764432,48.1,47.7,22.1,,0.931619299689918,32.0818928944898,0.742715486567747,1520.3111804259,4734874.0
Mauritania,MRT,2022,0.292896963228874,48.9,49.0,19.6,,1.03090119301334,29.1375503330515,6.79600500489967,1576.75624107308,4875637.0
Mauritania,MRT,2023,0.287611138061512,49.4,50.3,,,0.961166094335404,30.9364727932156,6.80949001978621,1634.89897144624,5022441.0
Mauritius,MUS,2000,20.6551724137931,92.7,99.0,20.4,851.243682124642,2.05860273171603,25.640266746151,8.20279174865273,5744.19830169899,1186873.0
Mauritius,MUS,2001,20.4807881773399,93.7,99.2,20.1,886.792161463512,2.15968241734634,26.3874036179347,3.34754072731407,5889.77138546269,1196287.0
Mauritius,MUS,2002,20.3064039408867,94.4,99.4,17.9,873.221713167187,2.18923628261503,25.6239987275773,1.61491865862433,5943.48081247767,1204621.0
Mauritius,MUS,2003,20.1320197044335,95.0,99.1,18.9,909.089564102277,2.27589276148248,24.9152577893048,5.92544548947731,6250.2637051329,1213370.0
Mauritius,MUS,2004,19.9576354679803,95.6,99.0,19.1,919.838083699622,2.28082977683101,24.0862009085375,4.33001985464357,6480.13648507258,1221003.0
Mauritius,MUS,2005,19.7832512315271,96.0,99.0,17.6,945.754720316685,2.42563834516313,23.0539698198427,1.77754302034454,6556.38819193225,1228254.0
Mauritius,MUS,2006,19.6088669950739,96.4,99.0,16.4,1006.02062916824,2.69231018577046,21.9955550253399,4.8655446077553,6843.39977734988,1233996.0
Mauritius,MUS,2007,19.4344827586207,96.7,99.0,15.7,1007.59469875165,2.75428958640885,22.1985593969066,5.72701615981669,7202.43853899489,1239630.0
Mauritius,MUS,2008,19.2600985221675,97.2,99.0,12.7,1026.70709293057,2.80350544681747,23.0209186435502,5.38696254207251,7563.03143738425,1244121.0
Mauritius,MUS,2009,19.0857142857143,97.4,99.0,12.8,999.514481044517,2.75622901183154,23.007713818678,3.31507699790781,7793.0308214588,1247429.0
Mauritius,MUS,2010,18.9113300492611,97.6,99.4,12.8,1050.75767175161,2.93961932181702,22.1595330116331,4.37720322344293,8114.82056038003,1250400.0
Mauritius,MUS,2011,19.21482223335,97.8,99.6,12.0,1053.55801429009,2.9195850540241,21.3051130600799,4.07753806610333,8432.19129317694,1252404.0
Mauritius,MUS,2012,19.2058087130696,98.1,99.4,11.4,1066.25424955695,2.98093292204204,20.6501837940607,3.49611836470866,8702.82242878289,1255882.0
Mauritius,MUS,2013,19.1967951927892,98.3,99.4,11.4,1085.5501957804,3.06387900172131,20.0954005013634,3.36040609974133,8973.51550099533,1258927.0
Mauritius,MUS,2014,19.1877816725088,98.4,99.5,10.6,1104.47535515255,3.16403004104002,19.4849175221344,3.82696982009337,9300.07878638583,1261208.0
Mauritius,MUS,2015,19.1787681522283,98.5,99.6,11.5,1136.14919149846,3.16000186874594,18.9486991254014,3.69055690369433,9630.5437837507,1262879.0
Mauritius,MUS,2016,19.1737606409614,98.6,99.7,10.3,1135.89802652029,3.21654571682465,18.3463010991725,3.8624682634,9995.65028642071,1263747.0
Mauritius,MUS,2017,19.3540310465699,98.7,99.6,9.4,1156.15517897714,3.32606786218848,17.5282666855876,3.93798380632353,10379.9138706732,1264887.0
Mauritius,MUS,2018,19.3740610916375,98.8,99.8,9.2,1142.14424076921,3.29636205462015,17.3385214007782,4.00674057198549,10789.9241521132,1265577.0
Mauritius,MUS,2019,19.3940911367051,98.9,100.0,8.9,1163.15179238921,3.32168232640987,16.6696822824233,2.89128499346516,11098.3137067341,1265985.0
Mauritius,MUS,2020,19.4141211817727,99.0,99.5,9.4,1025.83744169656,2.95810314893832,16.4140798213984,-14.5465381490166,9483.67602630847,1266014.0
Mauritius,MUS,2021,19.4341512268403,99.0,99.6,8.6,1072.42945671071,3.14916917653636,18.0229822432452,3.40379866177662,9804.0031863121,1266334.0
Mauritius,MUS,2022,19.4541812719079,99.1,100.0,,1095.73879704883,3.20778314533676,18.0660918735828,8.69306675264066,10688.4383112722,1262523.0
Mauritius,MUS,2023,19.4742113169755,99.1,100.0,,1166.63966960327,3.46174699494733,17.8391234046561,5.00791900868131,11348.4337725632,1248647.0
Mexico,MEX,2000,35.1764963090614,82.6,98.0,12.2,1541.32297457171,4.02272121123337,34.3868003217864,5.02928399378261,9581.96970210753,98625552.0
Mexico,MEX,2001,35.1025211553795,83.4,97.1,11.3,1563.12708165755,3.94395058441036,33.3084037583111,-0.450845253215945,9398.35074355724,100099099.0
Mexico,MEX,2002,35.0285460016976,83.9,97.9,10.7,1556.55451556538,3.94830756150866,32.864500489183,-0.236588001922641,9242.27886130016,101548624.0
Mexico,MEX,2003,34.9545708480156,84.3,97.4,10.2,1644.23440955963,4.08541432161845,31.5006616862482,1.18554486709559,9221.99666693097,102978515.0
Mexico,MEX,2004,34.8805956943337,84.5,98.6,10.2,1651.99432971724,4.12339368005276,33.0062868258443,3.56544100946846,9421.28975988024,104394131.0
Mexico,MEX,2005,34.8066205406518,84.8,98.9,10.3,1718.63669370638,4.22758379844974,33.0531376314209,2.11324712586392,9491.51730225718,105811504.0
Mexico,MEX,2006,34.7326453869698,84.9,99.1,9.8,1723.71763802356,4.32571227914951,34.3856666700872,4.80501352746852,9813.8280424425,107253666.0
Mexico,MEX,2007,34.6586702332879,85.0,97.9,9.5,1693.77880726541,4.32899168517287,34.0245019473839,2.07786393438754,9877.69532644737,108774360.0
Mexico,MEX,2008,34.584695079606,85.0,98.9,9.8,1678.23287321257,4.27910076303278,34.8480623925215,0.943331863036903,9826.3421836048,110374288.0
Mexico,MEX,2009,34.510719925924,84.9,98.3,9.2,1616.79369985205,4.12122098054155,31.9993138894743,-6.29525055780502,9074.1188145564,111999721.0
Mexico,MEX,2010,34.4367447722421,84.9,99.2,9.4,1581.82622504404,4.19755809286418,32.539487048306,4.9713345832195,9389.06722084275,113623895.0
Mexico,MEX,2011,34.3737390364979,84.8,99.0,9.1,1632.53833582198,4.22179978144365,33.8231022149217,3.44404505794418,9575.93437788582,115243504.0
Mexico,MEX,2012,34.3107333007536,84.8,99.1,9.0,1652.16322037583,4.33350424276325,34.0963424723894,3.55321075993527,9782.51776305354,116818208.0
Mexico,MEX,2013,34.2477275650094,84.7,99.1,9.2,1633.00512016612,4.17443117084187,32.1682751258816,0.852101559410627,9738.71059803658,118343573.0
Mexico,MEX,2014,34.1847218292652,84.7,99.2,9.8,1582.66666115179,4.01481960973153,31.9175541331636,2.50376350288664,9862.48125444199,119784261.0
Mexico,MEX,2015,34.1217160935209,84.7,99.0,9.2,1539.13826670827,4.05069677949307,30.8402536092133,2.70232342550646,10021.2386118827,121072306.0
Mexico,MEX,2016,34.0559942385349,84.8,99.5,9.2,1525.3837445098,4.06104469144067,30.6167913981452,1.77249323845399,10100.5021214015,122251351.0
Mexico,MEX,2017,33.9902672393837,84.7,100.0,10.1,1478.43896510686,4.05743329599921,31.9586846731805,1.87172853327193,10193.7727193457,123400057.0
Mexico,MEX,2018,33.9247408626765,84.8,99.5,10.3,1493.47882156246,3.83831705872518,32.0438654533728,1.97208209405635,10296.8690928534,124573711.0
Mexico,MEX,2019,33.858895547725,85.0,99.6,10.3,1469.65350320528,3.92542377851696,31.8382961395485,-0.392690505066824,10159.4448364319,125762982.0
Mexico,MEX,2020,33.7930502327735,85.0,99.4,12.3,1366.42722558757,3.46247141559905,30.9999803907609,-8.35403458167995,9234.64362317923,126799054.0
Mexico,MEX,2021,33.727204917822,85.05,100.0,13.0,1417.70559078908,3.54662489893704,31.9695289853652,6.0484834621255,9728.05680032556,127648148.0
Mexico,MEX,2022,33.6618740193935,85.0,100.0,,1525.73516114419,3.52183828963573,33.1638305245733,3.70975709163623,10013.2479236143,128613117.0
Mexico,MEX,2023,33.5959176419147,85.1,99.7,,1559.78994657193,3.66576524934041,32.6059323521063,3.35354140652768,10259.1766616403,129739759.0
"Micronesia, Fed. Sts.",FSM,2000,91.2285714285714,10.8,46.0,1.3,,0.0017850130305951,8.15549372131414,4.62457361932451,2724.42245620978,112044.0
"Micronesia, Fed. Sts.",FSM,2001,91.2671428571429,10.7,48.4,1.4,,0.0017799136741868,8.25104962102604,1.82014181387615,2766.08612139035,112365.0
"Micronesia, Fed. Sts.",FSM,2002,91.3057142857143,10.8,50.1,1.6,,0.0017785998861696,6.74632502481315,0.443232388562762,2776.29556090642,112448.0
"Micronesia, Fed. Sts.",FSM,2003,91.3442857142857,10.9,51.8,0.9,,0.0017811818141336,6.61403182368963,1.76276569060707,2829.3364363568,112285.0
"Micronesia, Fed. Sts.",FSM,2004,91.3828571428571,10.9,53.5,1.0,,0.0017869108778199,6.04940283740864,-3.19038314015573,2747.87981611358,111925.0
"Micronesia, Fed. Sts.",FSM,2005,91.4214285714286,11.0,55.2,1.4,,0.0017951387642264,5.16568492454759,2.31413355373383,2824.41492288117,111412.0
"Micronesia, Fed. Sts.",FSM,2006,91.46,11.1,57.0,1.4,,0.0018062115615602,3.95459186837864,-0.198978337483553,2836.18187521481,110729.0
"Micronesia, Fed. Sts.",FSM,2007,91.4985714285714,11.1,58.7,1.2,,0.0018201674554059,3.0467472277909,-1.72367428324624,2808.83168399832,109880.0
"Micronesia, Fed. Sts.",FSM,2008,91.5371428571429,11.25,60.5,1.4,,0.0018359403686568,3.65725106032344,-2.5834881422762,2759.97734131572,108936.0
"Micronesia, Fed. Sts.",FSM,2009,91.5757142857143,11.6,62.2,1.1,,0.0018525894569134,6.81964467996625,1.09846663749369,2815.59835156937,107957.0
"Micronesia, Fed. Sts.",FSM,2010,91.6142857142857,11.7,64.5,2.0,,0.0018597731076808,7.21926182402666,2.06618820882574,2884.91733583068,107540.0
"Micronesia, Fed. Sts.",FSM,2011,91.6542857142857,11.8,66.3,1.6,,0.0018570446990659,8.13791504448747,3.7837208928099,2989.68205288365,107698.0
"Micronesia, Fed. Sts.",FSM,2012,91.6942857142857,12.1,67.8,1.4,,0.0018537399202891,8.32839320983445,-1.69422024723235,2933.79998441501,107890.0
"Micronesia, Fed. Sts.",FSM,2013,91.7342857142857,12.1,69.4,1.4,,0.0018497794138049,7.29917863503109,-3.67642942893428,2819.90328917215,108121.0
"Micronesia, Fed. Sts.",FSM,2014,91.7742857142857,12.5,71.2,1.5,,0.0018450865345584,5.97589617420489,-2.58581649978665,2740.01667828088,108396.0
"Micronesia, Fed. Sts.",FSM,2015,91.8142857142857,12.7,73.0,1.7,,0.0018396556164686,6.05754807047787,4.43363849623874,2853.07643587028,108716.0
"Micronesia, Fed. Sts.",FSM,2016,91.8571428571429,12.7,74.8,1.9,,0.0018336007334402,6.04695384615385,0.942726461831327,2870.49424845266,109075.0
"Micronesia, Fed. Sts.",FSM,2017,91.9,12.9,76.5,1.7,,0.0018268009974333,5.42941504178273,2.17575003627566,2922.07246225843,109481.0
"Micronesia, Fed. Sts.",FSM,2018,91.9428571428572,12.9,78.3,2.0,,0.001819687195771,4.86645408163265,0.0,2910.6935304708,109909.0
"Micronesia, Fed. Sts.",FSM,2019,91.9857142857143,13.1,80.1,2.0,,0.0018135325801128,4.81791878172589,4.08163265306123,3019.25086619614,110282.0
"Micronesia, Fed. Sts.",FSM,2020,92.0285714285714,13.3,81.9,2.0,,0.0018031663601283,4.87352330782266,-1.67294117647059,2951.77114318964,110916.0
"Micronesia, Fed. Sts.",FSM,2021,92.0714285714286,13.3,83.6,2.1,,0.0017917293771948,5.00232506532782,3.09969928290539,3023.96457451783,111624.0
"Micronesia, Fed. Sts.",FSM,2022,92.1142857142857,13.3,85.3,2.0,,0.0017838985318515,5.01864496057164,-2.90588999868474,2923.25915160041,112114.0
"Micronesia, Fed. Sts.",FSM,2023,92.1571428571429,13.3,86.9,,,0.0017757258279321,5.05851594697164,0.453118220707168,2923.05174793291,112630.0
"Middle East, North Africa, Afghanistan & Pakistan",MEA,2000,2.10069126026929,62.6594010318437,82.5699139042888,9.38184318723493,1161.07179955093,3.08301437280586,42.8378554915101,6.36521122114011,4004.84887081865,494850317.0
"Middle East, North Africa, Afghanistan & Pakistan",MEA,2001,2.1130182870912,64.2333545487115,83.2791761702007,9.24963116469611,1221.86988689867,3.16208828055599,40.6400119622749,1.9627547253322,3989.70458625268,506478256.0
"Middle East, North Africa, Afghanistan & Pakistan",MEA,2002,2.12534531391311,65.521988699734,83.6085979368698,9.18439815609769,1245.11886211378,3.19317825059483,41.4965899749683,2.08621523762919,3980.86113304131,518193093.0
"Middle East, North Africa, Afghanistan & Pakistan",MEA,2003,2.13770276017892,66.5805699282754,84.5846166554136,9.25438557193234,1247.1475309264,3.2333311302443,42.0021856628067,4.69960688432892,4072.49109670511,530338988.0
"Middle East, North Africa, Afghanistan & Pakistan",MEA,2004,2.15003166215649,67.7157093040052,84.9804101170533,9.16325173786826,1284.86299834191,3.35098764844418,44.1902602531211,7.94070335176018,4292.69394546798,543086512.0
"Middle East, North Africa, Afghanistan & Pakistan",MEA,2005,2.16235716465415,68.7053156996309,85.9579036662094,9.03795942767874,1348.55274606424,3.48365939784946,47.7827040390114,5.28840925831997,4413.06728927417,556210211.0
"Middle East, North Africa, Afghanistan & Pakistan",MEA,2006,2.17467405156357,69.5430583494283,87.6565823004563,8.66259508825461,1383.15239959005,3.59967608731182,48.776458168486,5.98815018985034,4564.98448996785,569898499.0
"Middle East, North Africa, Afghanistan & Pakistan",MEA,2007,2.18699773741705,70.4006477735109,87.15191140522,8.16463294723801,1418.58460294429,3.69488439152568,48.0512082550429,5.23301132882172,4689.93167710735,583743828.0
"Middle East, North Africa, Afghanistan & Pakistan",MEA,2008,2.19932312299445,71.1644816425019,88.0946609813966,7.81608678497236,1474.56284399721,3.80095748431961,50.1108086225645,4.3765405545584,4780.09426990896,597799097.0
"Middle East, North Africa, Afghanistan & Pakistan",MEA,2009,2.21208918331652,71.7336531606532,88.74034285556,7.6902671973751,1485.47236482383,3.83554581167641,43.1418808876687,1.11825830274377,4720.39884992496,612128501.0
"Middle East, North Africa, Afghanistan & Pakistan",MEA,2010,2.224420151514,72.2247666884129,90.5608198614909,7.59280845232692,1517.63524259663,3.91183016985876,45.309618511398,4.80966519096368,4846.87350895943,624828664.0
"Middle East, North Africa, Afghanistan & Pakistan",MEA,2011,2.22318053553176,72.680299560102,90.7761559347102,7.43634228145233,1516.80920358794,3.91666504663019,48.0407699153577,3.84226414950793,4921.0673637503,639053870.0
"Middle East, North Africa, Afghanistan & Pakistan",MEA,2012,2.2219412719147,73.2864771170311,91.8541213665318,7.19138786591317,1552.89349689657,4.03363336593308,48.1103257496345,4.24819927226845,5018.45851427188,653273442.0
"Middle East, North Africa, Afghanistan & Pakistan",MEA,2013,2.2207362503408,73.8205516999457,93.1479690416445,7.23035612797874,1535.61541615123,4.02453545319464,46.5599170719262,2.41717330451516,5030.48983466441,667464006.0
"Middle East, North Africa, Afghanistan & Pakistan",MEA,2014,2.21951838021883,74.2465013826845,94.0320956677215,7.07122180407551,1591.46899539264,4.08899502911255,44.2269317444417,3.12206429423114,5086.55092778754,680716578.0
"Middle East, North Africa, Afghanistan & Pakistan",MEA,2015,2.21827821025288,74.8548951582627,93.4360655461117,7.08007314623562,1580.3068725707,4.07358261929456,36.2493554387456,2.77016552351637,5125.68064083245,694232973.0
"Middle East, North Africa, Afghanistan & Pakistan",MEA,2016,2.21308923020185,75.4430603172851,95.158764819742,7.10925108984167,1602.22035608775,4.07369056806919,34.3461503663222,4.49846676594123,5259.35921867209,707023525.0
"Middle East, North Africa, Afghanistan & Pakistan",MEA,2017,2.21348018334205,75.8061271457959,96.0012431691978,7.14927454903901,1632.42756536583,4.1098953305679,36.1431563051859,2.07651843299037,5279.9701627926,718887744.0
"Middle East, North Africa, Afghanistan & Pakistan",MEA,2018,2.21144100839568,76.2667761033233,94.9706861712286,7.30858693459966,1599.50335552703,4.00141667341802,39.1623339459004,2.3999522914998,5321.7434512062,730362334.0
"Middle East, North Africa, Afghanistan & Pakistan",MEA,2019,2.21117792872636,76.7406469048732,96.0087072984601,7.59670819188084,1614.55707447245,4.0292139840215,37.5232191218194,1.59137160696825,5316.51746627674,742714463.0
"Middle East, North Africa, Afghanistan & Pakistan",MEA,2020,2.21036298582825,77.1511351924818,96.2621204422818,7.54675702757893,1559.96648826589,3.94396842035064,32.877947098183,-3.58499748950123,5033.14208530647,756405281.0
"Middle East, North Africa, Afghanistan & Pakistan",MEA,2021,2.20991635593915,77.5462596875773,96.4166690553693,,1606.38075316444,4.07701652507936,37.9271482071992,5.03631361698847,5209.67271136343,767578451.0
"Middle East, North Africa, Afghanistan & Pakistan",MEA,2022,2.20189662489562,78.0405170756645,95.8637945014964,,1628.23219448934,4.09432116464173,43.218816823565,6.4465289217368,5440.81530487828,782349366.0
"Middle East, North Africa, Afghanistan & Pakistan",MEA,2023,,78.617471658088,96.4226367435274,,,4.09068275111043,39.7069954028138,2.25920706136691,5455.97429791083,797801454.0
"Middle East, North Africa, Afghanistan & Pakistan (IDA & IBRD)",TMN,2000,2.49629709880599,60.0173632781803,81.2536678712174,12.9920002860324,788.158562169186,2.10765321389034,36.616837226151,5.86039411954174,2320.80541483788,460058369.0
"Middle East, North Africa, Afghanistan & Pakistan (IDA & IBRD)",TMN,2001,2.51168319744599,61.6500513820718,81.995810773732,12.83682104729,823.496277327425,2.15871275378851,33.9949349297645,2.91722311637344,2336.86270839232,470225878.0
"Middle East, North Africa, Afghanistan & Pakistan (IDA & IBRD)",TMN,2002,2.52706929608599,62.9826281569081,82.3266033779687,12.813688252485,825.921688605367,2.15488868460953,35.6132433183888,3.2830774141255,2362.1474741275,480465143.0
"Middle East, North Africa, Afghanistan & Pakistan (IDA & IBRD)",TMN,2003,2.54250340925807,64.0757644252377,83.3598460483781,12.9420466347435,828.75719127857,2.16902899688787,35.2921059662245,2.74558961452061,2374.28256433042,491133637.0
"Middle East, North Africa, Afghanistan & Pakistan (IDA & IBRD)",TMN,2004,2.55789488331965,65.2573506373596,83.7666973214964,12.6763206832426,872.302648891386,2.26625694680353,37.5709815780189,7.62243126147804,2498.0483965743,502381957.0
"Middle East, North Africa, Afghanistan & Pakistan (IDA & IBRD)",TMN,2005,2.57328130311446,66.2826712905205,84.8054610893122,12.4448450201836,923.876272897858,2.36519224560584,40.360256077993,4.91110250060804,2561.89007487955,513920381.0
"Middle East, North Africa, Afghanistan & Pakistan (IDA & IBRD)",TMN,2006,2.58865228488959,67.1338024323962,86.6225518861902,12.0125380030703,935.979945433546,2.4365772897582,41.5623895140004,5.44292597279696,2640.5399369682,525752130.0
"Middle East, North Africa, Afghanistan & Pakistan (IDA & IBRD)",TMN,2007,2.60403602464593,67.9880463243892,86.0502685841007,11.414820556546,956.026048157276,2.49932441273345,41.6189653680772,5.83016030172563,2734.2054667671,537343609.0
"Middle East, North Africa, Afghanistan & Pakistan (IDA & IBRD)",TMN,2008,2.61942233738765,68.7459942221545,87.0398617493712,11.1606287551238,978.986941086556,2.52313165351744,43.2532415364585,3.43901141927678,2767.73209152447,549090016.0
"Middle East, North Africa, Afghanistan & Pakistan (IDA & IBRD)",TMN,2009,2.63546614862433,69.3134838738639,87.72245737765,11.0799158086585,978.157484130705,2.54871392412828,37.45035263886,2.79415029136179,2782.93412660241,561349152.0
"Middle East, North Africa, Afghanistan & Pakistan (IDA & IBRD)",TMN,2010,2.6508589363883,69.8808406724598,89.718636418982,11.1975121431898,973.589835310195,2.53950003026186,39.4923505588995,4.82401058544104,2854.82931988365,573609877.0
"Middle East, North Africa, Afghanistan & Pakistan (IDA & IBRD)",TMN,2011,2.64907733559215,70.3300451012106,89.9389892888994,11.0593308918401,968.709168855289,2.49888498856892,40.3579900190638,-0.443113071279598,2783.21080824354,585763053.0
"Middle East, North Africa, Afghanistan & Pakistan (IDA & IBRD)",TMN,2012,2.647295734796,70.9300668302228,91.0963754860192,11.0384456368474,985.641072767857,2.56432373134495,40.1101717580548,3.53707375357656,2824.63821117317,597586990.0
"Middle East, North Africa, Afghanistan & Pakistan (IDA & IBRD)",TMN,2013,2.6455646340719,71.4389539260246,92.4917628816355,11.1424728929043,974.134287273315,2.55819903460459,38.7385083623208,1.09016621407683,2801.57595101198,609074579.0
"Middle East, North Africa, Afghanistan & Pakistan (IDA & IBRD)",TMN,2014,2.64378299926687,71.8665068815405,93.4524577644192,11.0410170572294,1006.53687099669,2.58326066621789,36.3528239952759,2.41652131998269,2816.94028870906,620390664.0
"Middle East, North Africa, Afghanistan & Pakistan (IDA & IBRD)",TMN,2015,2.6420011017899,72.4594851020382,92.7799106414588,11.2881808687104,971.080844257739,2.53562689767356,30.7811402859563,1.09198112085784,2799.45441811583,631082594.0
"Middle East, North Africa, Afghanistan & Pakistan (IDA & IBRD)",TMN,2016,2.63797751064084,73.0524573852252,94.6688585064836,11.1456851493979,1000.11076515632,2.56443026052064,29.8294816438993,5.54085474867692,2906.72067314977,641470827.0
"Middle East, North Africa, Afghanistan & Pakistan (IDA & IBRD)",TMN,2017,2.63873793650745,73.4556519668056,95.5938136477709,10.943060961286,1046.45024831933,2.65582551208189,31.5372413460414,3.4198181339446,2956.16092955273,652312809.0
"Middle East, North Africa, Afghanistan & Pakistan (IDA & IBRD)",TMN,2018,2.63617723143213,74.0097280563348,94.4715748209862,10.9557039236004,1028.01113640693,2.62040780980738,33.0137839632206,2.10715733011398,2965.86693458956,663878345.0
"Middle East, North Africa, Afghanistan & Pakistan (IDA & IBRD)",TMN,2019,2.63585421828816,74.5579222241471,95.6135456463624,11.4771071770715,1059.61667696719,2.65204425453706,32.3903960626191,1.39256894290483,2954.09492790131,675805691.0
"Middle East, North Africa, Afghanistan & Pakistan (IDA & IBRD)",TMN,2020,2.63482854491768,74.9889536943546,95.8888561743117,11.2025085485546,1021.2116514865,2.61907296888114,28.9060563878401,-2.56591730467834,2828.39465134815,687728758.0
"Middle East, North Africa, Afghanistan & Pakistan (IDA & IBRD)",TMN,2021,2.63427375610243,75.482319396557,96.0681260042218,,1062.71458409021,2.73551562037933,33.1042331351597,4.3128229659946,2900.57960405182,699536053.0
"Middle East, North Africa, Afghanistan & Pakistan (IDA & IBRD)",TMN,2022,2.63299911744047,75.9706034748614,95.4516981935493,,1069.76511209856,2.73637800434735,37.1049539381829,4.33155082949985,2975.47966425011,711465045.0
"Middle East, North Africa, Afghanistan & Pakistan (IDA & IBRD)",TMN,2023,,76.5501871248102,96.0574946837091,,,2.73271406164788,34.7809950761327,2.90736899917957,3009.34133947192,723911670.0
"Middle East, North Africa, Afghanistan & Pakistan (excluding high income)",MNA,2000,2.49570628933004,60.0173632781803,81.3700939457665,13.0038960774325,788.158562169186,2.10765321389034,36.506271147006,5.74920560548169,2321.52904553104,462980522.0
"Middle East, North Africa, Afghanistan & Pakistan (excluding high income)",MNA,2001,2.51109182928465,61.6500513820718,82.1041626354686,12.848024215526,823.496277327425,2.15871275378851,33.9296589640426,2.83613740539485,2335.69507943702,473223662.0
"Middle East, North Africa, Afghanistan & Pakistan (excluding high income)",MNA,2002,2.52647736923925,62.9826281569081,82.4339201108434,12.8397048283667,825.921688605367,2.15488868460953,35.5154008192517,3.19085033612399,2358.79891547333,483540516.0
"Middle East, North Africa, Afghanistan & Pakistan (excluding high income)",MNA,2003,2.54191088383071,64.0757644252377,83.4603130572668,12.9698091599557,828.757191278571,2.16902899688787,35.2152499664483,2.8014800169456,2372.1522342386,494288606.0
"Middle East, North Africa, Afghanistan & Pakistan (excluding high income)",MNA,2004,2.55730179480353,65.2573506373596,83.867411215778,12.706386923975,872.302648891386,2.26625694680353,37.4615738383893,7.70109500571161,2497.58482977173,505618583.0
"Middle East, North Africa, Afghanistan & Pakistan (excluding high income)",MNA,2005,2.57268765570924,66.2826712905205,84.9004337403584,12.4721454152737,923.876272897858,2.36519224560584,40.2443835376724,4.95082503460698,2562.3377597191,517240777.0
"Middle East, North Africa, Afghanistan & Pakistan (excluding high income)",MNA,2006,2.58805809136874,67.1338024323962,86.7067349035165,12.0275723840766,935.979945433546,2.4365772897582,41.4378187519135,5.40040817572248,2639.88906827009,529158464.0
"Middle East, North Africa, Afghanistan & Pakistan (excluding high income)",MNA,2007,2.60344127443277,67.9880463243892,86.1326479228012,11.4371725209298,956.026048157276,2.49932441273345,41.503349831096,5.81749668431053,2733.1384102406,540838105.0
"Middle East, North Africa, Afghanistan & Pakistan (excluding high income)",MNA,2008,2.61882702835329,68.7459942221545,87.1227921210742,11.1816613915187,978.986941086556,2.52313165351744,43.1240013043589,3.46328367580541,2767.19555091699,552681993.0
"Middle East, North Africa, Afghanistan & Pakistan (excluding high income)",MNA,2009,2.6348697388816,69.3134838738639,87.8019637831563,11.0947663614785,978.157484130705,2.54871392412828,37.3369690541786,2.83077998535532,2783.30273792282,565038251.0
"Middle East, North Africa, Afghanistan & Pakistan (excluding high income)",MNA,2010,2.65026196321883,69.8808406724598,89.7853987089534,11.2058888704594,973.589835310195,2.53950003026186,39.3681076948287,4.83036957893697,2855.29913107747,577396038.0
"Middle East, North Africa, Afghanistan & Pakistan (excluding high income)",MNA,2011,2.64848520377291,70.3300451012106,90.0032683061914,11.0708127254411,968.709168855289,2.49888498856892,40.2322526617415,-0.375513449292285,2785.48050527274,589646039.0
"Middle East, North Africa, Afghanistan & Pakistan (excluding high income)",MNA,2012,2.64670844432698,70.9300668302228,91.1539591115329,11.0420215371111,985.641072767856,2.56432373134495,39.9919773744069,3.55602439287178,2827.37154127985,601566988.0
"Middle East, North Africa, Afghanistan & Pakistan (excluding high income)",MNA,2013,2.6449821436343,71.4389539260246,92.5410186202545,11.1442150564461,974.134287273315,2.55819903460459,38.5972231429408,1.11753964540209,2804.95389859493,613151287.0
"Middle East, North Africa, Afghanistan & Pakistan (excluding high income)",MNA,2014,2.64320535029219,71.8665068815405,93.4955408707137,11.0400705993001,1006.53687099669,2.58326066621789,36.2188792541686,2.39632511204408,2819.68602311378,624564062.0
"Middle East, North Africa, Afghanistan & Pakistan (excluding high income)",MNA,2015,2.64142829449219,72.4594851020382,92.8277634911895,11.2870521999878,971.080844257739,2.53562689767356,30.6684930219756,1.11209373505632,2802.63134980954,635352686.0
"Middle East, North Africa, Afghanistan & Pakistan (excluding high income)",MNA,2016,2.63740711009391,73.0524573852252,94.704907124104,11.1503064832308,1000.11076515632,2.56443026052064,29.7247861129753,5.56693551530638,2910.61808296495,645837915.0
"Middle East, North Africa, Afghanistan & Pakistan (excluding high income)",MNA,2017,2.63816672580734,73.4556519668056,95.6230221837644,10.9413685116146,1046.45024831933,2.65582551208189,31.4315783540291,3.40363074392963,2959.5986439925,656767614.0
"Middle East, North Africa, Afghanistan & Pakistan (excluding high income)",MNA,2018,2.63560755339638,74.0097280563348,94.5093636648155,10.9619732223084,1028.01113640693,2.62040780980738,32.8947813061568,2.10017249362863,2968.95602708448,668447432.0
"Middle East, North Africa, Afghanistan & Pakistan (excluding high income)",MNA,2019,2.63528473437885,74.5579222241471,95.6437471934695,11.4865470725413,1059.61667696719,2.65204425453706,32.2600281974327,1.39233381379324,2957.01658493792,680490997.0
"Middle East, North Africa, Afghanistan & Pakistan (excluding high income)",MNA,2020,2.63425967490602,74.9889536943546,95.9173702775193,11.2181326344417,1021.2116514865,2.61907296888114,28.7954541988359,-2.63476856206411,2829.04712608404,692532027.0
"Middle East, North Africa, Afghanistan & Pakistan (excluding high income)",MNA,2021,2.63370390888489,75.482319396557,96.0956018888668,,1062.71458409021,2.73551562037933,32.9602815970518,4.33216201656492,2901.63413648526,704458802.0
"Middle East, North Africa, Afghanistan & Pakistan (excluding high income)",MNA,2022,2.63299911744047,75.9706034748614,95.483714372763,,1069.76511209856,2.73637800434735,36.9301148284532,4.32972249891917,2976.35590636317,716508657.0
"Middle East, North Africa, Afghanistan & Pakistan (excluding high income)",MNA,2023,,76.5501871248102,96.0854287468734,,,2.73271406164788,34.6173526476197,2.85265290265325,3008.48699915159,729077445.0
Middle income,MIC,2000,30.721283919717,38.3462296570624,77.2241914464206,32.427416994662,749.719883759471,2.01449359787017,33.8572517657039,5.62677084770813,2277.27178754853,4491582042.0
Middle income,MIC,2001,30.6428579907233,39.4155528936596,77.9432237654001,31.8232596832642,755.183910766619,2.04520571062047,33.6552768138437,3.64964924589269,2326.35581527473,4557281954.0
Middle income,MIC,2002,30.5651818512282,40.446454431526,78.5549158338106,31.1929588416597,774.72058754863,2.11310123781797,34.2616672354913,4.792692207537,2404.29239657687,4620891319.0
Middle income,MIC,2003,30.4834240541288,41.5340755970009,79.7289717841542,29.8821779608537,820.949575026461,2.27335938890533,34.3297766702044,5.94257754893161,2513.07600926272,4683580056.0
Middle income,MIC,2004,30.4059841387465,42.6654296484398,79.7506013869186,27.9061883965044,879.531591814231,2.45911108926079,35.0698100849103,7.72326005076145,2671.06832098,4746877931.0
Middle income,MIC,2005,30.3261864546285,43.8256444507598,80.9114618782945,26.3472774471576,920.942549846173,2.62505607229061,35.6573434077987,7.39387401511797,2831.05223711225,4809774178.0
Middle income,MIC,2006,30.2511555674398,44.9779351621303,81.685538137335,25.5681272342587,962.504928987902,2.78900578369353,36.331495111691,8.27608794414316,3026.12925447476,4872116354.0
Middle income,MIC,2007,30.173716687351,46.3549695751238,82.6476038900689,24.4576836636216,1003.44027846657,2.94635022624342,36.147192053985,8.89954826395221,3254.29975423416,4933710362.0
Middle income,MIC,2008,30.0961387617164,47.6792060850214,83.7498298248935,23.9771797708647,1025.37339468336,3.00768182438989,36.9445919013639,5.95950916544223,3404.98708871015,4996382425.0
Middle income,MIC,2009,30.0198091867683,49.1708738310681,84.2668974741851,23.6577944871636,1043.76478773814,3.07496283407203,35.5919796546023,4.02815612964409,3497.74128828918,5059811744.0
Middle income,MIC,2010,29.942102079675,50.7392781301014,84.9999537271052,22.7078906548731,1107.02042623374,3.2748722239538,35.9704841998736,8.1953226463346,3737.17369206799,5123741911.0
Middle income,MIC,2011,29.8816289058924,52.4006574296258,86.5077282234945,21.7433504549751,1148.47285792574,3.46016377457777,36.620836603169,6.47282729933193,3929.35951257039,5188568435.0
Middle income,MIC,2012,29.8213894935825,54.281865094079,86.8565606090893,21.616044304915,1171.62493616574,3.54596387891217,36.4524799781229,5.65933434134629,4098.86423214222,5255495302.0
Middle income,MIC,2013,29.7625482022872,56.3543048415932,87.8878167251911,21.5666821075777,1188.95493976593,3.62666720375544,35.6516379157538,5.66852747768898,4276.8418859906,5322303622.0
Middle income,MIC,2014,29.7026770671095,58.3279266466835,88.4907385219608,21.5627649780799,1206.41157023155,3.65205278200209,34.9635437641146,5.21265502285895,4444.30945842191,5388731311.0
Middle income,MIC,2015,29.6403935700911,60.4649737383904,89.6958037766237,21.5560536905019,1194.22928167944,3.59160883703701,33.5419194725559,4.79323569638042,4602.5168269161,5452914477.0
Middle income,MIC,2016,29.6016961686149,62.5314013618123,90.7291286306228,21.7814211036831,1195.09795578421,3.58374022622844,32.7766471093831,4.79383614545681,4768.02490169307,5515962374.0
Middle income,MIC,2017,29.5265001681778,64.6234462974951,91.7558824062698,21.8712431719356,1221.42811822726,3.64192704112363,33.1613368176634,5.3794397561883,4967.67314800986,5579081195.0
Middle income,MIC,2018,29.4779137418642,66.7264187781622,92.8949172748869,21.9901982115892,1251.123473002,3.74071763996328,33.7763247570042,5.01977524585533,5160.5638050536,5640136670.0
Middle income,MIC,2019,29.4259457841481,68.6970947591548,93.2810806550699,22.4930680521439,1278.98747692953,3.78130785767744,32.7737397478454,4.17222345719388,5320.7385938622,5698581856.0
Middle income,MIC,2020,29.3767689575908,70.6857991592164,93.6244047915351,23.3167480903784,1264.95522370933,3.70266616229851,32.3504498515386,-1.12103096286306,5211.08110372645,5753270728.0
Middle income,MIC,2021,29.3180967846207,72.4836555491962,94.8333917992069,,1334.31660515576,3.88266512212017,33.9466292174343,7.46158157346058,5552.64149986245,5802247321.0
Middle income,MIC,2022,29.2704629156861,74.0518795211852,94.8579251685419,,1357.58744143565,3.89601668348134,34.0804884960566,4.00728998415607,5731.4739020229,5846464711.0
Middle income,MIC,2023,,75.5954078914299,95.1581054427171,,1648.70809376392,4.01645231310392,32.8846047794507,4.88060310294016,5965.65860396171,5891100497.0
Moldova,MDA,2000,10.4744525547445,63.1,98.7,5.7,985.928952009192,2.3577376987747,19.1476693676567,2.10771608200733,1346.91567176561,2924668.0
Moldova,MDA,2001,10.56599756691,67.1,98.8,5.6,1046.10154095215,2.46105817585547,21.9691372835076,6.10000039929173,1432.2768928234,2918135.0
Moldova,MDA,2002,10.6575425790754,70.3,99.0,5.8,1063.47434041597,2.51059203781018,20.3847621314161,7.79999965773833,1547.57421231612,2911385.0
Moldova,MDA,2003,10.7523577730453,74.3,98.8,5.9,1157.57082496873,2.7110792994484,20.6728809877258,6.59999995777716,1654.36629303195,2903198.0
Moldova,MDA,2004,10.8406326034063,77.9,99.1,4.8,1166.2119108417,2.72501288836449,20.7175324675325,7.39999973358189,1781.19145323724,2896023.0
Moldova,MDA,2005,10.9288537549407,81.0,98.6,4.3,1219.63334396967,2.88374636766892,19.1675900350579,7.5000001493726,1919.44550763748,2888985.0
Moldova,MDA,2006,11.0203709334144,84.0,98.9,5.0,1197.85781024639,2.81572124915002,18.7779036510703,4.79999983670831,2017.17730062908,2880967.0
Moldova,MDA,2007,11.1118881118881,86.3,99.0,4.4,1173.38914723484,2.79219385317951,19.4423919146547,3.00000022585525,2082.51260097669,2874299.0
Moldova,MDA,2008,11.2034052903618,88.6,99.1,4.9,1168.16512504218,2.76331874319628,19.1217348463177,7.80000014541523,2249.22589719372,2868833.0
Moldova,MDA,2009,11.2949224688355,90.3,99.2,4.8,1111.42197315364,2.7251028108556,17.1628740871454,-6.00000026352828,2116.94357544097,2865213.0
Moldova,MDA,2010,11.400304414003,91.9,99.3,20.0,1302.53378603286,2.97129565385693,20.4338917212317,7.10000010705836,2269.51116145996,2862354.0
Moldova,MDA,2011,11.4727549467275,93.2,99.4,20.4,1322.40704209495,2.98346662826114,20.9107204171007,5.81816614684824,2402.94446306051,2860699.0
Moldova,MDA,2012,11.5416920267803,94.3,99.5,22.1,1316.76859981901,2.92022861745732,21.3145109050194,-0.589733954762579,2389.08666147529,2860324.0
Moldova,MDA,2013,11.6070559610706,95.1,99.6,23.8,1184.75017871064,2.62071970563283,21.6032575380958,9.0438656074181,2605.85029986142,2859558.0
Moldova,MDA,2014,11.6794403892944,95.8,99.8,24.3,1277.13936379874,2.81365308811102,21.1263772009346,4.99962585407656,2737.80185056647,2857815.0
Moldova,MDA,2015,11.7518248175182,96.3,99.9,24.7,1307.99462011084,2.92639787755758,21.1076657265026,-0.338235622387202,2749.55137054338,2835978.0
Moldova,MDA,2016,11.7548661800487,96.8,99.9,25.3,1356.31269266323,3.00493795274377,21.1944646085144,4.64601436259409,2910.95486872376,2803186.0
Moldova,MDA,2017,11.7512921860748,97.2,100.0,26.1,1397.59909786185,3.01460262798668,21.0188767695091,4.17561205106279,3085.33305844263,2755189.0
Moldova,MDA,2018,11.7529716925191,97.5,100.0,25.3,1495.57314367291,3.27363703423792,22.1479763600006,4.07559546585034,3267.9961042872,2707203.0
Moldova,MDA,2019,11.7527572607105,97.7,100.0,22.0,1500.03948472062,3.41941968843461,21.9233489252916,3.5523140853476,3438.67732670712,2664224.0
Moldova,MDA,2020,11.7532218728523,97.9,100.0,22.3,1461.47443268889,3.35786090249817,23.1345230028419,-8.27597831976949,3188.91691602699,2635130.0
Moldova,MDA,2021,11.7512921860748,98.1,100.0,21.4,1611.52792339614,3.71857097344219,20.6312606801817,13.9299997889786,3688.16729442144,2595809.0
Moldova,MDA,2022,11.7548661800487,98.2,100.0,,1422.63575303914,3.27771217414482,19.0908218110745,-4.6000000255323,3611.95484733286,2528654.0
Moldova,MDA,2023,11.7370179167932,98.3,100.0,,1296.80089045941,3.33935095165033,17.687867818777,1.2000000493378,3760.7000642059,2457783.0
Monaco,MCO,2000,0.0,100.0,100.0,,,,,3.91022992758094,120456.506337384,32455.0
Monaco,MCO,2001,0.0,100.0,100.0,,,,,2.18773369040099,123122.12291461,32447.0
Monaco,MCO,2002,0.0,100.0,100.0,,,,,1.02649757327522,124481.880220824,32422.0
Monaco,MCO,2003,0.0,100.0,100.0,,,,,1.08753654746801,126022.239091348,32374.0
Monaco,MCO,2004,0.0,100.0,100.0,,,,,2.47048260499609,129403.404955341,32307.0
Monaco,MCO,2005,0.0,100.0,100.0,,,,,1.89541410859198,132253.218402608,32210.0
Monaco,MCO,2006,0.0,100.0,100.0,,,,,5.81764849670007,140615.178788026,32057.0
Monaco,MCO,2007,0.0,100.0,100.0,,,,,14.4375144375144,162028.480643444,31837.0
Monaco,MCO,2008,0.0,100.0,100.0,,,,,0.746871215179652,163243.752211148,31836.0
Monaco,MCO,2009,0.0,100.0,100.0,,,,,-11.3369865758365,142375.532007071,32364.0
Monaco,MCO,2010,0.0,100.0,100.0,,,,12.9223473621814,2.06521962654098,141814.78664157,33163.0
Monaco,MCO,2011,0.0,100.0,100.0,,,,12.8252023227104,7.02235694617619,148272.711991792,33946.0
Monaco,MCO,2012,0.0,100.0,100.0,,,,13.0162423374648,1.01221841230461,146472.677860476,34711.0
Monaco,MCO,2013,0.0,100.0,100.0,,,,13.9971636952998,9.57709832354816,157167.975027858,35447.0
Monaco,MCO,2014,0.0,100.0,100.0,,,,12.62918561389,7.18702777537968,165288.200345355,36128.0
Monaco,MCO,2015,0.0,100.0,100.0,,,,17.5917398696515,4.91037176536236,170437.101188261,36757.0
Monaco,MCO,2016,0.0,100.0,100.0,,,,18.2559909686468,3.00844358752744,173120.189785092,37276.0
Monaco,MCO,2017,0.0,100.0,100.0,,,,12.801953584793,-3.20618323813213,165781.779121526,37678.0
Monaco,MCO,2018,0.0,100.0,100.0,,,,13.1470370674776,5.69790121192926,173041.761057866,38154.0
Monaco,MCO,2019,0.0,100.0,100.0,,,,13.0361610188765,7.12088951975396,185582.7556905,38109.0
Monaco,MCO,2020,0.0,100.0,100.0,,,,14.8961444474613,-13.2391048292108,161262.925884403,38050.0
Monaco,MCO,2021,0.0,100.0,100.0,,,,12.5457762416163,22.2322155851208,194674.777609089,38527.0
Monaco,MCO,2022,0.0,100.0,100.0,,,,12.2757894484929,11.2662955198601,214359.605825981,38931.0
Monaco,MCO,2023,0.0,100.0,100.0,,,,11.5023778642456,5.44395088840088,225884.183303985,38956.0
Mongolia,MNG,2000,9.21774776141672,22.2,67.3,5.7,979.255585329484,3.78533006126955,22.1961421557269,1.14606213709108,1598.31282040605,2388299.0
Mongolia,MNG,2001,9.21257792833521,23.0,71.7,6.1,971.406679479206,3.72755507080754,21.9418832214059,2.95271054338117,1625.46152259484,2417751.0
Mongolia,MNG,2002,9.20740675053234,23.7,72.8,6.5,1025.68016205691,3.94360699167465,22.4846271364412,4.73297846590111,1680.65335337555,2449027.0
Mongolia,MNG,2003,9.1593411587666,24.7,76.3,6.1,988.432178015211,3.77463237398876,25.2199551531292,7.00463457384886,1775.64906676137,2480374.0
Mongolia,MNG,2004,9.15562080463703,25.8,74.8,5.8,1007.3108964645,3.81795335056602,28.3334403733025,10.6254059599309,1942.36263694017,2508412.0
Mongolia,MNG,2005,9.15047384615134,26.9,86.2,5.3,1151.95461061015,4.38774218806367,32.496500599666,7.25366543796015,2060.26168223171,2536407.0
Mongolia,MNG,2006,9.12762336031384,28.0,77.0,4.5,1301.09928192751,4.95386355704029,38.6926063353314,8.55623481664365,2209.74321787628,2567168.0
Mongolia,MNG,2007,9.12248678880711,29.7,78.1,4.7,1341.95620033788,5.07731037530988,37.7347758580465,10.2480163590057,2403.72416258662,2601850.0
Mongolia,MNG,2008,9.11731512861835,31.3,79.2,4.7,1326.19423088287,4.99621481680735,30.8510356631246,8.90036794067551,2576.71295838607,2643201.0
Mongolia,MNG,2009,9.11217830189963,33.1,80.3,4.4,1354.68916905218,5.17581002669897,30.0565585316106,-1.26859893608282,2498.72967493254,2691115.0
Mongolia,MNG,2010,9.10805179300629,34.9,78.5,4.5,1411.62669168414,5.44277377454793,33.1942474892146,6.3651616786311,2611.67326563924,2738622.0
Mongolia,MNG,2011,9.1075731369755,36.7,72.1,4.0,1521.09353741373,5.82704695840423,31.3337485626924,17.2907775869555,3010.81642672623,2786317.0
Mongolia,MNG,2012,9.10685777424814,38.6,83.7,3.0,1558.69025216769,6.21877976761671,30.7715931133163,12.3198198494032,3318.16496597089,2839705.0
Mongolia,MNG,2013,9.10613594411107,40.1,81.2,3.0,1750.80216193822,6.61573895373284,30.5068923847448,11.6489161878925,3628.90708069575,2899011.0
Mongolia,MNG,2014,9.10542135370957,41.9,86.0,3.3,1763.80524679078,6.59114249102211,31.4976232744188,7.88522548204762,3830.35892049593,2963113.0
Mongolia,MNG,2015,9.10469149761818,43.8,88.0,3.5,1516.3411002122,5.95530555717072,31.5158775834209,2.37983580731722,3838.92126989984,3026864.0
Mongolia,MNG,2016,9.10397870509873,45.6,90.8,3.4,1588.34126525003,6.18895798314975,33.1780715301999,1.48978448679577,3817.91962716702,3088856.0
Mongolia,MNG,2017,9.10326591257927,47.2,93.6,1.8,1603.82155065689,6.69287250187922,37.4184116118863,5.63687638694772,3956.2049437134,3148917.0
Mongolia,MNG,2018,9.10255545816196,48.9,98.1,2.1,1772.47014509365,7.1556569765684,37.975670332755,7.74488062024881,4183.85566447661,3208189.0
Mongolia,MNG,2019,9.10182513109581,50.3,98.9,2.3,2018.31091722035,7.75337679137417,38.0926977643653,5.60224422064255,4337.8167085432,3267673.0
Mongolia,MNG,2020,9.09965848797644,51.8,99.5,2.9,1771.64405621298,6.76709333121744,37.0496708511527,-4.55775197583431,4066.03410882791,3327204.0
Mongolia,MNG,2021,9.09894465963877,53.1,100.0,3.0,1923.6542624985,7.35537974094353,37.0755721187771,1.63676957736662,4063.53669849245,3383741.0
Mongolia,MNG,2022,9.09849695989111,54.3,100.0,,1890.63113929262,7.26765621705495,35.3122175669446,5.0327096366527,4205.88554513551,3433748.0
Mongolia,MNG,2023,9.09172405879304,55.8,100.0,,,7.79990491634218,39.5354090088486,7.4221127615025,4456.53627552726,3481145.0
Montenegro,MNE,2000,,66.85,99.1,,,,21.2590046532839,3.10000005928038,4391.36966049063,604950.0
Montenegro,MNE,2001,,66.9,99.1,,,,22.3143207912841,1.09983870937087,4421.83994305167,607389.0
Montenegro,MNE,2002,,66.8,99.0,,,,21.5953506185527,1.90393673332888,4488.00716747744,609828.0
Montenegro,MNE,2003,,66.8,99.0,,,,19.3294873017387,2.48265922878505,4581.10700736435,612267.0
Montenegro,MNE,2004,,66.4,99.0,,,,18.9729443885822,4.42605071745108,4775.39883026359,613353.0
Montenegro,MNE,2005,,65.9,99.8,47.6,1662.81204949987,,17.341544930727,4.18060450885471,4967.68527082416,614261.0
Montenegro,MNE,2006,55.5092936802974,65.4,99.0,44.8,1841.6794367328,,18.4566268180351,8.56641802964204,5386.53833750521,615025.0
Montenegro,MNE,2007,57.003717472119,64.7,99.0,42.3,1828.43393355741,,17.4236682122468,7.13755016459636,5763.04035952173,615875.0
Montenegro,MNE,2008,58.4981412639405,64.2,99.0,38.8,1965.21593409043,,18.134854953618,6.89860030860218,6149.68558098863,616969.0
Montenegro,MNE,2009,59.9925650557621,63.7,99.1,49.2,1555.00501749061,,17.530109017069,-5.99444862538753,5768.65709477479,618294.0
Montenegro,MNE,2010,61.4869888475836,63.3,99.2,49.1,1820.45249352265,,17.1885067406217,2.77559782547836,5917.91788713074,619428.0
Montenegro,MNE,2011,61.4869888475836,62.8,99.0,42.8,1811.21612476135,,15.1880842120516,3.40978812497193,6110.66013917018,620345.0
Montenegro,MNE,2012,61.4869888475836,62.4,99.3,45.9,1701.46827930736,,14.8926108798408,-2.48732882965353,5948.3791195297,621418.0
Montenegro,MNE,2013,61.4869888475836,62.3,99.7,49.3,1574.55136957284,,15.5405922471564,3.38612548540247,6138.25153608056,622587.0
Montenegro,MNE,2014,61.4869888475836,62.0,97.7,46.0,1532.34279533634,,14.3320646687925,2.37030892464516,6272.09116381077,623744.0
Montenegro,MNE,2015,61.4869888475836,61.9,99.5,43.0,1599.59389155142,,14.4315421692779,2.52306333975571,6421.00307345999,624651.0
Montenegro,MNE,2016,61.4869888475836,61.6,99.6,43.9,1552.23307233486,,15.5802198596652,3.4393056210999,6634.38508838803,625353.0
Montenegro,MNE,2017,61.4869888475836,61.8,100.0,37.8,1625.4960826549,,14.8316847329192,3.21668504736274,6840.91155440218,625982.0
Montenegro,MNE,2018,61.4869888475836,61.6,100.0,40.6,1679.55976366983,,16.1079670855784,4.73292113433965,7159.47114735985,626438.0
Montenegro,MNE,2019,61.4869888475836,61.5,100.0,38.7,1737.5931990158,,16.435437285219,4.39391565821528,7470.29588471711,626753.0
Montenegro,MNE,2020,61.4869888475836,61.5,99.9,39.6,1625.86284952725,,17.6118147973713,-14.9926187023533,6351.95486320483,626590.0
Montenegro,MNE,2021,61.4869888475836,61.7,99.8,39.6,1730.51151191493,,14.8673370361287,13.0462607426359,7198.30460781272,625053.0
Montenegro,MNE,2022,61.4869888475836,61.9,100.0,,1674.12860283285,,13.4328345905852,7.73954689516201,7773.60323941511,623591.0
Montenegro,MNE,2023,61.4869888475836,61.4,100.0,,1722.21524778677,,12.7498868945047,6.47836283518564,8278.0284985113,623529.0
Morocco,MAR,2000,12.3382030024647,89.8,69.8,15.5,387.674326412744,1.18101840963276,24.3526302035856,2.58218091499747,1957.14135742188,28423435.0
Morocco,MAR,2001,12.3758525655389,90.9,71.6,15.3,405.385733553728,1.28395135764826,22.8696929940867,7.72182519577728,2078.96606445313,28814643.0
Morocco,MAR,2002,12.413502128613,91.7,73.3,15.1,406.634838346005,1.3109395796486,22.6361224434387,3.73019737485745,2127.50708007813,29198142.0
Morocco,MAR,2003,12.4511516916872,92.4,75.1,16.1,399.736368353388,1.28858561553446,23.3248013144818,6.17110214953244,2229.576171875,29571415.0
Morocco,MAR,2004,12.4888012547614,93.3,78.2,22.4,463.894860712269,1.42987260916412,24.0029876116656,4.57138016516208,2301.08178710938,29953018.0
Morocco,MAR,2005,12.5264508178355,94.0,78.6,20.0,484.797908832576,1.47108136782011,23.6812068826614,3.19224973015831,2342.15478515625,30358144.0
Morocco,MAR,2006,12.5641003809097,94.7,96.5,18.2,486.582730066603,1.47482491570521,22.7530814100902,7.7908200104027,2489.99291992188,30771178.0
Morocco,MAR,2007,12.6017499439839,95.3,82.2,16.6,495.471813588118,1.47563680503993,22.422939278529,3.44106776690418,2540.615234375,31186468.0
Morocco,MAR,2008,12.639399507058,95.7,84.1,14.4,507.932323340328,1.56522177671636,24.3155822554726,5.68453936284732,2648.58569335938,31606767.0
Morocco,MAR,2009,12.6770490701322,96.3,85.9,14.2,504.85859762712,1.52837686302843,22.25957486397,3.74576940136258,2710.66650390625,32030778.0
Morocco,MAR,2010,12.7146986332064,96.6,95.7,13.9,526.098528303577,1.60291293785669,23.7119126900355,3.49955709403216,2767.04223632813,32467016.0
Morocco,MAR,2011,12.7192336993054,96.9,96.1,11.8,559.353279063147,1.70993845880488,24.5065191885483,5.52464523319847,2879.53930664063,32912588.0
Morocco,MAR,2012,12.7237687654044,97.3,96.4,10.9,559.656539214197,1.75533733964027,24.2659773507632,3.06234368502997,2927.45043945313,33355241.0
Morocco,MAR,2013,12.7283038315035,97.5,97.2,11.6,554.322076671451,1.73118097184317,24.1531288845084,4.12221286860944,3008.185546875,33787571.0
Morocco,MAR,2014,12.7328388976025,97.7,97.3,11.1,555.591040302721,1.73842954113431,25.8132675090419,2.7192440802029,3051.458984375,34204780.0
Morocco,MAR,2015,12.7373739637015,97.9,97.3,11.2,563.603106638362,1.76683506518859,25.6226817262287,4.34458297635238,3146.24780273438,34607588.0
Morocco,MAR,2016,12.7712077078199,98.0,97.8,11.1,558.062023900473,1.74200393753249,25.685104578574,0.52118550608968,3124.42504882813,35023457.0
Morocco,MAR,2017,12.7976473224289,98.0,100.0,10.4,577.582098917111,1.80163893690506,25.405454806575,5.05789816173446,3242.64428710938,35446392.0
Morocco,MAR,2018,12.8200537754873,98.1,98.1,10.9,577.178572918036,1.81912490485427,25.2413538068182,3.06564133025955,3304.7119140625,35839760.0
Morocco,MAR,2019,12.8435805511987,98.3,99.6,10.7,614.502733565635,1.9847450344921,25.2499524130611,2.89097476137077,3364.73950195313,36210898.0
Morocco,MAR,2020,12.8668832623796,98.2,100.0,11.1,575.699296767116,1.84742826740981,26.0436433872433,-7.17820744246774,3090.89428710938,36584208.0
Morocco,MAR,2021,12.8903354246023,98.1,100.0,10.9,616.051393306028,1.97891230504847,25.9539090511005,8.15473889823681,3309.130859375,36954442.0
Morocco,MAR,2022,12.9136878781089,98.1,100.0,,602.994477750907,1.93751442575683,26.0855513037114,1.81269242194809,3334.91162109375,37329064.0
Morocco,MAR,2023,12.9371068787811,98.1,100.0,,600.64391286941,1.8573653487086,25.3229740167851,3.65564411017931,3421.21704101563,37712505.0
Mozambique,MOZ,2000,52.3767135481574,1.9,6.1,93.6,396.028040920619,0.0866536165915586,19.5292283612147,0.766234955773442,287.390630344484,18129653.0
Mozambique,MOZ,2001,52.0949337470434,2.0,5.7,93.0,407.145568802881,0.102310266807763,21.3938558593765,12.8516820207736,317.185703581034,18537729.0
Mozambique,MOZ,2002,51.8131539459295,2.1,8.4,93.2,409.455047101302,0.104824589581639,17.0821002587651,9.66850534669427,340.13537022259,18958338.0
Mozambique,MOZ,2003,51.5313741448155,2.2,8.1,92.7,421.130474837557,0.130236083841799,18.8768129822828,7.21770086569656,356.521157404125,19392475.0
Mozambique,MOZ,2004,51.2495943437015,2.3,10.7,92.9,426.378945530351,0.140133877928236,19.8066623565294,8.20470494788577,377.064958084878,19840313.0
Mozambique,MOZ,2005,50.9678145425876,2.4,11.8,93.7,424.491278226506,0.131290646947492,18.6061383452371,6.31202378023193,391.699758163976,20304569.0
Mozambique,MOZ,2006,50.6860347414736,2.5,13.0,93.1,428.692521920125,0.136002702062102,19.8162320132045,9.91067756782915,420.526462764726,20787087.0
Mozambique,MOZ,2007,50.4042549403596,2.6,12.4,87.5,338.466191317799,0.152388933763661,19.5085348189008,7.64935393795867,442.049574057751,21287635.0
Mozambique,MOZ,2008,50.1224751392457,2.7,13.6,88.1,338.661664169014,0.144341849016611,17.1677445681711,6.87802942560995,460.94729485679,21819036.0
Mozambique,MOZ,2009,49.8406953381317,2.9,15.0,86.1,358.879859852038,0.151975649954928,16.9004327987887,5.92897187460815,475.788178051193,22391745.0
Mozambique,MOZ,2010,49.5589155370177,3.1,18.9,84.9,317.88123068391,0.156770431712185,16.8681862980766,6.67972935662864,494.162859074785,22999235.0
Mozambique,MOZ,2011,49.2964114041557,3.3,20.2,85.4,370.87053828392,0.179664805829954,16.5093372512898,7.13405842300445,514.869957191994,23649039.0
Mozambique,MOZ,2012,49.0339072712938,3.6,21.2,84.5,364.828669567004,0.193192939095761,16.8740038772507,7.9945031610722,540.2945177803,24337846.0
Mozambique,MOZ,2013,48.7714031384318,3.7,22.4,83.1,380.582419725311,0.204274287988904,16.4457246085988,6.57141389665537,559.393953685688,25051611.0
Mozambique,MOZ,2014,48.5088990055698,4.1,24.8,81.2,383.322635419103,0.224549920070884,17.4884683555603,7.70256844839309,585.266716133984,25788475.0
Mozambique,MOZ,2015,48.2463948727078,4.3,24.0,80.1,385.146567058837,0.243268951299953,18.6152107018236,7.3930936986377,610.563774706589,26547572.0
Mozambique,MOZ,2016,47.8500089015489,4.5,26.2,77.4,380.805586001126,0.304783553342609,20.5669830121929,4.69699024225795,620.779714954555,27337105.0
Mozambique,MOZ,2017,47.5680968488517,4.9,24.3,78.2,371.739125451598,0.295110559594905,23.6070708049686,2.63820737310658,618.397694360334,28166393.0
Mozambique,MOZ,2018,47.3361072255144,5.2,31.1,79.0,366.241452353018,0.277593949600126,25.3339200589579,3.48493202422782,621.153734194787,29018644.0
Mozambique,MOZ,2019,47.0079478114906,5.6,29.7,77.5,359.75326082609,0.288756199727081,23.8882628185244,2.31781394821475,617.13932000195,29884380.0
Mozambique,MOZ,2020,46.7251964699,6.1,30.6,80.2,342.945651556548,0.258364105041605,21.7539907155538,-1.21952250011192,591.804059985932,30783688.0
Mozambique,MOZ,2021,46.412173122409,6.5,31.5,76.9,353.107426981973,0.288380146210081,21.9411773134421,2.37743572761507,588.215854695416,31707800.0
Mozambique,MOZ,2022,46.1193311121849,6.9,33.2,,358.637694361749,0.333694203552974,23.2425949902892,4.36445074432608,596.058889461466,32656246.0
Mozambique,MOZ,2023,45.8130349195046,7.4,36.0,,,0.318684376705804,21.5079878729437,5.48149036541776,610.433258850746,33635160.0
Myanmar,MMR,2000,53.3526792545215,1.7,41.9,80.2,283.525751035703,0.221722533260091,9.69226113586128,13.7459305561226,298.590464510138,45290841.0
Myanmar,MMR,2001,52.8282874804909,2.0,43.0,82.5,274.124811979368,0.191710326457028,10.5804943321805,11.3439970699605,328.973872713504,45771139.0
Myanmar,MMR,2002,52.3038957064602,2.3,47.0,83.0,280.52424238022,0.191306347918213,13.0068954922166,12.0255134340315,364.855800197477,46232653.0
Myanmar,MMR,2003,51.7795039324295,2.8,45.1,79.9,301.406139026565,0.234820213738165,14.2582573952557,13.8439968903798,411.498764127557,46667192.0
Myanmar,MMR,2004,51.2645251140155,3.3,46.2,80.2,314.736266036282,0.225863126405762,16.3663619555986,13.5646616163416,463.33013572168,47068772.0
Myanmar,MMR,2005,50.7446966450349,3.9,47.3,79.6,312.774547278866,0.236985402005318,17.512204636055,13.5689500216456,522.099544791815,47438365.0
Myanmar,MMR,2006,50.2117067348157,4.6,48.4,81.3,314.353500872765,0.218804446194408,19.2372930203744,13.0761013792372,586.085579935448,47785135.0
Myanmar,MMR,2007,49.6834572775126,5.5,49.5,80.5,323.443459380433,0.226987849132935,20.4091296662276,11.9914352402146,651.729730899198,48125043.0
Myanmar,MMR,2008,49.1748511426428,6.6,50.6,85.6,309.294197701747,0.172766335943286,22.6658154224732,10.2553053929808,714.620419027129,48390793.0
Myanmar,MMR,2009,48.6510194397673,7.8,51.8,85.8,290.572484432835,0.160062197522633,24.5320050982062,10.5500090961932,785.634853168658,48660459.0
Myanmar,MMR,2010,48.1293818693935,9.3,48.8,84.6,278.483453812986,0.176083810704641,26.4680642743774,9.6344394520444,854.932478027749,49024382.0
Myanmar,MMR,2011,47.6837055518989,11.1,54.1,83.8,279.998295569373,0.185603670753961,31.2916488307023,5.59148237823661,895.512538762631,49419820.0
Myanmar,MMR,2012,47.250365153487,13.0,55.3,78.1,303.854962936024,0.251973184982232,32.3730207966326,7.33267044704149,953.123081936485,49837446.0
Myanmar,MMR,2013,46.8118209101488,15.6,56.5,75.6,317.028588736041,0.28292574578925,32.3622196006021,8.42600102501767,1024.69060474658,50262658.0
Myanmar,MMR,2014,46.3682121639003,18.3,52.0,72.0,345.059457398655,0.350073559191087,34.4897147952325,8.16990745558277,1099.24387751605,50681634.0
Myanmar,MMR,2015,45.9246034176517,21.1,60.5,70.0,353.406826920047,0.386395865290602,34.4688212621502,6.99284029026121,1166.73305547935,51089056.0
Myanmar,MMR,2016,45.5018995680015,24.4,55.6,68.8,376.137198590416,0.446262538135226,34.8095048832944,5.86247291518572,1225.37913972668,51495696.0
Myanmar,MMR,2017,45.0601608579088,28.0,69.8,59.5,429.211582722245,0.650427600472324,36.8009211203558,6.13610824360305,1290.56409027458,51894938.0
Myanmar,MMR,2018,44.6197487360196,31.7,66.1,59.4,429.032316766838,0.641233195886911,36.9634615021809,6.26886221471075,1361.56831265985,52272247.0
Myanmar,MMR,2019,44.1758847862724,35.9,68.3,58.5,426.034236342975,0.653317518704581,38.4126110918443,6.57911006765414,1440.98988238708,52640713.0
Myanmar,MMR,2020,43.7340309804342,40.1,70.4,59.2,420.352655494399,0.654863780011824,37.5439155484288,-9.04834717984643,1301.3138635245,53016522.0
Myanmar,MMR,2021,43.2901466284646,44.5,72.5,62.9,404.314368791505,0.596355651595398,37.3108899934826,-12.0163724829177,1136.99566055698,53387102.0
Myanmar,MMR,2022,42.846262276495,48.9,73.6,,399.521185214539,0.577248041256632,38.2471357653023,4.0374934360085,1174.76697947364,53756787.0
Myanmar,MMR,2023,42.4023779245254,53.5,76.8,,,0.577107115225871,37.5929250362669,0.958446625126115,1177.76649647177,54133798.0
Namibia,NAM,2000,9.78887633762101,34.0,36.5,34.8,576.480242315529,1.05320053864219,23.4721656586449,3.49218336365178,3083.59657884697,1818647.0
Namibia,NAM,2001,9.70262556328876,34.7,36.0,30.4,664.185360192128,1.31962124834684,26.4736692021938,1.17794869467917,3055.40444831936,1857048.0
Namibia,NAM,2002,9.6163747889565,35.2,36.9,33.8,601.673737595586,1.1277956792965,27.0947589417095,4.7886612188211,3145.94566281247,1889970.0
Namibia,NAM,2003,9.53012401462425,35.8,37.8,33.3,618.781304935462,1.18656725758606,24.046084192885,4.23979429582137,3232.30589658857,1917464.0
Namibia,NAM,2004,9.443873240292,36.5,38.7,34.8,659.442648516721,1.23455137321699,25.0806097462037,12.2695481036769,3582.89503259701,1942082.0
Namibia,NAM,2005,9.35762246595975,37.4,39.6,34.6,702.419346432109,1.30663252282386,24.7834954243766,2.52926265819022,3627.75059772278,1966582.0
Namibia,NAM,2006,9.2713716916275,37.9,40.5,35.8,693.015801871712,1.27020193906485,30.1227634369521,7.07317531845825,3834.99894666178,1991888.0
Namibia,NAM,2007,9.18512091729524,38.7,43.7,36.5,697.014469361577,1.28732785098583,31.8127689142862,5.37404415167634,3987.61796106565,2018600.0
Namibia,NAM,2008,9.09887014296299,39.4,42.4,32.5,758.358730645424,1.44803073291595,34.1905617107713,2.64981203780268,4036.38187484707,2047056.0
Namibia,NAM,2009,9.01261936863074,40.2,44.1,33.4,775.797259491324,1.47083316886445,28.7519450755932,0.295970914001089,3989.20711387651,2077394.0
Namibia,NAM,2010,8.92636859429849,40.7,44.4,31.2,653.126574566651,1.27238885378833,27.429068418358,6.03924947955858,4165.12990200988,2109811.0
Namibia,NAM,2011,8.84011952046059,41.2,42.3,31.6,657.483471069973,1.32617380871956,29.3288911804647,5.09133813864338,4302.72451368462,2146325.0
Namibia,NAM,2012,8.7538704466227,42.0,46.4,31.9,667.49179496424,1.36313058914982,29.9807546724013,5.0616820696264,4420.96741373862,2194654.0
Namibia,NAM,2013,8.6676213727848,42.8,47.4,30.7,671.777544627526,1.37810831304484,26.5483435015895,5.61471962254485,4549.26759093897,2252508.0
Namibia,NAM,2014,8.58137229894691,43.5,48.4,30.2,691.051616995773,1.38659483707511,26.630102972046,6.09251915977956,4701.95694189098,2312139.0
Namibia,NAM,2015,8.49512322510901,44.1,51.6,29.3,716.980313790667,1.50195847197069,27.5636536225028,4.26417453763675,4774.10650865775,2374300.0
Namibia,NAM,2016,8.40887172199347,44.8,49.7,29.2,759.461668268778,1.59834340010487,27.5134032744188,0.0337944502063294,4648.62713460213,2439213.0
Namibia,NAM,2017,8.32262021887792,45.4,52.5,30.2,714.96952269735,1.49737539456841,26.0770180870695,-1.02724808856709,4476.73324402105,2506853.0
Namibia,NAM,2018,8.23636871576237,45.7,52.3,30.9,733.192598513029,1.47819814870212,26.869904619845,1.05993949860752,4400.47537705743,2577327.0
Namibia,NAM,2019,8.15011721264682,46.4,53.3,30.2,718.386643363248,1.45542679968338,27.0505811124767,-0.839152163419357,4243.09274481966,2650494.0
Namibia,NAM,2020,8.06386570953127,46.9,52.3,31.2,678.332492787498,1.29890404513109,25.8187349480714,-8.10140201443319,3787.49943973286,2728762.0
Namibia,NAM,2021,7.97761420641572,47.5,55.2,30.0,680.918008419653,1.31835499696145,24.4475967861445,3.60382919248703,3809.80753359714,2810548.0
Namibia,NAM,2022,7.89136270330017,47.7,56.2,,692.461356441068,1.23886461461583,27.11172557706,5.3987247803654,3905.55135268164,2889662.0
Namibia,NAM,2023,7.80511120018463,48.0,56.7,,,1.21960315143456,30.1875010423548,4.44280600303956,3977.97779909619,2963095.0
Nauru,NRU,2000,0.0,100.0,99.1,0.0,,0.0,,-6.85619346501754,6079.96620774489,10168.0
Nauru,NRU,2001,0.0,100.0,99.0,0.0,,0.0,,-6.76108886950998,5690.15963796811,10130.0
Nauru,NRU,2002,0.0,100.0,99.0,0.0,,0.0,,-9.97138355338151,5147.16130887748,10082.0
Nauru,NRU,2003,0.0,100.0,99.0,0.0,,0.0,,0.28465686231101,5173.61559183102,10059.0
Nauru,NRU,2004,0.0,100.0,99.0,0.0,,0.0,,-4.3148265049213,4949.8909692212,10060.0
Nauru,NRU,2005,0.0,100.0,99.0,0.0,,0.0,,0.0,4955.30929946913,10049.0
Nauru,NRU,2006,0.0,100.0,99.0,0.1,,0.0,,8.45070422535204,5382.10161869099,10034.0
Nauru,NRU,2007,0.0,100.0,99.8,0.1,,0.0,,-22.077922077922,4199.70508141733,10020.0
Nauru,NRU,2008,0.0,100.0,99.1,0.1,,0.0,,19.9999999999999,5045.18472364491,10009.0
Nauru,NRU,2009,0.0,100.0,99.1,0.0,,0.0,,-5.55555555555564,4761.56658392323,10016.0
Nauru,NRU,2010,0.0,100.0,99.2,0.0,,0.0,,0.0,4748.76539924078,10043.0
Nauru,NRU,2011,0.0,100.0,99.0,0.0,,0.0,,14.7058823529412,5417.44487923767,10098.0
Nauru,NRU,2012,0.0,100.0,99.4,0.1,,0.0,,24.3589743589745,6626.18317072945,10267.0
Nauru,NRU,2013,0.0,100.0,99.4,0.1,,0.0,,4.12371134020613,6735.42128061862,10517.0
Nauru,NRU,2014,0.0,100.0,99.5,0.0,,0.0,,15.8415841584163,7638.99065218892,10742.0
Nauru,NRU,2015,0.0,100.0,99.0,0.1,,0.0,,3.41880341880281,7747.25584993607,10954.0
Nauru,NRU,2016,0.0,100.0,99.7,0.2,,0.0,,4.13223140495909,7925.5779662048,11150.0
Nauru,NRU,2017,0.0,100.0,99.8,0.6,,0.0,,-6.34920634920697,7308.31758516508,11324.0
Nauru,NRU,2018,0.0,100.0,99.9,0.7,,0.0,,-0.847457627117805,7149.78109138393,11477.0
Nauru,NRU,2019,0.0,100.0,100.0,0.6,,0.0,,8.5470085470084,7687.19643322519,11587.0
Nauru,NRU,2020,0.0,100.0,100.0,1.3,,0.0,,1.57480314960559,7770.69883784016,11643.0
Nauru,NRU,2021,0.0,100.0,100.0,1.6,,0.0,,7.75193798449692,8325.88214663427,11709.0
Nauru,NRU,2022,0.0,100.0,100.0,1.9,,0.0,,2.87769784172609,8498.6998601243,11801.0
Nauru,NRU,2023,0.0,100.0,100.0,,,0.0,,0.699300699300778,8504.80065666726,11875.0
Nepal,NPL,2000,40.3261946285316,5.0,29.9,88.3,330.352852506274,0.139302904539297,20.7355700311999,6.19999998192236,547.221082273632,24546509.0
Nepal,NPL,2001,40.4526473665853,6.5,24.6,87.8,335.751960804757,0.146516090995107,16.6609082977555,4.79989214255407,564.28622920391,24946748.0
Nepal,NPL,2002,40.579100104639,8.0,36.4,90.0,334.357159841879,0.117821557843168,16.9468247421334,0.120143177369414,556.438454538796,25328981.0
Nepal,NPL,2003,40.7055528426927,9.7,39.6,89.4,338.999985252938,0.131890377884365,16.9713000603375,3.94503776051116,570.28967363428,25688758.0
Nepal,NPL,2004,40.8320055807464,11.4,37.2,90.3,339.548117309365,0.112501007047178,16.6573202744672,4.68260325152944,589.46992868617,26016656.0
Nepal,NPL,2005,40.9584583188001,13.3,46.1,89.5,347.14074815228,0.124510356693779,16.4670892346949,3.47918104829496,603.190108570995,26309458.0
Nepal,NPL,2006,41.0849110568539,15.0,51.2,91.2,343.770753341625,0.102106403341938,16.0679668054868,3.36461478056277,617.477638588722,26565425.0
Nepal,NPL,2007,41.2113637949076,16.8,52.6,91.3,347.516715150324,0.104220125567352,15.873140183038,3.41156027980276,633.226129136597,26788492.0
Nepal,NPL,2008,41.3378165329613,18.6,56.0,90.5,356.984304444032,0.114316256772823,16.049986636556,6.10463914373472,666.865095417138,26990037.0
Nepal,NPL,2009,41.464269271015,20.0,59.3,88.9,365.025112738645,0.149560032583773,15.0668034711092,4.5330787246486,692.400000816919,27173035.0
Nepal,NPL,2010,41.5907220090687,21.7,68.6,87.3,373.442181313024,0.175005793295226,14.2007622567226,4.81641464694573,721.265221364302,27341952.0
Nepal,NPL,2011,41.5907220090687,23.5,67.3,87.0,384.882490354394,0.195186556140448,13.393470598846,3.42180870116162,742.617252662576,27464494.0
Nepal,NPL,2012,41.5907220090687,25.1,75.2,84.7,368.950606819553,0.226080233042303,13.9771618084251,4.67014192446953,775.310578479839,27534915.0
Nepal,NPL,2013,41.5907220090687,26.8,77.4,86.0,413.994708557044,0.228209529280106,13.7983375627601,3.52515317129149,801.039060847856,27589996.0
Nepal,NPL,2014,41.5907220090687,28.4,84.9,84.0,431.030290984188,0.265694626083707,13.5645652301586,6.01148284250441,846.665541773599,27672370.0
Nepal,NPL,2015,41.5907220090687,30.1,82.0,85.2,426.325523071049,0.263161214520219,13.1616546296789,3.97605327162971,875.543635474862,27823629.0
Nepal,NPL,2016,41.5907220090687,31.8,90.7,79.4,458.265548485248,0.385041034199327,12.6554177701811,0.433113719381524,875.188943730855,27955462.0
Nepal,NPL,2017,41.5907220090687,33.4,86.6,76.8,484.157515782647,0.471231959664218,12.8625858899927,8.97727935643466,951.857298563641,28011258.0
Nepal,NPL,2018,41.5907220090687,35.1,93.9,75.0,504.622833977068,0.531555032536151,13.2006396343014,7.62237610397935,1021.91492204011,28079689.0
Nepal,NPL,2019,41.5907220090687,36.6,89.9,78.2,482.761158642892,0.473751308506942,13.0106754142894,6.65705543110467,1077.11796498188,28414064.0
Nepal,NPL,2020,41.5907220090687,38.3,89.9,73.1,524.601266425712,0.568109987739662,12.047319925355,-2.3696206292072,1031.53618783934,28966574.0
Nepal,NPL,2021,41.5907220090687,39.9,89.9,73.7,524.354689003349,0.589753828751882,11.7920425516798,4.838149614115,1062.7888430629,29475010.0
Nepal,NPL,2022,41.5907220090687,41.1,91.3,,519.950604103483,0.506315976652673,12.1812284731342,5.6313145568451,1113.55462341223,29715436.0
Nepal,NPL,2023,41.5907220090687,42.7,94.0,,,0.519690203752101,11.9717042539851,1.98254843628392,1136.42769313825,29694614.0
Netherlands,NLD,2000,10.6486966824645,100.0,100.0,1.7,4695.37009641521,11.1051053739996,21.0997122897183,4.2197537762102,40665.338169599,15925513.0
Netherlands,NLD,2001,10.6901066350711,100.0,100.0,1.8,4783.23806405221,11.3084173304799,21.2866582046254,2.32357570819386,41297.3198832208,16046180.0
Netherlands,NLD,2002,10.7315165876777,100.0,100.0,1.9,4804.57738217673,11.2597436028111,20.5111940521097,0.245785659129112,41135.4190736263,16148929.0
Netherlands,NLD,2003,10.7729265402844,100.0,100.0,1.9,4959.46581521204,11.3578841244373,20.0329772130953,0.097832364227159,40981.8477039972,16225302.0
Netherlands,NLD,2004,10.814336492891,100.0,100.0,2.2,4985.68017725458,11.4700426777688,19.9551143492992,2.01630996216733,41663.1477772692,16281779.0
Netherlands,NLD,2005,10.8557464454976,100.0,100.0,2.7,4893.73296113648,11.1632826932179,20.2797936079201,2.03396336199143,42411.3453838518,16319868.0
Netherlands,NLD,2006,10.8971563981043,100.0,100.0,3.1,4840.784340365,10.8698765534362,20.4722492697176,3.53737509680782,43841.1223404104,16346101.0
Netherlands,NLD,2007,10.9385663507109,100.0,100.0,3.7,4812.3646510682,10.9184543529559,20.4312954116655,3.88530644801823,45445.522872349,16381696.0
Netherlands,NLD,2008,10.9799763033175,100.0,100.0,3.9,4755.09420293282,10.9418188812042,20.7836953534398,2.11681593642137,46227.211156219,16445593.0
Netherlands,NLD,2009,11.0311888526534,100.0,100.0,4.4,4665.86427744867,10.5716574831758,19.5831938213792,-3.66529049145096,44304.4119317351,16530388.0
Netherlands,NLD,2010,11.0726356359324,100.0,100.0,3.9,4978.86938849852,11.2017265434693,18.9533173048512,1.31932032302214,44659.272839058,16615394.0
Netherlands,NLD,2011,11.0246144721234,100.0,100.0,4.7,4611.91453819796,10.4278277326273,19.3209585785648,1.77334516269423,45239.7318887962,16693074.0
Netherlands,NLD,2012,10.9733096085409,100.0,100.0,4.9,4599.20591866701,10.2418555171895,19.3226704262327,-0.977876877747732,44631.8745388789,16754962.0
Netherlands,NLD,2013,10.9317304838231,100.0,100.0,5.0,4488.60406405713,10.0780436970437,18.6870743291059,-0.0302325600539604,44487.03063469,16804432.0
Netherlands,NLD,2014,10.8803799346987,100.0,100.0,5.6,4215.35262065709,9.59164086966339,17.6818782630222,1.61261001294011,45042.0669545832,16865008.0
Netherlands,NLD,2015,10.8354618354618,100.0,100.0,5.8,4298.59287050144,9.99734178248626,17.4148103121536,2.12060523860846,45793.8135434697,16939923.0
Netherlands,NLD,2016,10.8630828630829,100.0,100.0,5.6,4352.44653138733,10.028805106001,16.9640712326865,2.42428572955482,46655.0363382039,17030314.0
Netherlands,NLD,2017,10.8910008910009,100.0,100.0,6.4,4365.20385335267,9.81688717537774,17.1210117451832,2.78154619309936,47670.1057253297,17131296.0
Netherlands,NLD,2018,10.9186219186219,100.0,100.0,7.4,4251.16716726453,9.46486529650368,17.3241048530815,2.2587403735731,48463.0299739951,17231624.0
Netherlands,NLD,2019,10.9465399465399,100.0,100.0,8.6,4129.40909477343,9.10784361996519,17.1127557495056,2.30009157916757,49254.0158854264,17344874.0
Netherlands,NLD,2020,10.974160974161,100.0,100.0,10.7,3975.37813564997,8.15069804775965,17.3794770859182,-3.86795333823223,47086.5804192702,17441500.0
Netherlands,NLD,2021,11.001980991981,100.0,100.0,12.2,4057.79129205731,8.32113351224123,17.7061297739891,6.2768306708326,49780.8440526836,17533044.0
Netherlands,NLD,2022,11.0296673596674,100.0,100.0,,3570.12031994399,7.52014775225465,18.6563965305589,5.00723455159611,51777.5431588864,17700982.0
Netherlands,NLD,2023,11.0574428274428,100.0,100.0,,3418.13670132261,6.87570596534106,18.1639849428596,-0.598096167209832,50960.7745021066,17877117.0
New Caledonia,NCL,2000,45.8342450765864,,100.0,7.5,,9.66750038099848,24.11925081065,2.10010882688805,,223098.0
New Caledonia,NCL,2001,45.8406455142232,,100.0,6.7,,9.6791051658491,20.6382344606801,,,227707.0
New Caledonia,NCL,2002,45.84704595186,,100.0,5.3,,10.5629618147057,21.509703990026,,,232236.0
New Caledonia,NCL,2003,45.8534463894967,,100.0,4.9,,11.4822670463668,23.3646681452343,,,236678.0
New Caledonia,NCL,2004,45.8598468271335,,100.0,5.2,,10.1070366864298,24.8888174139574,,,240852.0
New Caledonia,NCL,2005,45.8662472647702,,100.0,5.1,,11.0495496785757,24.4990237729309,,,244381.0
New Caledonia,NCL,2006,45.872647702407,,100.0,4.5,,10.9987194350972,27.9138444462876,,,247547.0
New Caledonia,NCL,2007,45.8790481400438,,100.0,5.8,,11.1345099212284,31.8496205183584,,,250725.0
New Caledonia,NCL,2008,45.8854485776805,,100.0,7.8,,10.6270067960209,23.9310585837203,,,253825.0
New Caledonia,NCL,2009,45.8918490153173,,100.0,7.0,,10.5434402332362,22.5914611629952,,,257250.0
New Caledonia,NCL,2010,45.8982494529541,,100.0,4.8,,13.4481730394293,26.1623678837555,,,261582.0
New Caledonia,NCL,2011,45.8927789934354,,100.0,5.9,,13.2999178368969,25.3064766036566,,,266543.0
New Caledonia,NCL,2012,45.8873085339169,,100.0,6.2,,13.1331612874724,22.779124022177,,,271633.0
New Caledonia,NCL,2013,45.8818380743983,,100.0,6.6,,14.1805925829594,22.582512520502,,,276822.0
New Caledonia,NCL,2014,45.8763676148797,,100.0,4.3,,17.031263334566,23.9317062447332,,,281224.0
New Caledonia,NCL,2015,45.8708971553611,,100.0,5.1,,16.1165809696011,22.1000359642571,,30858.7237060533,283168.0
New Caledonia,NCL,2016,45.8654266958425,,100.0,3.7,,17.1997332608857,20.1611154111133,,,283423.0
New Caledonia,NCL,2017,45.8599562363239,,100.0,5.1,,15.4923716081341,21.2465805302539,,,283546.0
New Caledonia,NCL,2018,45.8544857768053,,100.0,4.6,,21.2498368842601,,0.400000000000006,,283541.0
New Caledonia,NCL,2019,45.8490153172867,,100.0,5.2,,20.3934331431634,22.3267326732673,-1.40000000000001,,283606.0
New Caledonia,NCL,2020,45.8435448577681,,100.0,6.1,,19.874303248691,,-2.40000000000001,,284176.0
New Caledonia,NCL,2021,45.8380743982495,,100.0,8.3,,16.3459717966159,,-2.10000000000004,,285214.0
New Caledonia,NCL,2022,45.8326039387309,,100.0,9.6,,16.0756888162913,,3.50000000000006,,287123.0
New Caledonia,NCL,2023,45.8271334792123,,100.0,,,16.7820057267051,,2.8,,289870.0
New Zealand,NZL,2000,37.4100489916828,100.0,100.0,26.4,4467.21138613373,8.55385333229644,23.5899832274969,2.87005108790095,30853.807635459,3857700.0
New Zealand,NZL,2001,37.4091679009532,100.0,100.0,24.6,4399.14687852578,8.99577374049736,23.109733358195,3.41099312247906,31718.7628389095,3880500.0
New Zealand,NZL,2002,37.4082868102237,100.0,100.0,26.6,4326.22295420317,8.864910725592,23.8583824649914,4.71347767117496,32641.8202163485,3948500.0
New Zealand,NZL,2003,37.4074057194941,100.0,100.0,25.9,4180.76991429149,8.91989471593166,23.2578095804902,4.72804204913962,33517.0893271345,4027200.0
New Zealand,NZL,2004,37.4065246287646,100.0,100.0,28.2,4224.87567596318,8.69032415902141,23.5521710155992,4.08796484025709,34372.5891093868,4087500.0
New Zealand,NZL,2005,37.405643538035,100.0,100.0,26.8,4074.1485914825,8.75495294999879,23.9417689045459,3.35292760405062,35126.3341641095,4133900.0
New Zealand,NZL,2006,37.4047624473055,100.0,100.0,27.0,4034.75821834113,8.67562013095636,22.9953954559196,2.77978059105617,35665.3533259784,4184600.0
New Zealand,NZL,2007,37.4038813565759,100.0,100.0,27.0,4057.16268229104,8.30766134760169,22.9690421217852,3.05641638984955,36414.3173040299,4223800.0
New Zealand,NZL,2008,37.4030002658463,100.0,100.0,26.1,4100.75606551399,8.49532841917461,23.4180182363135,-1.01703846933975,35739.3584607571,4259800.0
New Zealand,NZL,2009,37.4021191751168,100.0,100.0,28.5,4073.03697683547,7.7665829963278,21.5920234531835,-0.0374661120713,35370.585185302,4302600.0
New Zealand,NZL,2010,37.4012380843872,100.0,100.0,29.4,4147.30616096111,7.68715379134392,21.3739109959972,1.45863634911349,35489.7631519026,4350700.0
New Zealand,NZL,2011,37.4000911473169,100.0,100.0,30.3,4108.26383266428,7.46138229927007,21.0821962770197,2.09349621669912,35957.523248516,4384000.0
New Zealand,NZL,2012,37.3989442102465,100.0,100.0,28.8,4280.5653723436,7.89151788752524,21.0796325358149,2.36630664656174,36607.1493914827,4408100.0
New Zealand,NZL,2013,37.3977972731761,100.0,100.0,28.3,4298.71533674262,7.78476396299048,20.3295523823426,2.58954199031598,37267.6586997514,4442100.0
New Zealand,NZL,2014,37.3966503361057,100.0,100.0,29.0,4476.80712476497,7.81374958485553,21.4447733176352,3.82638491760299,38056.2646732554,4516500.0
New Zealand,NZL,2015,37.3955033990354,100.0,100.0,29.3,4422.74264118048,7.67750683386124,21.2079712328178,3.69036908387233,38665.3723018158,4609400.0
New Zealand,NZL,2016,37.396035091717,100.0,100.0,30.1,4265.93839527509,7.36993275492671,20.173239535132,3.77911068354334,39235.3695566636,4714100.0
New Zealand,NZL,2017,37.411606091679,100.0,100.0,28.4,4200.71262692085,7.53415323250789,20.5291845375564,3.37873219470765,39722.6068434219,4813600.0
New Zealand,NZL,2018,37.4279366526148,100.0,100.0,28.9,4109.2206852685,7.27125249969391,20.3819514710778,3.47058203866328,40371.5456268118,4900600.0
New Zealand,NZL,2019,37.4673198891041,100.0,100.0,28.0,4170.80496267642,7.49357181659055,20.3679361122366,2.31747144034802,40727.8822513384,4970300.0
New Zealand,NZL,2020,37.5701264669021,100.0,100.0,28.7,3862.58510163497,6.83500906868543,19.977838930424,-0.307246896026541,39785.473128643,5072400.0
New Zealand,NZL,2021,37.6306509437545,100.0,100.0,28.9,3907.64776650523,6.8263580222633,18.8275954260125,4.53540565716095,41490.1148198326,5084600.0
New Zealand,NZL,2022,37.719363487904,100.0,100.0,,3764.50781429311,6.32162465316725,19.6044449752619,3.49638686458842,42965.2749754735,5081700.0
New Zealand,NZL,2023,37.7892841137822,100.0,100.0,,3660.60273680658,6.11076923076923,,1.39425181563566,42573.2308423434,5200000.0
Nicaragua,NIC,2000,44.8672095728768,33.9,73.0,58.4,500.37663075991,0.750642143274255,20.1553281368856,4.10159025073438,1458.37490084556,5022633.0
Nicaragua,NIC,2001,43.8607528668772,34.9,72.2,56.7,498.485902704745,0.784932657864608,21.4993404064897,2.96084349057273,1482.31517247279,5087825.0
Nicaragua,NIC,2002,42.8542961608775,36.2,74.1,54.7,492.648077421619,0.802480199164684,21.462279778213,0.753938876079573,1475.48635411179,5149909.0
Nicaragua,NIC,2003,41.8478394548778,37.2,74.6,51.5,505.003838995301,0.868783754557459,20.5947609449169,2.52073289551447,1494.95618752566,5210963.0
Nicaragua,NIC,2004,40.8413827488782,38.1,75.2,51.2,526.479860068169,0.880651905436692,21.396991205962,5.31217056950739,1555.87425694816,5272912.0
Nicaragua,NIC,2005,39.8349260428785,39.2,73.8,52.8,527.958879566356,0.825573439683421,20.9665631875219,4.28239833770654,1601.48770707458,5342105.0
Nicaragua,NIC,2006,38.8284693368788,40.0,76.3,53.3,538.914055514578,0.861159783755055,20.8761042755265,4.15294559846254,1644.37193565251,5418855.0
Nicaragua,NIC,2007,37.8220126308792,41.1,76.9,52.6,540.292720975214,0.880041140622672,20.7270584901063,5.0763520180987,1703.20780299405,5497243.0
Nicaragua,NIC,2008,36.8155559248795,42.1,77.5,53.8,533.812640193905,0.833501745599867,21.9642332178631,3.43571693608081,1736.65740610408,5576593.0
Nicaragua,NIC,2009,35.8090992188798,43.2,77.9,54.6,523.407935260916,0.803556764919428,21.0756591800109,-3.2926651586197,1655.72028962416,5656601.0
Nicaragua,NIC,2010,34.8026425128802,44.6,80.1,54.4,529.008203293034,0.814142171173605,21.9687134501788,4.41009911716546,1704.37875049059,5737450.0
Nicaragua,NIC,2011,34.3362639188965,45.7,81.2,53.3,531.362815684315,0.838899676253052,23.1571014574195,6.31668553491842,1786.62863418308,5819051.0
Nicaragua,NIC,2012,33.8698853249127,47.0,81.3,53.3,566.819598589113,0.82136320433153,24.5476946484698,6.4961364710876,1876.1759720149,5901287.0
Nicaragua,NIC,2013,33.403506730929,48.3,81.9,54.3,576.474133611862,0.775237326501605,25.3876146457155,4.92709413447304,1941.45628552626,5983845.0
Nicaragua,NIC,2014,32.9371281369453,49.7,81.9,53.0,586.817955989046,0.809215605987777,25.0984490191451,4.78546013589983,2006.64869646533,6066492.0
Nicaragua,NIC,2015,32.4707495429616,51.1,83.2,50.0,611.876331871945,0.893922139285724,25.7346979136282,4.79226768332697,2074.45620634731,6149417.0
Nicaragua,NIC,2016,31.6397706498255,52.3,83.9,49.5,626.823007449197,0.918114335021321,25.7948753609806,4.56314739524967,2140.14405941606,6232666.0
Nicaragua,NIC,2017,30.8087917566894,53.6,84.6,48.9,632.373947264069,0.899666272497,24.8173354804008,4.63120757580209,2209.63273423213,6316231.0
Nicaragua,NIC,2018,29.9778128635533,54.6,85.2,51.3,616.516996174416,0.809411757353033,24.9956784644064,-3.3633566598573,2107.3396261623,6400080.0
Nicaragua,NIC,2019,29.1468339704172,55.8,85.7,50.5,616.151129278106,0.821126102136495,24.2809201178084,-2.89686986728901,2019.91518620044,6483657.0
Nicaragua,NIC,2020,28.315855077281,56.8,86.0,52.2,584.481071467124,0.72292566319085,25.7903211218917,-2.23654176262323,1950.19181218473,6565267.0
Nicaragua,NIC,2021,27.4848761841449,57.7,86.3,50.4,600.815200012964,0.781445055571015,27.2859620403811,10.454389484408,2128.30881395452,6644741.0
Nicaragua,NIC,2022,26.6538972910088,58.6,86.5,,608.245546712747,0.781677382316785,25.9436105960329,3.55029945613975,2175.73899144405,6730654.0
Nicaragua,NIC,2023,25.8229183978727,59.6,88.3,,,0.811432301333619,27.201340643823,4.42774384760374,2241.12235476653,6823613.0
Niger,NER,2000,1.04847240862083,0.9,6.5,87.6,127.847880422107,0.0609576502459245,18.0983791582371,-1.20847774100575,392.898616941042,11509630.0
Niger,NER,2001,1.03866740348938,0.9,8.4,87.7,127.088373451422,0.0592333620817729,17.2090719474884,7.26813490213235,406.923493665264,11920647.0
Niger,NER,2002,1.02886239835794,0.9,8.8,87.7,127.275972111665,0.0593968294482597,16.5393297044005,4.91847057594622,412.123793192578,12349144.0
Niger,NER,2003,1.01905739322649,1.0,9.3,87.0,128.262478581972,0.062264671113131,17.3087523149077,2.1706103837418,406.333757497876,12796984.0
Niger,NER,2004,1.00925238809505,1.0,9.7,87.0,129.29994058651,0.0627702618968002,17.7534672936549,0.363801578722132,393.398781453199,13265836.0
Niger,NER,2005,0.999447382963606,1.0,7.1,87.5,126.031296295518,0.0580683956722907,16.3274879150549,7.33186884258517,407.190931059924,13756192.0
Niger,NER,2006,0.989642377832162,1.1,9.3,87.4,124.905224384617,0.0561793776129525,16.6265686310414,5.93104997350342,415.852022114801,14268581.0
Niger,NER,2007,0.979837372700718,1.1,11.2,86.2,125.874974531129,0.0588032243486555,19.6749864140836,3.14272408386731,413.419126261066,14803610.0
Niger,NER,2008,0.970032367569274,1.2,11.8,86.1,127.065414057313,0.0592504254840624,21.2545623661563,7.73141422777337,429.195542798877,15361915.0
Niger,NER,2009,0.960227362437831,1.3,12.3,83.2,129.776980682561,0.071125383576873,22.3397565462644,1.96260090694645,421.650901333136,15943675.0
Niger,NER,2010,0.950422357306387,1.4,13.6,80.7,134.74599121352,0.0871239576683192,23.0003411876002,8.57816674262253,441.079166112039,16548835.0
Niger,NER,2011,0.940617352174943,1.5,14.3,77.2,112.879803532778,0.0858043617469507,22.7795105220039,2.35775693603874,434.986264873953,17176283.0
Niger,NER,2012,0.930812347043499,1.6,14.4,72.7,128.362752529408,0.11521705528619,26.5372397334702,10.5489445763446,463.066265496402,17836769.0
Niger,NER,2013,0.921007341912055,1.7,15.2,78.7,154.81219945793,0.109995206237097,26.0465019475956,5.31513063394726,469.690214200878,18519898.0
Niger,NER,2014,0.911202336780611,1.9,15.7,78.1,151.6969478462,0.114592549329829,23.6059602383299,6.64213665495603,482.74524741946,19215909.0
Niger,NER,2015,0.901397331649167,2.2,16.6,78.9,148.786532469365,0.108819188928427,22.5383286848915,4.39264883207291,485.662574175279,19939498.0
Niger,NER,2016,0.891592326517723,2.3,17.0,80.2,147.452096053348,0.104777428213515,21.2451950725883,5.74089315058157,495.017437216008,20685753.0
Niger,NER,2017,0.881787321386279,2.6,17.6,82.0,143.831599652126,0.0920857909837752,21.0721536929256,5.00536078615544,501.615305462902,21435446.0
Niger,NER,2018,0.871982316254835,3.0,17.6,82.0,146.101584927786,0.0913914590764974,19.6976779523853,7.21141802762897,519.546993483886,22188069.0
Niger,NER,2019,0.862177311123392,3.4,18.5,80.7,148.122869205689,0.103413157111608,20.5861804923542,5.93985257123522,532.186024570389,22947757.0
Niger,NER,2020,0.852372305991948,3.8,18.7,81.9,147.817388244639,0.101595383987419,20.2387849491464,3.55064109436891,533.194328910254,23717613.0
Niger,NER,2021,0.842567300860504,4.1,18.6,79.6,151.688015717016,0.116675523035947,20.8342815509076,1.38359636198477,523.263179518652,24502140.0
Niger,NER,2022,0.83276229572906,4.5,19.5,,162.045865914287,0.127125609686768,18.8885125171682,11.9000000000277,566.797962983866,25311973.0
Niger,NER,2023,0.822957290597616,5.1,20.1,,,0.120906578003627,17.9994131440716,1.66763406484279,557.572652727864,26159867.0
Nigeria,NGA,2000,27.3318620507922,0.7,43.2,86.0,273.941085543675,0.792790969926579,33.823003290999,5.01593475931152,1421.67987952013,126382494.0
Nigeria,NGA,2001,27.1525566279083,0.7,43.9,84.5,282.894307915676,0.818897081180304,28.2762662656489,5.91768464920371,1465.45720342309,129862595.0
Nigeria,NGA,2002,26.9732512050243,0.7,44.6,84.5,283.671578478059,0.720895078592108,23.0408371863292,15.3291557409559,1644.39518877633,133471989.0
Nigeria,NGA,2003,26.7939457821404,0.8,52.2,82.9,296.749514531422,0.7843536892773,26.0024149026732,7.34719496799492,1717.2145111176,137202644.0
Nigeria,NGA,2004,26.6146403592565,0.9,46.1,84.0,286.279211558707,0.736921009510727,28.390040064544,9.2505582291798,1824.80269456773,141057045.0
Nigeria,NGA,2005,26.4353349363725,0.9,46.8,83.9,305.401935366383,0.710050686175941,28.2015834476344,6.43851652538348,1889.25175325818,145017253.0
Nigeria,NGA,2006,26.2560295134886,1.0,47.6,85.8,287.950796331134,0.621989926382773,25.7516355955536,6.05942803202906,1949.15856804565,149077334.0
Nigeria,NGA,2007,26.0767240906047,1.1,50.1,87.1,281.716032327541,0.550572897626193,24.344717837607,6.59113036068679,2020.83316299454,153267261.0
Nigeria,NGA,2008,25.8974186677207,1.3,50.3,85.7,287.096394760191,0.581139578438694,24.7142488981493,6.76447277780228,2098.28339220668,157595014.0
Nigeria,NGA,2009,25.7181132448368,1.5,50.0,88.1,260.354679698436,0.499337659024901,21.236761481448,8.03692510099023,2204.6072560373,162049464.0
Nigeria,NGA,2010,25.5388078219529,1.8,48.0,86.0,334.66956339927,0.566502430832841,25.3174522378126,8.00565591628701,2315.46676509663,166642886.0
Nigeria,NGA,2011,25.3595023990689,2.2,55.9,84.1,376.069864552589,0.606966647220167,28.2777998870502,5.30792420289453,2370.97657091803,171379598.0
Nigeria,NGA,2012,25.180196976185,2.7,53.0,83.9,356.728094431268,0.580337328542393,27.0730175029593,4.23006117493223,2403.65387896924,176200625.0
Nigeria,NGA,2013,25.0008915533011,3.4,55.6,81.4,350.973548654032,0.63302873569183,25.7423212364316,6.67133539306167,2495.34106573749,181049443.0
Nigeria,NGA,2014,24.8215861304171,4.3,54.2,79.9,348.505844052068,0.660183629190404,24.6436085906069,6.30971865525431,2583.6155695814,185896915.0
Nigeria,NGA,2015,24.6422807075332,5.7,52.5,81.3,319.580854421005,0.621244733321397,20.160782897492,2.65269329543001,2585.73360671797,190671878.0
Nigeria,NGA,2016,24.4629795667402,7.4,59.3,81.1,330.71892495147,0.631791150085677,18.17313172689,-1.61686894906509,2481.81490350326,195443700.0
Nigeria,NGA,2017,24.2836830374299,9.7,54.4,81.6,316.089005663683,0.579461406473008,22.3151171946859,0.805886619102438,2441.71236404488,200254579.0
Nigeria,NGA,2018,24.1043842023782,12.5,56.5,80.8,299.750041448841,0.592412108680957,25.7333065832929,1.92275734200614,2431.77857832568,204938755.0
Nigeria,NGA,2019,23.9250853673265,15.7,55.4,80.1,330.325537947057,0.60197968413501,21.0040409408605,2.20842927714892,2431.53528472982,209485641.0
Nigeria,NGA,2020,23.7457865322749,18.9,55.4,81.8,323.130893205101,0.555700571123744,18.3649963095652,-6.36889840510109,2228.68631422888,213996181.0
Nigeria,NGA,2021,23.5664876972232,21.85,59.5,80.3,334.28545037693,0.599006670437755,18.2539292138778,1.10925253938163,2206.66406250067,218529286.0
Nigeria,NGA,2022,23.3871888621716,24.4,60.5,,333.060729584941,0.578271036832404,19.1690558860792,4.31882949523192,2254.29080416892,223150896.0
Nigeria,NGA,2023,23.2078900271199,26.2,61.2,,,0.552339272252252,19.1302382465391,3.32684556421316,2280.91931156115,227882945.0
North America,NAC,2000,35.9308603185734,100.0,100.0,6.99794051078638,8071.78094843867,20.6833459817644,22.9246857350729,4.16235066823292,47364.7456727428,312909691.0
North America,NAC,2001,35.9568110751119,100.0,100.0,6.29470806028373,7843.18324558456,20.2883077883494,21.9202212740935,1.03055880912815,47377.1442729396,316051677.0
North America,NAC,2002,35.9827618316504,100.0,100.0,6.49353145956929,7850.58535716738,19.6866526686668,21.0983962998437,1.80170092068977,47778.0017338011,319046534.0
North America,NAC,2003,36.0087125881889,100.0,100.0,6.90995667354364,7841.66901013222,19.7841024212898,21.2546824740219,2.71668552065563,48654.1313067876,321812780.0
North America,NAC,2004,36.0346633447274,100.0,100.0,7.1669590453524,7926.97342577807,19.8268979459965,21.5223243144384,3.78710378064847,50031.2642410122,324806660.0
North America,NAC,2005,36.0606141012659,100.0,100.0,7.50163259617031,7895.19125658609,19.7383286386826,21.862542449958,3.46118301337901,51286.8105378707,327822042.0
North America,NAC,2006,36.0865648578044,100.0,100.0,7.99064384156515,7766.54965254807,19.2286065633025,22.2137494722996,2.77426860186505,52201.3765308573,331013939.0
North America,NAC,2007,36.1125156143429,100.0,100.0,7.94211967922515,7815.10354466767,19.353539846687,22.0864538937575,2.00810206865177,52744.6503467595,334183103.0
North America,NAC,2008,36.1673961953649,100.0,100.0,8.39672268148695,7545.29931805182,18.5680985631244,21.600432065465,0.181930682514064,52336.0990945176,337404564.0
North America,NAC,2009,36.1933677261892,100.0,100.0,8.92392050805303,7116.88141779731,17.0829557090398,19.7663612725225,-2.60473409198144,50514.6640321862,340465163.0
North America,NAC,2010,36.2193392570136,100.0,100.0,8.88269795903184,7211.89642943792,17.714241417272,19.9881922338332,2.72408861915019,51440.0804801458,343447854.0
North America,NAC,2011,36.2322415467643,100.0,100.0,9.86206424776275,7079.73753411176,16.9926177299797,20.1994262232872,1.68675931889908,51885.5691627919,346242415.0
North America,NAC,2012,36.2451438365149,100.0,100.0,10.0055359347168,6901.74380894743,16.198256259364,19.9129179906159,2.24317308229351,52612.779441209,349116140.0
North America,NAC,2013,36.2580461262655,100.0,100.0,10.3906457230113,6966.20151723172,16.4836667571847,19.9648855996333,2.13356731596357,53314.6283485468,351870848.0
North America,NAC,2014,36.2709484160162,100.0,100.0,10.4893842157596,7002.00670430274,16.4179821432052,20.0547851280307,2.54956232851526,54229.3963287835,354755155.0
North America,NAC,2015,36.2838507057668,100.0,100.0,10.3923884465868,6879.60383224856,15.9615887086023,19.0415059705041,2.76027570206345,55285.5686917861,357583083.0
North America,NAC,2016,36.2816605738267,100.0,100.0,10.724670511025,6791.82630935034,15.5421169539778,18.4346631363341,1.75713430738413,55797.5468748501,360527592.0
North America,NAC,2017,36.2630557701336,100.0,100.0,11.2091690751112,6750.27278196686,15.2846155202833,18.8674817249691,2.50304866957114,56770.6564066106,363217262.0
North America,NAC,2018,36.2610141497871,100.0,100.0,11.3114262085469,6882.61849874337,15.6734792437431,19.0909673832834,2.94780933880656,58052.7625499753,365666028.0
North America,NAC,2019,36.2589719773529,100.0,100.0,11.5807525012806,6846.62557092385,15.1594364156996,18.7135887654186,2.53012511444722,59158.7219278339,367908829.0
North America,NAC,2020,36.2569303570064,100.0,100.0,12.4628823400948,6280.79723142897,13.5675766494259,17.8650082693204,-2.38862032137294,57470.4195194401,369670740.0
North America,NAC,2021,36.6124410534822,100.0,100.0,,6557.25058534681,14.3528517403277,18.475272284549,6.0466919748077,60824.7850729267,370404272.0
North America,NAC,2022,36.6103791756258,100.0,100.0,,6623.01242612294,14.4546888948556,,2.64058278650343,61993.4613265648,373018004.0
North America,NAC,2023,,100.0,100.0,,6466.93590427225,13.7566308316438,,2.78367390829352,63053.7592640453,376954413.0
North Macedonia,MKD,2000,37.6543452615022,54.5,99.0,19.4,1316.52551296742,4.4599896365386,21.4063367196738,4.54913578288874,3283.37934095351,2026350.0
North Macedonia,MKD,2001,37.6656704679512,56.15,99.0,15.2,1266.25009844181,4.53166326106379,20.5865455856541,-3.06725662451662,3169.32514368931,2034882.0
North Macedonia,MKD,2002,37.6769956744003,57.5,99.0,14.6,1251.05324515581,4.30169536328117,19.3780672207161,1.49366547202928,3240.11064526089,2020157.0
North Macedonia,MKD,2003,37.6883208808494,58.8,99.0,17.3,1379.16538502756,4.66800973933679,22.4884068866443,2.22260165732409,3307.92040834712,2022725.0
North Macedonia,MKD,2004,37.6996460872985,60.2,99.4,18.2,1362.18449664398,4.56366624904647,21.0384420875685,4.67408957960916,3473.76544811451,2016186.0
North Macedonia,MKD,2005,37.7109712937475,61.4,99.1,19.0,1453.50436062578,4.81870814279944,20.3620070871171,4.72408864201974,3657.56307699216,2005330.0
North Macedonia,MKD,2006,37.7222965001966,63.3,99.0,19.8,1486.59574899626,4.83751837122741,21.6625851152789,5.13702516153505,3866.74650622977,1994287.0
North Macedonia,MKD,2007,38.0327388030123,64.6,99.1,15.7,1550.39471481413,5.2251891516254,20.5809235456128,6.47348685752347,4140.63354809364,1982933.0
North Macedonia,MKD,2008,38.0441537851764,65.45,99.2,15.6,1540.69779663479,5.14447680006979,19.5331292631782,5.47200139015595,4392.5507164151,1971493.0
North Macedonia,MKD,2009,38.0706582077716,66.9,99.2,18.4,1437.83185635895,4.65666929755328,18.9727028474128,-0.358614856979671,4405.20045750867,1958782.0
North Macedonia,MKD,2010,38.0820777160983,67.9,99.5,22.3,1475.24277459969,4.71412907992507,21.0422688522191,3.35875085773812,4582.36517512347,1946298.0
North Macedonia,MKD,2011,38.3514670896114,69.3,99.7,18.6,1619.7624762799,5.28745255234082,21.5924220032487,2.33988604520331,4711.13027870081,1937398.0
North Macedonia,MKD,2012,38.6208564631245,70.7,99.6,18.3,1549.52343072076,4.98507374518155,21.0808587045723,-0.456183223607937,4708.05168535923,1929821.0
North Macedonia,MKD,2013,38.8902458366376,71.7,99.7,21.2,1441.72181001724,4.57514266277495,22.1404647622691,2.92525766450484,4863.68088666968,1922716.0
North Macedonia,MKD,2014,39.1596352101507,72.7,99.8,21.2,1404.88281081687,4.35528122501704,22.822578658191,3.62912351276373,5053.75001236367,1917557.0
North Macedonia,MKD,2015,39.4290245836638,73.6,99.9,23.9,1387.97962391811,4.14802110404041,23.9221832208017,3.85586514041738,5262.68671928674,1912430.0
North Macedonia,MKD,2016,39.7172878667724,75.0,100.0,21.4,1408.22019004476,3.99771705905588,23.9630460915105,2.84820519363306,5429.94678358359,1906313.0
North Macedonia,MKD,2017,39.7101506740682,75.9,100.0,19.0,1438.49195928251,4.20312884317705,24.2589458765972,1.08177273813243,5510.81862920922,1898657.0
North Macedonia,MKD,2018,39.7101506740682,76.45,99.8,20.9,1370.12165061411,3.99285143704431,24.0504298826712,2.88059670964267,5698.39334484489,1889051.0
North Macedonia,MKD,2019,39.7101506740682,77.6,100.0,17.0,1503.51336885666,4.62504703500897,23.7034834116039,3.91041953840173,5961.58475399191,1876262.0
North Macedonia,MKD,2020,39.7101506740682,78.9,100.0,20.0,1388.54646388838,4.08399438830595,22.7433958881186,-4.68845000956652,5743.72649424581,1856124.0
North Macedonia,MKD,2021,39.7101506740682,79.6,100.0,19.5,1455.08840227388,4.15543074626833,22.5805920939893,4.51067949038222,6064.92315120022,1837114.0
North Macedonia,MKD,2022,39.7101506740682,80.55,100.0,,1476.13542564094,4.47897922817561,23.0244680694634,2.75888415332967,6250.62720952063,1831712.0
North Macedonia,MKD,2023,39.7101506740682,81.3,100.0,,1450.14177456794,4.38791431960329,24.0124323129383,2.554965253403,6423.99221393369,1827816.0
Northern Mariana Islands,MNP,2000,69.4782608695652,,100.0,0.0,,0.00146292936977,,,,68356.0
Northern Mariana Islands,MNP,2001,69.1217391304348,,100.0,0.0,,0.0014709343374911,,,,67984.0
Northern Mariana Islands,MNP,2002,68.7652173913043,,99.9,0.0,,0.0014974991763754,,,24066.5361573445,66778.0
Northern Mariana Islands,MNP,2003,68.4086956521739,,99.9,0.0,,0.001528561165375,,0.343170899107761,24650.0405531909,65421.0
Northern Mariana Islands,MNP,2004,68.0521739130435,,99.8,0.0,,0.0015640151396665,,-3.07797537619699,24445.4618441919,63938.0
Northern Mariana Islands,MNP,2005,67.695652173913,,99.8,0.0,,0.001603746351477,,-12.7028934368384,21882.2927935415,62354.0
Northern Mariana Islands,MNP,2006,67.3391304347826,,99.7,0.0,,0.001647935137273,,-6.87146321746161,20940.1619770428,60682.0
Northern Mariana Islands,MNP,2007,66.9826086956522,,100.0,0.0,,0.0016966118661033,,-6.68402777777779,20117.7037335229,58941.0
Northern Mariana Islands,MNP,2008,66.6260869565217,,100.0,0.0,,0.0017497812773403,,-11.0697674418605,18451.3905458787,57150.0
Northern Mariana Islands,MNP,2009,66.2695652173913,,100.0,0.0,,0.0018075011296882,,-17.5732217573222,15710.5807282039,55325.0
Northern Mariana Islands,MNP,2010,65.9130434782609,,100.0,0.0,,0.0018487363886783,,1.3959390862944,16293.3059496259,54091.0
Northern Mariana Islands,MNP,2011,65.5521739130435,,100.0,0.0,,0.0018653932248918,,-7.38423028785982,15226.1308805108,53608.0
Northern Mariana Islands,MNP,2012,65.1913043478261,,100.0,0.0,,0.0018784987038358,,0.810810810810807,15457.4258192247,53234.0
Northern Mariana Islands,MNP,2013,64.8304347826087,,100.0,0.0,,0.0018954471359793,,2.68096514745308,16015.0349164338,52758.0
Northern Mariana Islands,MNP,2014,64.4695652173913,,100.0,0.0,,0.0019165165395377,,4.177545691906,16869.5270385638,52178.0
Northern Mariana Islands,MNP,2015,64.1086956521739,,100.0,0.0,,0.0019412198625616,,3.38345864661653,17665.1007493109,51514.0
Northern Mariana Islands,MNP,2016,52.9565217391304,,100.0,0.0,,0.0019695507454749,,29.2121212121212,23158.5744988538,50773.0
Northern Mariana Islands,MNP,2017,52.9565217391304,,100.0,0.0,,0.0020016413459036,,23.1707317073171,28989.3470221339,49959.0
Northern Mariana Islands,MNP,2018,52.9565217391304,,100.0,0.0,,0.002037614361106,,-19.4973343488195,23756.6075820248,49077.0
Northern Mariana Islands,MNP,2019,52.9565217391304,,100.0,0.0,,0.0020777493818695,,-11.4474929044465,21451.4401636511,48129.0
Northern Mariana Islands,MNP,2020,52.9565217391304,,100.0,0.3,,0.002104022891769,,-29.0598290598291,15410.1186923944,47528.0
Northern Mariana Islands,MNP,2021,52.9565217391304,,100.0,0.5,,0.0021286106558249,,4.96987951807229,16365.016735395,46979.0
Northern Mariana Islands,MNP,2022,52.9565217391304,,100.0,0.5,,0.0021702330830331,,16.6427546628408,19461.8611129744,46078.0
Northern Mariana Islands,MNP,2023,52.9565217391304,,100.0,,,0.0022151828633453,,,,45143.0
Norway,NOR,2000,33.1641313751903,100.0,100.0,60.2,5826.12232323722,9.30078087859475,36.7998293058526,3.31894570142394,67846.5968643534,4490967.0
Norway,NOR,2001,33.1611196898512,100.0,100.0,59.6,5954.81911743802,9.367707700314,35.5696147591,2.06713043546189,68899.5268987833,4513751.0
Norway,NOR,2002,33.1581080045121,100.0,100.0,59.5,5502.08929908871,9.16323116929134,33.6163207375275,1.37755702173065,69472.9836807311,4538159.0
Norway,NOR,2003,33.1550963191729,100.0,100.0,56.2,5934.59079848361,9.73649765436142,33.8137855236301,0.944909363247831,69719.3122573679,4564855.0
Norway,NOR,2004,33.1520846338338,100.0,100.0,56.9,6231.94030988748,9.7760844615857,35.4260864604952,4.01458802387079,72090.9862854901,4591910.0
Norway,NOR,2005,33.1490729484947,100.0,100.0,58.6,6319.92545895993,9.3683698473663,38.3804105782717,2.68512290339085,73524.2549197612,4623291.0
Norway,NOR,2006,33.1460612631556,100.0,100.0,57.0,6319.15452788829,9.44326328556989,40.0562998933421,2.46147311635166,74729.7365961068,4660677.0
Norway,NOR,2007,33.1430495778165,100.0,100.0,57.4,5864.30044405949,9.5358549616035,37.619260274878,2.91404000653228,76115.7066768285,4709153.0
Norway,NOR,2008,33.1400378924774,100.0,100.0,58.5,6412.35151011432,9.87892316868461,40.8115905550248,0.481919549757933,75535.2118003041,4768212.0
Norway,NOR,2009,33.1370262071382,100.0,100.0,56.7,6200.50244551882,9.34509433751263,34.8690747104576,-1.94036472596633,73141.3073299889,4828726.0
Norway,NOR,2010,33.1340145217991,100.0,100.0,56.0,6455.3166845378,9.81436424221947,35.3094842115323,0.787051861494078,72804.3956188398,4889252.0
Norway,NOR,2011,33.1553701087492,100.0,100.0,56.0,5501.9559356258,9.47669413505272,37.6245805499,1.10565603382983,72660.6754124944,4953088.0
Norway,NOR,2012,33.1767256956993,100.0,100.0,56.9,5805.46758867551,9.2436037096601,37.4765762389368,2.71795924894734,73661.6785830334,5018573.0
Norway,NOR,2013,33.2090866046879,100.0,100.0,56.6,6047.18057523381,9.22857857758341,36.2739314669769,1.01619084044641,73515.9144917472,5079623.0
Norway,NOR,2014,33.2318108614437,100.0,100.0,55.8,5525.57603893844,9.1470465028638,34.6738352116026,2.04813200438943,74180.3238731011,5137232.0
Norway,NOR,2015,33.2456439881958,100.0,100.0,56.5,4930.48137593923,9.24221086700149,31.5986317732861,1.85733971623901,74809.9658049898,5188607.0
Norway,NOR,2016,33.271099733249,100.0,100.0,57.7,5368.57647170474,9.04975223129384,28.5306166329967,1.16472423928819,75017.4944769055,5234519.0
Norway,NOR,2017,33.2945336229161,100.0,100.0,58.9,5673.5093152418,8.98402264330578,30.4933671932528,2.46374626574153,76247.4116445341,5276968.0
Norway,NOR,2018,33.3172650284299,100.0,100.0,58.9,5539.19011908654,8.78033462878555,32.6446122707692,0.828931500516902,76373.6474606092,5311916.0
Norway,NOR,2019,33.3399069828592,100.0,100.0,59.8,5220.68866140147,8.47933467666537,29.8244589771798,1.12374694968757,76712.2871160349,5347896.0
Norway,NOR,2020,33.4353596771758,100.0,100.0,60.9,5145.72221927617,8.12493784244745,26.8831673443447,-1.27817177234034,75287.2059527598,5379475.0
Norway,NOR,2021,33.4581491750625,100.0,100.0,61.4,5298.87662808584,8.21471362641264,37.9019230417877,3.90868676830634,77812.7115614383,5408320.0
Norway,NOR,2022,33.4795618634529,100.0,100.0,,4651.48670758657,7.9798582660803,49.1288971298146,3.24622860260932,79620.1635455079,5457127.0
Norway,NOR,2023,33.5009745518434,100.0,100.0,,4884.6175244586,7.53753758650308,39.0661168478106,0.0721204806030329,78775.7495154943,5519601.0
OECD members,OED,2000,32.4054566763953,97.2603668899076,99.6355291285159,7.75334126302278,4437.91198252458,11.1466676951584,25.9686813598688,4.12353340516884,30592.0378269081,1202226474.0
OECD members,OED,2001,32.4207298782023,97.3756621737855,99.6605225869064,7.39910129078992,4389.78166418946,11.0451257907479,24.9118044750053,1.40629069782285,30794.724507181,1211109104.0
OECD members,OED,2002,32.4352908408332,97.4743897035085,99.6034955899274,7.48717816862848,4389.42325202588,10.8996770369125,24.2086040083853,1.53556544932567,31037.1528475102,1220101353.0
OECD members,OED,2003,32.4499792982148,97.5468704973012,99.5827208408458,7.76822251221727,4421.83532345486,11.0175625699252,24.1054240532866,2.04433401154087,31442.0228737181,1229012217.0
OECD members,OED,2004,32.4652799599114,97.5975022012663,99.666228773057,7.99792720526407,4473.50625969407,11.0447256782783,24.232690382649,3.26135550197823,32234.4407117914,1237896576.0
OECD members,OED,2005,32.4804345158919,97.6608002749819,99.7390734427573,8.2750689008543,4470.58376769108,11.002658960208,24.3363778439271,2.84476924785857,32918.4900985192,1246656490.0
OECD members,OED,2006,32.496046727321,97.6942787744463,99.7396526812623,8.75159229776806,4449.74743878547,10.875991700638,24.5516520565988,3.04090437455287,33673.9718111843,1255746646.0
OECD members,OED,2007,32.5110002902814,97.7418144410793,99.6287855276073,9.008152485838,4436.58711141148,10.9265590021945,24.4051640128806,2.62073098084872,34311.0693477502,1264728255.0
OECD members,OED,2008,32.5397888532692,97.7671365279707,99.7439647923726,9.51078406141571,4341.66013637715,10.5674461796345,24.1236644363611,0.395831033548873,34177.1150541466,1274711058.0
OECD members,OED,2009,32.5540238309614,97.7781139655798,99.6917727585994,10.1205121168934,4123.3891097595,9.85845907240483,22.5268637399112,-3.38026884475778,32783.6280768116,1283973216.0
OECD members,OED,2010,32.5677518319564,97.7982311779782,99.8076262147082,10.3743144709912,4230.42971411025,10.2228507332779,22.9922117444654,2.96705999909368,33528.4100044688,1292701737.0
OECD members,OED,2011,32.6028006549241,97.8123013746259,99.7872116882093,10.9046224842115,4130.18286896376,9.99263884192274,23.0887897037953,1.87802028856423,33975.6013090401,1299644689.0
OECD members,OED,2012,32.6372579007099,97.8294903284593,99.8129467749549,11.3823454495312,4067.69150989785,9.79069258940947,22.8942785008248,1.37675440586294,34230.3149071274,1307733583.0
OECD members,OED,2013,32.6708347037734,97.8411757284813,99.8350316663745,11.877535320146,4077.0391729953,9.7733425966607,22.6654348984922,1.62046550836888,34581.5357525872,1315427979.0
OECD members,OED,2014,32.7050436650884,97.8774887583771,99.8480258810507,12.1275743053496,4012.96612255424,9.53910131638506,22.6268428787945,2.17833905340592,35120.4008452828,1323459714.0
OECD members,OED,2015,32.7403692505552,97.8960922139935,99.8393577437036,12.2611450949417,3987.38192220322,9.42977982040166,22.1769468589271,2.51027367143098,35779.9123271942,1331675197.0
OECD members,OED,2016,32.7560769615503,97.916093630686,99.8959370066929,12.432384629223,3972.26123507886,9.31631385898117,21.8656130030578,1.86249391596978,36216.0475622534,1340142055.0
OECD members,OED,2017,32.7499714988249,97.9220227568457,99.9408590340957,12.7954391065077,3976.89814334872,9.26106695485271,22.1505457959154,2.61694093867455,36943.6721882405,1348127258.0
OECD members,OED,2018,32.7521163794694,97.9410404011778,99.8987734342049,13.2024399046234,3989.808974529,9.23662026752913,22.2682805920298,2.3646207330156,37584.634230902,1356470975.0
OECD members,OED,2019,32.7552944551501,97.9604700438641,99.9400725167424,13.6864487000325,3940.70688085627,8.91808812761882,21.9339764770682,1.84575810333803,38062.9859938454,1364146219.0
OECD members,OED,2020,32.7597909464671,97.9732368160014,99.9329794930067,14.8380363213872,3662.85261066522,8.12285634081619,21.4825230632068,-3.88927214744993,36444.6516392817,1369310195.0
OECD members,OED,2021,32.9271979636977,97.9852642351941,100.0,,3831.57619146132,8.53416167767267,21.8932359142346,5.9755204126343,38552.7294071217,1371785073.0
OECD members,OED,2022,32.9471945598421,97.9782048493581,100.0,,3777.82814353815,8.42684798687324,,3.09501591343316,39550.448387956,1378565677.0
OECD members,OED,2023,,97.9965766468383,99.9229486259415,,3679.75946291141,8.00199427665889,,1.82235680918733,40000.4208005086,1387897706.0
Oman,OMN,2000,0.0096930533117932,100.0,100.0,0.0,3286.26599451763,11.5318533423366,56.1632471841847,6.19241063695442,19881.7364316776,2282131.0
Oman,OMN,2001,0.0096930533117932,100.0,100.0,0.0,3303.97268173668,12.3287119781389,53.2718052025626,4.61316649389876,20546.0554077598,2310217.0
Oman,OMN,2002,0.0096930533117932,100.0,100.0,0.0,3469.43506166397,13.0297714300384,52.8284867004183,-0.784165786429256,20150.1131971413,2337140.0
Oman,OMN,2003,0.0096930533117932,100.0,100.0,0.0,3565.24432327227,13.6147958622487,52.5914554000484,-2.19466567976842,19485.6441506077,2363796.0
Oman,OMN,2004,0.0096930533117932,100.0,100.0,0.0,3658.50755395167,13.2140812143607,53.36473693375,1.99251510973346,19534.8601445269,2404821.0
Oman,OMN,2005,0.0096930533117932,100.0,99.9,0.0,4030.08185259047,13.4330730684827,60.285371070288,2.77944360306151,19629.0451546015,2459802.0
Oman,OMN,2006,0.0096930533117932,100.0,99.9,0.0,6138.77344250291,16.7589405895908,60.292833102235,4.66981481939328,20096.3965576134,2514795.0
Oman,OMN,2007,0.0096930533117932,100.0,100.0,0.0,6889.71721193841,17.7305116307301,57.7212395336941,4.98065467051528,20642.7489563377,2570174.0
Oman,OMN,2008,0.0096930533117932,100.0,100.0,0.0,5927.85053888478,17.0293950685486,63.599715349163,8.95005895005896,22007.7338963517,2626529.0
Oman,OMN,2009,0.0096930533117932,100.0,100.0,0.0,5912.23573208102,17.5455802766757,57.5656243990977,5.98196694904402,22819.1977324647,2684659.0
Oman,OMN,2010,0.0096930533117932,100.0,100.0,0.0,6736.89412726066,18.6742369569522,63.2733093237295,2.47199856582773,22766.0503620721,2757446.0
Oman,OMN,2011,0.0096930533117932,100.0,100.0,0.0,7155.54208650969,19.4168676625401,68.1872487230601,2.89460973541192,20993.9079436935,3076763.0
Oman,OMN,2012,0.0096930533117932,100.0,100.0,0.0,6702.98586928623,19.0117803076649,67.5378696587491,8.86312225557018,19824.1215485946,3547106.0
Oman,OMN,2013,0.0096930533117932,100.0,100.0,0.0,6348.55461173282,18.4231097575767,64.9283987461105,5.22770408145942,19299.9400516869,3833913.0
Oman,OMN,2014,0.0096930533117932,100.0,100.0,0.0,6076.17706116413,18.7456448430569,62.0562918738146,1.29225229411081,18726.2026946971,4002439.0
Oman,OMN,2015,0.0096930533117932,100.0,100.0,0.0,6027.44597600521,18.9549319636454,53.0988656602003,5.01705799719045,18808.3077921839,4184895.0
Oman,OMN,2016,0.0090468497576736,100.0,100.0,0.0,5557.31259783447,18.3626186750392,47.9402499394191,5.04642394571691,18830.6057208608,4390877.0
Oman,OMN,2017,0.0087237479806138,100.0,100.0,0.0,5765.1904185145,17.9309674535791,49.5943955174432,0.304057565922449,18277.945563615,4537396.0
Oman,OMN,2018,0.0084006462035541,100.0,100.0,0.0,5543.48208572922,18.3513173579893,53.893815370623,1.28710391543288,18269.6769435562,4597877.0
Oman,OMN,2019,0.0080775444264943,100.0,100.0,0.0,5104.14096385215,18.6062766036459,51.3792329456517,-1.12863801728058,18089.586668488,4591241.0
Oman,OMN,2020,0.0080775444264943,100.0,100.0,0.1,5696.16549726549,18.1682818142278,47.1477222892227,-3.37972052697999,17743.8858800477,4522497.0
Oman,OMN,2021,0.0078620355411954,100.0,100.0,0.1,5933.45046971652,19.4931188705775,51.9269716464141,2.5821749892893,18291.3387983888,4500424.0
Oman,OMN,2022,0.0077903069466882,100.0,100.0,,5867.32005628854,19.6830764534295,59.4852077730217,7.98570728354278,18792.4460565306,4730226.0
Oman,OMN,2023,0.0076226171243941,100.0,100.0,,,18.9600910547646,55.3716024073653,1.41401395818599,17853.9645119949,5049269.0
Other small states,OSS,2000,27.0339522768962,58.8491725170557,71.119393429134,34.8842401021711,,4.68011265016536,29.2465834027712,7.30660957102901,8348.27646209373,9788238.0
Other small states,OSS,2001,27.1058229508697,59.0832646484594,72.8655376367779,34.4060049627792,,4.67315460987159,28.1037637230946,3.18928851545208,8464.54110405474,9961679.0
Other small states,OSS,2002,27.1776936248432,59.3198971323781,72.1259448622127,34.8973229496228,,4.51551061895615,27.6064819508497,3.49386287726676,8609.50564808359,10136134.0
Other small states,OSS,2003,27.2495642988166,59.8124629134441,73.1695370111875,34.679399243141,,4.86291684247289,27.34842831187,4.26926213641663,8860.43714498688,10269557.0
Other small states,OSS,2004,27.4979235274701,60.4793712483942,74.5260416028874,34.4053686635945,1744.85371963019,4.92245829645191,27.3845993168713,4.45593697193823,9164.67108439275,10371059.0
Other small states,OSS,2005,27.5702584651759,61.0701339733683,75.7984756834167,34.9750106337729,1733.6785132284,4.86435854846612,28.114255724471,4.60415245323831,9487.11347008899,10479844.0
Other small states,OSS,2006,29.0105625063871,61.547755437231,76.1827098373868,33.1250047938639,1912.28354358264,5.09417150798256,29.1539023606796,6.20030003008425,9959.86385190429,10601352.0
Other small states,OSS,2007,29.1527074178431,62.0369685094589,77.6573850936105,34.3738268461259,2063.28166697787,5.40621756077562,27.7105393763512,5.46064815476821,10377.4487607855,10730365.0
Other small states,OSS,2008,29.2948523292991,62.488720762172,78.4662641033856,36.1920582047686,,5.26800984804302,28.9562085865804,0.898669950888518,10343.2053560068,10862640.0
Other small states,OSS,2009,29.4369972407551,62.9539797154883,78.9212198624386,39.4830543154762,,4.77906855608521,25.2369473856087,-5.13080799644791,9699.18302744397,10989567.0
Other small states,OSS,2010,29.579142152211,63.3732456504254,79.8432778556983,40.1984612532443,,5.1074364173278,26.0664604175095,2.47562099508463,9829.37376191878,11112466.0
Other small states,OSS,2011,29.6509134711905,63.7297378706659,82.3763169043455,40.4458062116422,,5.07746483602155,27.7440453949814,3.29069314227961,10049.9562166758,11226214.0
Other small states,OSS,2012,29.7191217535727,64.1159157407817,83.2159663044917,40.7171691176471,,4.93245142381184,27.4692374858403,1.20022660464679,10063.1293120612,11346082.0
Other small states,OSS,2013,29.6703619539331,64.5101568042598,84.0687457795862,41.1903048108704,,5.08590309409127,26.0286716334403,0.791667553785189,10036.2011169509,11466589.0
Other small states,OSS,2014,29.7383023978766,64.8686011025606,85.5436919645938,41.5939404934688,,5.06808491530847,24.6367207422356,2.09877810164529,10136.6802416118,11591200.0
Other small states,OSS,2015,29.8062428418201,65.2558289012197,86.4520330481869,42.5760198652004,,4.70098555335138,22.6294544412352,3.3511007552562,10359.1182462574,11722398.0
Other small states,OSS,2016,29.8094974951102,65.6108724849429,87.8544041310444,42.1565383945673,,4.664123635007,21.5400762574178,4.11091200572844,10667.1122642121,11851918.0
Other small states,OSS,2017,29.9591385934345,65.972731800603,89.3280026877149,41.4366535230585,,4.78282475224104,21.3898201959064,5.06107673012673,11078.5034399888,11989367.0
Other small states,OSS,2018,29.9017888970529,66.2963326641268,90.472453074168,42.3626099950191,,4.85338243085182,21.9330075948313,4.35830092725908,11422.3381975176,12135267.0
Other small states,OSS,2019,29.9081908059858,66.5430831018343,91.8035513133262,42.3904707420726,,4.08550723028829,21.8045344021911,4.24479955996004,11765.0274554195,12281907.0
Other small states,OSS,2020,29.9147745873315,66.8272529938595,92.8384985004429,45.4042214532872,,3.77656532555834,21.5380543487838,-5.79748440207983,10962.0788606767,12417333.0
Other small states,OSS,2021,29.9212248743262,67.0216101657414,93.8560728212473,,,3.90037217494107,22.3424470329674,8.00516977657277,11722.030338555,12541889.0
Other small states,OSS,2022,29.9299536555377,67.3696369991192,93.9605317818207,,,4.06107663404187,22.9596659084884,4.35703581894087,12081.4158837591,12699005.0
Other small states,OSS,2023,,67.5996228240947,94.4954692175265,,,3.76193664560992,20.3908906803396,3.20990960730505,12349.4784075444,12822134.0
Pacific island small states,PSS,2000,66.6923676012461,20.296878136822,55.2875180803359,43.3202099737533,,2.05682489225246,16.4681329235721,-1.53552751551484,3176.39794860245,2042274.0
Pacific island small states,PSS,2001,66.7794080996885,20.5293630989751,56.6328134447056,38.2140664961637,,2.22585021388557,17.1681162166009,0.89676005438109,3163.33571644076,2069097.0
Pacific island small states,PSS,2002,66.8664485981308,20.88781877111,58.333247934756,41.8976,,1.65014296466379,17.5510944594806,1.99534265545913,3186.14737789638,2095273.0
Pacific island small states,PSS,2003,66.9534890965732,21.2144242268197,59.4337402008496,37.7193798449612,,1.89494254434611,16.6603088344013,1.89413394955369,3207.73542916581,2120592.0
Pacific island small states,PSS,2004,67.0405295950156,21.5809256561975,60.6186578451227,35.0321596244131,453.386455781781,1.97799585645338,17.3769191844886,3.97277389868076,3296.44443252474,2145505.0
Pacific island small states,PSS,2005,67.1275700934579,22.0529627945064,62.2414370499196,37.4314960629921,404.694054761991,1.96080328880397,15.2984927227811,2.42668245238926,3338.28075619483,2170029.0
Pacific island small states,PSS,2006,67.2146105919003,22.5835161204321,61.6671146830488,36.3674816625917,392.885398313871,1.98563072372754,15.084889932477,2.3498331137086,3378.98652339856,2194265.0
Pacific island small states,PSS,2007,67.3016510903427,22.9941284717996,63.9376929353584,34.2550368550369,377.988501802454,1.7927356495945,14.8778318005619,0.127706732509765,3346.74967940648,2218230.0
Pacific island small states,PSS,2008,67.3886915887851,23.5626549544592,67.26129946415,36.9616666666667,,1.59920454814238,15.2368615470003,1.95989498739424,3378.06429573943,2240739.0
Pacific island small states,PSS,2009,67.4757320872274,24.1564051190388,64.8201897407066,34.7113372093023,,1.83291962363025,15.1030975265522,-0.562393943880551,3326.82305751956,2262456.0
Pacific island small states,PSS,2010,67.5627725856698,24.7836148701035,71.7961252713048,29.6785326086957,,2.08408407621389,14.9281101460217,3.66597211061234,3408.1961416575,2289399.0
Pacific island small states,PSS,2011,67.6495950155763,25.3783861339938,72.8044582293327,31.4028947368421,,1.9874195301045,15.8698259467502,3.87026168877591,3492.05482608666,2320899.0
Pacific island small states,PSS,2012,67.7364174454829,26.1560585291021,73.8316460480866,31.2037135278515,,2.45377826834541,15.3288771079786,1.02877043788416,3481.4413131175,2351924.0
Pacific island small states,PSS,2013,67.8232398753894,26.7943835134127,72.6617984322668,31.0864532019704,,1.76257726304287,14.5693523720157,3.24267307557558,3547.56315600397,2382931.0
Pacific island small states,PSS,2014,67.910062305296,27.5126532200545,76.5754031125716,31.2214953271028,,1.59741510923491,14.0632419539571,3.56865422427055,3626.36793557544,2414338.0
Pacific island small states,PSS,2015,67.9968847352025,28.3473889702693,78.5477895035505,31.3321759259259,,1.56644204041801,14.0762082635845,4.00430128788743,3722.7745565917,2445989.0
Pacific island small states,PSS,2016,68.0839563862928,29.0377285198043,79.9083422592839,28.8504854368932,,1.5303532093467,14.7234002996076,3.71614197204156,3811.55677547702,2477794.0
Pacific island small states,PSS,2017,68.2240062353858,29.7906673667998,82.1041734677982,28.9891402714932,,1.48848664879946,14.4667313159675,3.9129814304377,3909.88377121052,2509999.0
Pacific island small states,PSS,2018,68.3111457521434,30.445184773146,82.69782730903,27.3537444933921,,1.5765876517353,14.166390921629,2.72096683103047,3965.69591895216,2542009.0
Pacific island small states,PSS,2019,68.3981293842557,31.3101429891741,84.3434350882329,27.3889848812095,,1.57319625516223,15.0138572379111,1.13416567850717,3969.06712487372,2568656.0
Pacific island small states,PSS,2020,68.4851130163679,32.0091516080388,86.1939811336602,29.425845410628,,1.34215776248477,15.3940065355423,-10.2494743524661,3525.38600970306,2595522.0
Pacific island small states,PSS,2021,68.5720966484801,32.6452913033857,85.6708178235478,,,1.49533820886211,15.0412537165629,-2.70502133423179,3390.86854398028,2625493.0
Pacific island small states,PSS,2022,68.6590802805924,33.3774349795505,85.7923885063867,,,1.49552963819568,15.0111939608683,8.46598449677872,3635.62681471762,2656049.0
Pacific island small states,PSS,2023,,34.0194482869408,88.8705713618501,,,1.47946024578094,14.8923885003974,6.92898966603425,3839.58128039956,2689224.0
Pakistan,PAK,2000,5.85209111664591,23.4,72.8,51.0,411.540523296893,0.722433695019472,17.1836347813683,4.2600880111325,1049.54229686852,154879127.0
Pakistan,PAK,2001,5.79792834163553,24.6,73.9,51.5,407.952226836099,0.715614685361213,17.5934942779914,3.65135017083765,1057.86767778646,159270907.0
Pakistan,PAK,2002,5.74376556662516,25.8,74.9,51.4,404.292241530291,0.694336050345593,17.1588876671988,2.59481668445784,1059.04171024589,163222549.0
Pakistan,PAK,2003,5.68960279161478,26.8,76.0,50.1,412.793730478842,0.703114269808277,17.3885833649452,5.40131087314342,1090.27523993746,167110248.0
Pakistan,PAK,2004,5.6354400166044,27.9,77.0,47.9,431.636644125398,0.767369779199701,18.9071452885794,7.83125556961251,1146.99632842666,171286000.0
Pakistan,PAK,2005,5.58127724159402,29.3,78.1,48.0,436.021708116643,0.763286111855279,19.9330293059047,7.2765744364722,1201.23359367214,175453212.0
Pakistan,PAK,2006,5.52711446658364,30.3,79.1,47.0,443.865350777373,0.808708952431645,20.199119664936,6.05163767569996,1243.94142602543,179682690.0
Pakistan,PAK,2007,5.47295169157327,31.7,80.2,44.9,457.166653731876,0.877889118869624,19.9449553163591,4.4448143398844,1265.35567539842,184493231.0
Pakistan,PAK,2008,5.41878891656289,33.2,81.4,46.6,437.793091427855,0.825212305875015,21.1955484525846,2.1204410433083,1258.05188934452,189499113.0
Pakistan,PAK,2009,5.36462614155251,34.3,82.5,46.4,433.232502017003,0.823532021617383,20.3372467582902,3.47255059567348,1269.07432116444,194376534.0
Pakistan,PAK,2010,5.31046336654213,35.6,87.1,47.4,429.290150470498,0.781255493557947,20.9650197800876,1.50171752152883,1256.69482201323,199239047.0
Pakistan,PAK,2011,5.26865919468659,36.6,87.8,46.8,422.806783066711,0.761925389822866,21.1864809532945,2.68011685421705,1261.83161907857,203746065.0
Pakistan,PAK,2012,5.22685502283105,38.0,88.6,47.2,419.511994101923,0.756547286914094,21.9583720724829,3.02758391088629,1275.48806898966,207667125.0
Pakistan,PAK,2013,5.18505085097551,39.2,89.3,48.1,421.547198130113,0.761812998094914,20.8910295084645,4.36686504978387,1309.70080446386,211073978.0
Pakistan,PAK,2014,5.14324667911997,40.3,90.1,47.2,433.41831568369,0.78969023760602,20.8659912298838,4.11642817161422,1343.30778121043,214264647.0
Pakistan,PAK,2015,5.10144250726443,41.8,91.0,45.9,437.113254936443,0.820485873767654,19.602614668814,4.21794209572506,1380.47020838317,217290883.0
Pakistan,PAK,2016,5.01795350767954,43.4,91.8,43.7,446.831497143007,0.893970251114536,18.1501179723214,6.57383828511043,1452.18658269177,220138869.0
Pakistan,PAK,2017,4.99418845994188,44.5,92.7,42.1,456.017360937059,0.955309760765795,18.0993270885214,4.43262590683975,1495.26187528032,223273967.0
Pakistan,PAK,2018,4.94056143628061,46.1,93.4,43.4,453.513978590289,0.891523323526385,18.5890515927482,6.15170261099519,1561.68169819559,226928892.0
Pakistan,PAK,2019,4.88693441261934,47.9,93.9,45.9,431.515757251107,0.861524807145574,19.5638945814483,2.49763692943365,1573.8330826937,230800899.0
Pakistan,PAK,2020,4.83330738895807,49.5,94.5,42.7,454.250317980901,0.947225728271823,18.5894635445816,-1.27408744338709,1526.00597486307,235001746.0
Pakistan,PAK,2021,4.7796803652968,51.3,94.9,41.6,465.029491365502,0.956817705203498,18.8964082009484,6.51388575852702,1595.02792175422,239477801.0
Pakistan,PAK,2022,4.72605334163553,53.0,95.0,,470.723496524025,0.965826244537936,20.4125955543613,4.7781068690358,1642.28066974826,243700667.0
Pakistan,PAK,2023,4.67242631797426,54.9,95.6,,,0.843982651709012,20.718694602313,-0.414935997088406,1610.33122837537,247504495.0
Palau,PLW,2000,86.0434782608696,100.0,97.9,0.0,,110.647617061216,14.514815887267,-2.60390246523619,12346.4680054398,19178.0
Palau,PLW,2001,86.2565217391304,100.0,98.0,0.0,,122.137246796197,18.0489669330534,7.34589375241519,13134.260646066,19352.0
Palau,PLW,2002,86.4695652173913,100.0,98.0,0.0,,74.0450187150695,21.4159130551758,4.71497769088471,13647.052731145,19503.0
Palau,PLW,2003,86.6826086956522,100.0,98.1,0.0,,87.3950862200519,17.5173954501465,-2.12776308332282,13250.6865944432,19659.0
Palau,PLW,2004,86.895652173913,100.0,98.1,0.0,,76.7810292633703,15.1582911347474,3.47251046466637,13599.4436174869,19820.0
Palau,PLW,2005,87.1086956521739,100.0,98.9,0.0,,87.552348756244,13.4058206780497,2.88482726313062,13992.4700518965,19819.0
Palau,PLW,2006,87.3217391304348,100.0,98.3,0.0,,86.6533966212423,11.5471464275683,0.228095913166968,14186.1538388023,19593.0
Palau,PLW,2007,87.5347826086957,100.0,98.4,0.0,,71.6868718267537,10.8073757207828,1.32259368182741,14590.4803753503,19302.0
Palau,PLW,2008,87.7478260869565,100.0,98.5,0.0,,73.533589352412,8.91521358713081,-5.19490494373626,14045.7297946023,19009.0
Palau,PLW,2009,87.9608695652174,100.0,98.6,0.0,,116.190068950772,8.76818551012762,-6.53652076215215,13338.1300928439,18709.0
Palau,PLW,2010,88.1739130434783,100.0,98.8,0.0,,114.73689932594,9.77806970315764,-2.64326159533755,13206.5122645,18396.0
Palau,PLW,2011,88.3608695652174,100.0,98.9,0.0,,131.081978094922,8.53505137130915,5.09200624133297,14123.1262308557,18078.0
Palau,PLW,2012,88.5478260869565,100.0,97.6,0.0,,202.865184351252,8.1220574144124,1.65514876664869,14609.8376964301,17765.0
Palau,PLW,2013,88.7347826086957,100.0,99.2,0.0,,103.371486854034,7.92058443910063,-2.55228103983089,14331.3395472642,17648.0
Palau,PLW,2014,88.9217391304348,100.0,99.8,0.3,,71.5608241603161,7.61030587152901,5.16816298235885,15015.0026129107,17715.0
Palau,PLW,2015,89.1086956521739,100.0,99.5,0.4,,67.2706809229038,7.93365213381965,7.92010724472276,16154.0532152373,17770.0
Palau,PLW,2016,89.304347826087,100.0,100.0,0.6,,64.3029724110805,10.0467475510862,1.32685546630708,16343.5615050344,17797.0
Palau,PLW,2017,89.4782608695652,100.0,100.0,0.6,,67.1682012126656,8.06727947248155,-2.98950254798218,15841.6183886679,17812.0
Palau,PLW,2018,89.6739130434783,100.0,100.0,0.6,,69.0748849219715,8.97198406718992,-1.24390713667657,15642.8069323229,17814.0
Palau,PLW,2019,89.8478260869565,100.0,100.0,0.9,,71.2608158220025,11.2363131549702,-0.362028649856498,15600.1871093094,17798.0
Palau,PLW,2020,90.0217391304348,100.0,100.0,0.9,,71.7401079136691,12.5888748571576,-6.87233152299699,14532.9898440558,17792.0
Palau,PLW,2021,90.195652173913,100.0,100.0,0.9,,74.7342968003149,11.9257212149993,-13.2600319305925,12612.2906184953,17783.0
Palau,PLW,2022,90.3695652173913,100.0,100.0,0.9,,78.7262796328622,12.3983166863106,1.51267904038146,12820.3765209089,17759.0
Palau,PLW,2023,90.5434782608696,100.0,100.0,,,78.8571106222147,10.0673824813859,2.21599800170485,13128.1314312511,17727.0
Panama,PAN,2000,59.7543718052193,100.0,81.4,27.7,790.919387331221,1.72414079469992,18.301557181659,4.2090057360153,6856.1491877083,3010369.0
Panama,PAN,2001,59.6008205542104,100.0,81.5,24.0,887.107864697881,2.02167297543571,16.4037220567523,0.949907875683692,6787.86265820271,3069537.0
Panama,PAN,2002,59.4472693032015,100.0,82.1,28.7,790.860132882429,1.72892465641361,15.5868422953254,2.50884408826073,6825.1774775292,3129344.0
Panama,PAN,2003,59.2937180521926,100.0,87.8,27.4,774.416697085516,1.71837982674187,16.7622315935696,5.09686013628365,7037.08164896629,3189807.0
Panama,PAN,2004,59.1401668011838,100.0,83.4,28.2,755.9909322211,1.69444397452598,17.1143205033941,8.1756535098435,7468.76593461799,3251155.0
Panama,PAN,2005,58.9866155501749,100.0,84.1,22.8,838.635936361115,2.1436596030336,16.9418882346097,8.27618322400723,7935.87134515908,3313026.0
Panama,PAN,2006,58.833064299166,100.0,84.8,22.1,874.56606978567,2.21959903099948,17.0590241541399,9.8572387394466,8557.98017379308,3375024.0
Panama,PAN,2007,58.6795130481571,100.0,85.5,22.8,858.048128734239,2.17542451032585,17.3951362456171,13.1530653136012,9507.64640169959,3437490.0
Panama,PAN,2008,58.5259617971482,100.0,86.3,23.4,806.672089232316,2.07330185725614,19.4422776642603,10.197432548532,10288.1549774225,3500648.0
Panama,PAN,2009,58.3724105461394,100.0,87.0,20.4,871.526813807763,2.43388683757432,18.8451292858244,1.61186417596689,10267.0633132424,3564381.0
Panama,PAN,2010,58.2188592951305,100.0,86.9,20.6,948.304837724795,2.52989154024971,18.7740620895039,6.07339340909564,10698.0717490512,3628535.0
Panama,PAN,2011,58.0652945924132,100.0,88.6,19.7,1037.63156478608,2.7068055952273,19.3755839924897,11.9088772241134,11761.4988389067,3693505.0
Panama,PAN,2012,57.911729889696,100.0,89.3,21.2,1052.69925949498,2.77914034053547,20.9812468831741,9.62729355007232,12668.2945402358,3759256.0
Panama,PAN,2013,57.7581651869788,100.0,89.1,20.7,1002.33596439162,2.68272349907681,24.4155078532725,6.32435373509259,13236.8306490828,3825329.0
Panama,PAN,2014,57.775580140313,100.0,90.8,19.8,1035.01293838968,2.76763115859532,25.7779037541134,4.62581384604574,13611.5490656071,3892101.0
Panama,PAN,2015,57.6215596330275,100.0,91.6,22.0,1024.97759926054,2.68464798922232,26.578949117256,5.26691726402875,14082.6548434996,3960035.0
Panama,PAN,2016,57.4676200755532,100.0,92.4,22.1,1045.76582937315,2.64685340546218,27.4158212440648,4.57196696307969,14474.124340577,4029086.0
Panama,PAN,2017,57.3135456017269,100.0,93.7,23.6,1035.95086028489,2.47597596022355,28.2545621203247,5.74405946988693,15045.545619615,4098707.0
Panama,PAN,2018,57.1133728767862,100.0,93.8,24.5,1026.38990550231,2.38158191493956,28.3264605966594,3.9181980847881,15375.6434854475,4167860.0
Panama,PAN,2019,56.9594230250741,100.0,93.9,19.0,1162.83608429865,3.10862634897395,28.4159326937794,3.10306793272473,15602.5420714581,4234700.0
Panama,PAN,2020,56.8056079805878,100.0,95.3,28.5,936.065449427601,2.2623129597758,23.4387808011432,-17.8212299459324,12647.0826553801,4293261.0
Panama,PAN,2021,56.6517026152602,100.0,95.3,28.0,1033.31759264066,2.47873328262843,26.3633166905784,16.4671248604202,14552.9401400295,4345405.0
Panama,PAN,2022,56.4978579131842,100.0,95.0,,1062.69925631817,2.60024772920576,26.4074796224087,11.0385475261766,15956.0653932059,4400773.0
Panama,PAN,2023,56.3439727689404,100.0,97.0,,,2.85705058290883,27.1584907122297,7.16632946099945,16877.1508423953,4458759.0
Papua New Guinea,PNG,2000,80.1085684317449,5.4,12.4,66.4,,0.526361985340968,39.3290741387457,-2.49484199260023,1989.57882204274,5537064.0
Papua New Guinea,PNG,2001,80.0866894846089,5.4,12.7,63.4,,0.61844116237681,38.4906168540731,-0.121288605564772,1920.78003889393,5728435.0
Papua New Guinea,PNG,2002,80.064810537473,5.6,13.1,62.5,,0.68600572957171,34.9054094633435,-0.158900533082658,1854.41831737462,5924003.0
Papua New Guinea,PNG,2003,80.042931590337,5.7,13.4,60.4,,0.739598664075113,35.2516732907512,2.16410250222083,1832.67870314447,6123997.0
Papua New Guinea,PNG,2004,80.021052643201,5.8,13.8,57.5,,0.761531096274503,36.990625566481,2.72117574098235,1821.84741071002,6328041.0
Papua New Guinea,PNG,2005,79.999173696065,6.0,14.1,58.6,,0.800164629075851,,6.34479592309654,1875.82273480514,6535905.0
Papua New Guinea,PNG,2006,79.977294748929,6.2,12.4,58.9,,0.78804396151589,35.3656202972197,5.40994409107307,1915.2349405788,6747720.0
Papua New Guinea,PNG,2007,79.9554158017931,6.5,14.9,57.1,,0.758816344730873,34.5397977398031,7.81518922862388,2000.9726186689,6963345.0
Papua New Guinea,PNG,2008,79.9335368546571,6.9,15.3,56.9,,0.710287982656834,34.3859870110461,-0.296457845880582,1934.03201558753,7183002.0
Papua New Guinea,PNG,2009,79.9116579075211,7.3,17.2,56.0,,0.668364468858039,29.7716417489587,6.80042148322096,2003.24109727039,7406438.0
Papua New Guinea,PNG,2010,79.8897789603851,7.6,19.5,55.2,,0.554318104497753,33.1688098579341,10.1284540720232,2140.50939027384,7633523.0
Papua New Guinea,PNG,2011,79.821561630526,8.0,17.3,54.7,,0.568647823877457,31.3362203529409,1.10754362619616,2102.03192060639,7859346.0
Papua New Guinea,PNG,2012,79.7533443006669,8.2,17.5,55.5,,0.527248406524125,27.5731803314458,4.65711959686239,2139.48096660428,8081390.0
Papua New Guinea,PNG,2013,79.6851271916266,8.5,17.8,58.3,,0.551230455449542,26.5405471816928,3.82494632800675,2162.10592595591,8302698.0
Papua New Guinea,PNG,2014,79.6169098617674,8.7,18.1,56.9,,0.64972585602458,32.7848336169925,13.5437706216546,2391.3578028163,8523441.0
Papua New Guinea,PNG,2015,79.5486925319083,9.0,18.4,55.3,,0.683258826298608,34.8049301310481,6.57835632304275,2484.5963398603,8743246.0
Papua New Guinea,PNG,2016,79.4724197323676,9.0,13.5,54.8,,0.738809232783268,34.7299715804552,5.48957315278187,2557.09463030035,8961718.0
Papua New Guinea,PNG,2017,79.3983791900367,9.3,19.2,54.7,,0.629630686826063,36.3598597357265,3.53461081750459,2584.8883636271,9178714.0
Papua New Guinea,PNG,2018,79.3243386477057,9.5,16.6,53.4,,0.522006835266501,36.9240450738372,-0.279252284959952,2518.45899317321,9394513.0
Papua New Guinea,PNG,2019,79.2502981053747,9.6,23.6,53.2,,0.52413307926623,36.711080935275,4.48051456942582,2572.56177967896,9609010.0
Papua New Guinea,PNG,2020,79.1762575630438,9.8,20.5,53.6,,0.557716143021631,33.0470837551076,-3.16743204434815,2438.61137922293,9815746.0
Papua New Guinea,PNG,2021,79.1022170207128,9.9,20.9,54.5,,0.537976225859132,34.0395482188639,-0.511353418578196,2378.3716816549,10012896.0
Papua New Guinea,PNG,2022,79.0281764783818,10.2,19.0,54.6,,0.541939469982316,40.279199607031,5.70758404238197,2467.23488790877,10203169.0
Papua New Guinea,PNG,2023,78.9541359360509,10.5,20.5,,,0.529181246501922,36.2878065224517,3.81088622906051,2515.29070398356,10389635.0
Paraguay,PRY,2000,57.8697457840423,48.0,89.6,70.4,756.712974544407,0.714113754757033,35.5635329986887,-2.31414056819045,4074.48953320457,5100868.0
Paraguay,PRY,2001,57.0085728668512,48.0,91.0,69.8,756.521131169345,0.729978223444004,38.5619118460378,-0.834054716746095,3972.88427866739,5187689.0
Paraguay,PRY,2002,56.1473999496602,48.2,91.7,67.7,740.239930868724,0.75363102243388,42.1710275465435,-0.0214043949985694,3916.44022308731,5261328.0
Paraguay,PRY,2003,55.2862270324692,48.7,92.6,67.0,747.213467666312,0.768337402345583,40.2733826715247,4.32074548551591,4035.71833919936,5326436.0
Paraguay,PRY,2004,54.4250541152781,49.2,93.2,66.8,745.141305382425,0.768516241584581,38.4052880586144,4.05741836363771,4151.34584799423,5388175.0
Paraguay,PRY,2005,53.5638811980871,50.2,94.7,68.8,727.726114470464,0.701070483877214,39.2893886541103,2.13349066459601,4193.28086525675,5448097.0
Paraguay,PRY,2006,52.702708280896,51.2,96.7,66.5,742.137810783961,0.747663823025285,38.3057903240628,4.80711719268376,4349.31197066239,5505148.0
Paraguay,PRY,2007,51.841535363705,52.8,96.5,68.4,748.808732851018,0.703512941896821,37.1011236408528,5.42162287218235,4540.38235899258,5559386.0
Paraguay,PRY,2008,50.980362446514,54.2,96.7,65.8,795.13978096029,0.813688391744725,36.7688484491586,6.49629211973152,4788.66318778074,5613574.0
Paraguay,PRY,2009,50.1191895293229,55.6,96.9,65.4,803.842403165747,0.831000508531121,37.38083932116,-0.261137328115808,4727.59685811389,5671236.0
Paraguay,PRY,2010,49.2580166121319,57.4,97.4,63.6,845.813455856112,0.913894475939317,34.6039155110683,11.0952312685449,5191.05014254362,5737971.0
Paraguay,PRY,2011,48.2153435690914,59.0,98.2,62.5,846.378069858717,0.937463561714889,34.0345623930043,4.28637120706239,5342.19015717538,5814626.0
Paraguay,PRY,2012,47.1726705260508,60.7,97.8,63.4,838.725851852828,0.91780441878322,34.5140981436728,-0.708043112304196,5230.26244858989,5897008.0
Paraguay,PRY,2013,46.1299974830103,62.2,99.0,62.5,834.864412287503,0.942925509553368,33.232924993924,8.29307648937821,5583.12274473566,5982445.0
Paraguay,PRY,2014,45.0873244399698,63.6,99.0,62.5,859.864131506698,0.980244689661672,33.6080758464952,5.30123864475758,5794.47644689985,6069811.0
Paraguay,PRY,2015,44.0446513969293,64.9,99.3,60.5,925.193411629783,1.08148865183778,34.582253753407,2.95715168364671,5879.33792308762,6159103.0
Paraguay,PRY,2016,43.6273093380317,66.0,98.4,62.5,1072.60628446376,1.20212010447541,34.4967803217785,4.26802583314358,6041.95879367349,6249126.0
Paraguay,PRY,2017,42.6384847722124,67.2,99.3,60.1,1116.33946333541,1.33605525458062,34.3937589134318,4.81007885552178,6243.1336313903,6338660.0
Paraguay,PRY,2018,41.9353888749056,68.1,99.6,59.2,1130.48367815286,1.3602583446884,33.556175213621,3.20425034080199,6354.2392005316,6427382.0
Paraguay,PRY,2019,41.2323181474956,68.8,99.7,60.1,1105.56253694542,1.30801598389454,33.4893114330734,-0.401855100701937,6243.53620897823,6515058.0
Paraguay,PRY,2020,40.5292222501888,69.35,99.7,61.5,1056.5406299527,1.1894625150994,34.2042992219391,-0.819785390945569,6109.19608100826,6603739.0
Paraguay,PRY,2021,39.8261432167128,70.2,100.0,58.8,1094.06594460795,1.19342950266764,34.6796897271552,4.01673731776404,6278.11006663809,6684182.0
Paraguay,PRY,2022,39.2502935554672,70.7,100.0,,1044.98506765929,1.18410511467852,34.2539657600776,0.176038366149214,6218.19790694162,6760464.0
Paraguay,PRY,2023,38.5449252640128,71.3,99.8,,1043.9548570783,1.1312441318464,32.8917641916625,4.9992279112746,6449.23028812969,6844146.0
Peru,PER,2000,58.8264296875,41.1,72.5,38.6,506.00792489422,1.08978642306542,29.0341336995526,2.69437139806912,3286.27308475523,26598331.0
Peru,PER,2001,58.72892734375,45.15,72.1,41.2,483.098550714887,0.999072821437261,29.0351564426085,0.617892325624297,3261.6642505136,26964601.0
Peru,PER,2002,58.631425,48.5,74.4,40.2,478.085367689992,1.02982177252548,29.4440321551084,5.45352893818767,3398.74991419297,27288217.0
Peru,PER,2003,58.53392265625,51.7,74.4,40.9,464.580789404956,0.999006906693826,29.8893494570244,4.16502313666112,3502.79165687646,27580490.0
Peru,PER,2004,58.4364203125,54.2,75.7,37.8,499.905030452941,1.1424738952305,32.6500976155483,4.95820320611745,3640.60299869744,27852190.0
Peru,PER,2005,58.33891796875,56.5,77.2,38.4,525.129526193377,1.13303782972815,34.3566674243965,6.28506032509601,3835.13219279722,28101180.0
Peru,PER,2006,58.241415625,58.7,80.2,38.7,503.243223308839,1.11175872498468,37.4577549944707,7.5288990440594,4091.36268615581,28324491.0
Peru,PER,2007,58.14391328125,60.6,82.0,36.0,531.658944578596,1.20481100024924,37.6989799588981,8.5183877690955,4407.79121686416,28530699.0
Peru,PER,2008,58.0464109375,62.2,84.7,33.7,581.604189028885,1.3577960350417,36.3269344719167,9.1265683014642,4778.52642172313,28719041.0
Peru,PER,2009,57.94890859375,64.0,86.4,32.9,583.138420968196,1.4525720502515,33.551682543695,1.0958236592427,4801.17153740507,28896811.0
Peru,PER,2010,57.85140625,65.7,88.1,32.2,603.455432475802,1.57630028365174,35.7720066029406,8.33245910749577,5167.39259325937,29086019.0
Peru,PER,2011,57.7177703125,67.4,89.7,30.6,688.059834224801,1.67824036552445,37.2361002771383,6.32719240161117,5453.45718713631,29304086.0
Peru,PER,2012,57.584134375,69.4,91.1,30.8,731.975608324875,1.6622975160443,35.5335533553355,6.13972470560435,5740.04346272472,29550366.0
Peru,PER,2013,57.4504984375,71.3,92.1,28.4,698.053820478867,1.68769322902782,33.8594367461678,5.85251821084928,6021.46142765232,29817919.0
Peru,PER,2014,57.3168625,73.4,92.9,28.6,728.635674022974,1.76825633140529,31.701403934103,2.38215737180541,6103.91864749969,30115826.0
Peru,PER,2015,57.1832265625,75.8,93.9,27.4,743.011209215106,1.80255174406388,30.3378798708175,3.25224477218451,6231.71150338894,30457600.0
Peru,PER,2016,57.03928125,78.1,94.2,27.2,764.054757957891,1.86289055051085,30.5565505783828,3.95331871520767,6392.25474941014,30866494.0
Peru,PER,2017,56.902171875,80.0,94.8,27.6,762.042756190787,1.76274029927306,31.2978841231473,2.51883544233135,6457.41940254721,31324637.0
Peru,PER,2018,56.77815625,82.2,95.2,27.9,783.890205846973,1.73514081818861,31.6240835005495,3.969351341365,6593.14437459526,31897584.0
Peru,PER,2019,56.643125,84.4,95.6,27.1,798.439603977568,1.79270106356368,30.4491957836385,2.24063176875049,6626.26083494969,32449303.0
Peru,PER,2020,56.5081015625,86.5,96.2,31.6,666.666363333809,1.44746823545562,30.3192857092121,-10.9333065010382,5831.83024758521,32838579.0
Peru,PER,2021,56.373072890625,88.4,95.6,30.6,775.134628731113,1.79843805693361,35.7383343144165,13.3626240903125,6547.84718181776,33155882.0
Peru,PER,2022,56.238047734375,90.1,96.2,,826.705646687846,1.90408262918024,34.9314299156729,2.8090335533015,6667.51695632036,33475438.0
Peru,PER,2023,56.103020234375,91.8,96.2,,,1.92281618030482,33.9694851252743,-0.403242151494268,6568.0002779793,33845617.0
Philippines,PHL,2000,24.5137337760338,37.4,74.7,33.9,487.402779547692,0.932672272893032,34.9752847681216,4.38250500083399,1793.34761146436,79625397.0
Philippines,PHL,2001,24.3562598517624,38.6,75.7,32.9,454.033054960371,0.880719772591872,34.8976152580491,3.04923134463486,1807.70892524758,81401488.0
Philippines,PHL,2002,24.198785927491,39.3,76.7,31.8,451.284468681461,0.878079638214495,34.78343526285,3.71625500158383,1837.25429286854,83068889.0
Philippines,PHL,2003,24.0413120032196,39.9,76.6,30.9,442.568789118581,0.882480593038024,34.5405640298629,5.08691113513073,1892.82161995051,84731835.0
Philippines,PHL,2004,23.8838380789483,40.1,87.6,30.2,430.074923261744,0.876070774131651,33.6186962072883,6.56922851180626,1978.34489133113,86394504.0
Philippines,PHL,2005,23.7263641546769,40.3,79.8,31.3,434.470089148121,0.896249932483837,33.8136763053241,4.94250511877678,2037.8776605946,88015962.0
Philippines,PHL,2006,23.5688902304055,40.3,80.2,33.3,423.356012358413,0.792914802989724,33.4625853303804,5.31641682136939,2110.42044781284,89508986.0
Philippines,PHL,2007,23.4114163061341,40.1,82.0,32.4,425.625019287303,0.845028213173854,33.000860932449,6.51929155018938,2209.34651083329,91075184.0
Philippines,PHL,2008,23.2539423818627,40.0,83.3,33.9,439.081886950045,0.838866873511548,32.765288410954,4.34448730509183,2264.9462907288,92699095.0
Philippines,PHL,2009,23.0964684575913,40.0,84.3,34.1,420.717035027758,0.833249191469975,31.5225426812628,1.44832306275669,2256.72554835463,94384250.0
Philippines,PHL,2010,22.9389945333199,40.2,85.5,32.7,431.460692039266,0.881994350568382,32.3395560456604,7.33449996034538,2373.14312064664,96337125.0
Philippines,PHL,2011,23.055994902237,40.7,87.2,33.8,428.32978664067,0.860953621187979,31.3386827828469,3.85823282795663,2416.75212064542,98248614.0
Philippines,PHL,2012,23.172995271154,41.6,87.1,34.1,437.466406247307,0.893452882976031,31.3994933632444,6.89695171050985,2533.74141964959,100175512.0
Philippines,PHL,2013,23.2899956400711,42.4,87.5,33.1,443.26971934561,0.955039177738511,30.7754466314331,6.75053130142255,2654.41506933978,102076336.0
Philippines,PHL,2014,23.4069960089882,44.0,89.8,32.4,465.625886441589,1.00237329489598,31.0474444753394,6.34798748260867,2776.92005909479,103767130.0
Philippines,PHL,2015,23.5239963779052,45.1,89.1,30.8,499.070776259238,1.07477147738809,30.4819509834967,6.34830971672761,2909.85818010301,105312992.0
Philippines,PHL,2016,23.6410101619881,46.6,92.0,28.6,520.980850770081,1.13642556715245,30.2859171672694,7.14945675000752,3076.3374186759,106735719.0
Philippines,PHL,2017,23.758023946071,48.5,93.0,27.8,544.47519980766,1.25459105770861,30.1265505767725,6.9309883258402,3247.4503878362,108119693.0
Philippines,PHL,2018,23.8750041922393,50.2,94.2,27.6,554.498283533215,1.29114721089618,30.5637401548214,6.34148557153473,3410.93647976109,109465287.0
Philippines,PHL,2019,23.9920179763222,51.8,95.3,26.9,551.866549795025,1.33500133744347,30.3275078794624,6.11852566221303,3575.88170922922,110804683.0
Philippines,PHL,2020,24.1090317604051,54.0,96.4,29.1,518.156775784154,1.21683584867494,28.3999175850521,-9.51829474045297,3198.66690008413,112081264.0
Philippines,PHL,2021,24.226045544488,55.6,97.5,28.0,530.987980701231,1.28744630350143,28.8898091185459,5.71473313185116,3350.97587587776,113100950.0
Philippines,PHL,2022,24.3430593285709,57.6,94.8,,550.793803994865,1.33112167071071,29.2212399364338,7.58098212785563,3577.70136573244,113964338.0
Philippines,PHL,2023,24.4600731126539,59.5,98.0,,,1.41396992471112,28.1976225091774,5.51894967862863,3744.69763802928,114891199.0
Poland,POL,2000,29.5765451043129,100.0,100.0,6.9,2321.77643337011,8.18187708712719,28.7718397326483,4.65633252988236,7401.57697647848,38258629.0
Poland,POL,2001,29.6646968559209,100.0,100.0,7.3,2338.14293839845,8.09869495134866,27.3505198617098,1.23374464400356,7494.96089503246,38248076.0
Poland,POL,2002,29.7528486075288,100.0,100.0,7.5,2312.5947846893,7.912937998707,26.6547204084638,1.90119437968586,7640.99307757777,38230364.0
Poland,POL,2003,29.8458725182863,100.0,99.9,7.3,2375.41153801546,8.25299957570521,27.5111441045363,3.52337117234833,7915.55424389704,38204570.0
Poland,POL,2004,29.9252440178892,100.0,99.9,7.3,2383.78041134423,8.31504253471681,29.185278751871,5.09079546409544,8323.38773754587,38182222.0
Poland,POL,2005,30.0133842588059,100.0,99.8,7.2,2414.28237185953,8.30851048638369,29.058898029081,3.26082274679216,8598.57681241557,38165445.0
Poland,POL,2006,30.1025071820319,100.0,99.8,7.2,2538.76112384258,8.67173342720891,29.2021893560033,6.20210710934373,9137.65850849801,38141267.0
Poland,POL,2007,30.1906503003395,100.0,99.8,7.3,2529.61907810596,8.66464448581028,29.2754512665731,6.7604478527626,9760.7042604352,38120560.0
Poland,POL,2008,30.2807704864512,100.0,99.8,8.0,2563.58518489618,8.5133492030939,28.8165316846699,4.38377069274605,10187.2017910883,38125759.0
Poland,POL,2009,30.3709024422097,100.0,100.0,8.8,2463.27043395388,8.16161512269878,29.9613126651954,2.61512859291683,10446.5289138524,38151603.0
Poland,POL,2010,30.4590570719603,100.0,100.0,9.5,2642.06881241023,8.65823367232175,29.6974993930566,3.16892748258036,10808.3975674238,38042794.0
Poland,POL,2011,30.5234627567515,100.0,100.0,10.4,2652.99080592091,8.58934161043243,30.3941659979475,5.25546256612796,11370.313427173,38063255.0
Poland,POL,2012,30.5838939324669,100.0,100.0,10.9,2563.69089214526,8.39990338165267,30.2281657114043,1.51178167644575,11542.2353368014,38063164.0
Poland,POL,2013,30.6443290552235,100.0,100.0,11.4,2567.18208491979,8.28307772126095,28.6768333488015,0.684240607051805,11628.2286809525,38040196.0
Poland,POL,2014,30.7057709265489,100.0,100.0,11.6,2473.79770713362,7.95991816737647,29.9351239778153,3.92050862390032,12093.1622787394,38011735.0
Poland,POL,2015,30.7652111434077,100.0,100.0,11.9,2498.7740659386,8.05009433373176,30.9939300295541,4.43176700264478,12637.5220324406,37986412.0
Poland,POL,2016,30.8142003331265,100.0,100.0,11.3,2614.97160490538,8.34151367627891,30.6734871058329,3.03117767594847,13026.1858988718,37970087.0
Poland,POL,2017,30.8533916849015,100.0,100.0,11.1,2734.42727608835,8.69581601242887,28.8090759581658,5.15245773325907,13695.6452848724,37974826.0
Poland,POL,2018,30.8946010386387,100.0,100.0,15.1,2865.52683144763,8.68031784277711,28.8614617242515,6.2458584723942,14551.0850277089,37974750.0
Poland,POL,2019,30.939858220901,100.0,100.0,15.6,2761.07246212926,8.21985501300853,28.8315242170352,4.58045817256199,15221.3090624454,37965475.0
Poland,POL,2020,30.9770358997811,100.0,100.0,16.1,2710.95606232103,7.91347409626485,28.5669486213815,-2.03556882399977,15090.2228440113,37515748.0
Poland,POL,2021,31.0192747468148,100.0,100.0,15.2,2920.11352538648,8.76145594619199,28.4859993432319,6.92718266052501,16368.6239689025,36981559.0
Poland,POL,2022,31.0594923061845,100.0,100.0,,2798.00774623397,8.36357881859441,29.1814824967348,5.25545697386036,17303.64494323,36821749.0
Poland,POL,2023,31.0804192379273,100.0,100.0,,2639.20385996686,7.64977784033642,29.3903798055442,0.249610834017872,17410.3830137066,36687353.0
Portugal,PRT,2000,35.8579234972678,100.0,100.0,20.1,2390.18870122638,6.24348268563984,24.4615743968679,3.81617714108242,18822.0933092937,10289898.0
Portugal,PRT,2001,35.8262295081967,100.0,100.0,20.8,2391.32113737669,6.12752132113551,24.1438842401402,1.94367213427915,19053.089945659,10362722.0
Portugal,PRT,2002,35.7945355191257,100.0,100.0,18.3,2477.60275830907,6.50103636107651,23.4969886519634,0.770924781247714,19095.1102477398,10419631.0
Portugal,PRT,2003,35.7628415300546,100.0,100.0,22.1,2400.86139844201,6.00482597417051,22.629715019166,-0.930521045062918,18846.5411893632,10458821.0
Portugal,PRT,2004,35.7311475409836,100.0,100.0,19.9,2463.10248808928,6.15858031692713,22.2369566238035,1.78873552917291,19137.8370898949,10483861.0
Portugal,PRT,2005,35.71116212966,100.0,100.0,18.1,2519.13901861547,6.4581042393222,21.3833086063294,0.781847569123585,19251.71450683,10503330.0
Portugal,PRT,2006,35.679457745709,100.0,100.0,22.3,2390.46374599498,5.98192142241307,21.1476529637361,1.62503532956156,19529.3122100477,10522288.0
Portugal,PRT,2007,35.647753361758,100.0,100.0,23.1,2402.51066519403,5.8179179972539,21.153352846176,2.50657937751231,19979.5706280792,10542964.0
Portugal,PRT,2008,35.6160489778069,100.0,100.0,23.2,2337.4925314705,5.61287237370618,20.3862797641316,0.319247344434558,20014.4749330004,10558177.0
Portugal,PRT,2009,35.5377224587837,100.0,100.0,24.9,2304.1784841547,5.53453188594097,19.857190463856,-3.12207827545093,19371.1318876855,10568247.0
Portugal,PRT,2010,35.5060596134949,100.0,100.0,27.8,2222.62833547109,5.03622400242124,19.9335310982463,1.73762453640036,19698.6836791397,10573100.0
Portugal,PRT,2011,35.6370782836554,100.0,100.0,27.2,2164.03219875257,4.86833131897901,19.3319728029358,-1.71352745905065,19389.6395896162,10557560.0
Portugal,PRT,2012,35.7680969538159,100.0,100.0,25.5,2039.16999711033,4.73413585593852,19.0867583864245,-4.05090267621935,18679.7626789594,10514844.0
Portugal,PRT,2013,35.893158903643,100.0,100.0,30.2,2055.58816601984,4.60337018320703,18.8830973772949,-0.984106574148328,18597.7214623964,10457295.0
Portugal,PRT,2014,36.0239985328408,100.0,100.0,30.5,2035.41142547114,4.58326274759251,18.9850440099134,0.741391420706506,18836.8967978906,10401062.0
Portugal,PRT,2015,36.154994891142,100.0,100.0,27.2,2121.0872664787,4.99335011637296,19.5938498258589,1.58979803702681,19215.7813014347,10358076.0
Portugal,PRT,2016,36.154994891142,100.0,100.0,29.0,2111.0971132123,4.89305456071076,19.448178094831,2.00414129666575,19662.82312462,10325452.0
Portugal,PRT,2017,36.154994891142,100.0,100.0,24.4,2209.9813508898,5.35359164296186,19.2493833127062,3.31472008175986,20364.1962735946,10300300.0
Portugal,PRT,2018,36.154994891142,100.0,100.0,27.5,2140.97558921814,4.96972818082616,19.3820435381975,2.94628343449202,20997.7745987013,10283822.0
Portugal,PRT,2019,36.154994891142,100.0,100.0,28.2,2115.18570481977,4.51358282400518,18.886083188208,2.74568432648596,21569.1874752919,10286263.0
Portugal,PRT,2020,36.154994891142,100.0,100.0,31.3,1957.30550192994,3.94717687468905,19.3945333422241,-8.20463159324387,19778.7139525722,10297081.0
Portugal,PRT,2021,36.154994891142,100.0,100.0,32.3,1943.29269675495,3.76014625214405,19.312836959793,5.55875672070374,20747.6990734163,10361831.0
Portugal,PRT,2022,36.154994891142,100.0,100.0,,1949.86496103932,3.8017191709062,18.4032428555898,6.98584137580278,22042.8680283647,10434332.0
Portugal,PRT,2023,36.154994891142,100.0,100.0,,1853.15672016889,3.53665954067309,18.7118937244236,3.09997909018263,22417.1615864385,10578174.0
Post-demographic dividend,PST,2000,31.6138141493287,98.892129550053,99.7150166440245,7.10318257512277,5035.97556433223,12.523858932642,25.6215602654414,4.06636781218128,34226.7039362383,1021150563.0
Post-demographic dividend,PST,2001,31.638026669792,98.9766168672306,99.7255593140198,6.74933608767742,4995.53432892313,12.4643874954845,24.5222597196511,1.51955590345085,34578.9972958524,1026105872.0
Post-demographic dividend,PST,2002,31.6643362771865,99.0410511814616,99.7316007227745,6.81403486435157,5003.69798386624,12.3133260436134,23.8069450878266,1.52574271749954,34929.6840503579,1031302538.0
Post-demographic dividend,PST,2003,31.6878183889856,99.1052889212439,99.7555451096394,7.12597928148982,5047.01240458052,12.4758717602204,23.7704427612001,2.02933067185307,35459.8626169439,1036498631.0
Post-demographic dividend,PST,2004,31.7121494832855,99.1734745896825,99.7721994027259,7.35660986404122,5116.54018443087,12.4925447077968,23.8524336741943,3.20160679513235,36405.756283014,1041890752.0
Post-demographic dividend,PST,2005,31.7362614735155,99.2267864866208,99.8064210710187,7.64178402819778,5100.7995320341,12.4357376825834,23.9288020561152,2.79148565676522,37234.4196491304,1047140108.0
Post-demographic dividend,PST,2006,31.7608012350441,99.2731377044015,99.8027859638569,8.13944321805613,5064.53202021603,12.2595452763216,24.0566177731583,2.93236522679638,38117.823061561,1052866351.0
Post-demographic dividend,PST,2007,31.7847011093733,99.3110312402766,99.8304977478949,8.4238448802232,5050.02748692983,12.3130655909465,23.8980211250749,2.56777189180531,38864.7512997089,1059147302.0
Post-demographic dividend,PST,2008,31.8238687280501,99.3534631882645,99.8432655331659,8.91292216843766,4943.97297891726,11.8994481429692,23.5992467128306,0.364889853578248,38770.2271281115,1065603711.0
Post-demographic dividend,PST,2009,31.846958424277,99.385994220588,99.8622101103662,9.54731401320155,4685.04058981977,11.0474920378439,22.0533582905141,-3.37093667981931,37270.4347171871,1071118156.0
Post-demographic dividend,PST,2010,31.8694561567215,99.419333728341,99.8801524112079,9.8170711241403,4824.34493539349,11.4853945124589,22.4735117172325,2.90294693219326,38170.9680272624,1076208648.0
Post-demographic dividend,PST,2011,31.9090196445443,99.4423375951855,99.8927586055928,10.3374053454359,4695.2764751527,11.2338180828974,22.4499822142766,1.66465923463286,38689.210554622,1079468050.0
Post-demographic dividend,PST,2012,31.9486386470214,99.4678601544773,99.9029465280479,10.855740352061,4621.59690121516,10.973075790434,22.2276612809906,1.24020368594316,38998.3256159869,1084193277.0
Post-demographic dividend,PST,2013,31.9906257445481,99.4915387083688,99.9188837330364,11.3357713927499,4628.4455775549,10.9872704618107,22.0028727171689,1.51944470661012,39436.9871067886,1088424167.0
Post-demographic dividend,PST,2014,32.0298942405789,99.5085053528543,99.9320556700364,11.6687849102506,4559.62711131074,10.7015411413887,21.9688713026432,2.0150490019607,40062.2985082838,1093025476.0
Post-demographic dividend,PST,2015,32.0701788473438,99.522016186565,99.944734188108,11.8425604176608,4519.46724743435,10.5209170660016,21.4613736333235,2.23434134376603,40775.9479386213,1097890139.0
Post-demographic dividend,PST,2016,32.0986303000441,99.5323767180349,99.9577816688383,12.0622071586832,4495.11941202283,10.3602664241269,21.1944395136222,1.81390436287271,41324.4948284306,1102966925.0
Post-demographic dividend,PST,2017,32.0942654553758,99.5435891001301,99.9711225773329,12.4846381438532,4502.93559876907,10.256937397878,21.463178533294,2.48507639025186,42190.9858310755,1107161559.0
Post-demographic dividend,PST,2018,32.0987240437601,99.5533160330578,99.9821644449028,12.8576178839564,4530.93386625465,10.2884129907726,21.5827414242539,2.26322982357576,42982.1948272898,1111377470.0
Post-demographic dividend,PST,2019,32.1037735956569,99.5596214163889,99.9932424809452,13.2726556995631,4476.82601998716,9.93273751047491,21.2691742446391,1.81429619722211,43623.7992070046,1114898817.0
Post-demographic dividend,PST,2020,32.1103612885761,99.5742085694334,99.9972400863322,14.4278548426441,4159.20661722181,9.0253414740798,20.8137370822316,-4.06542885568155,41771.300719227,1117007476.0
Post-demographic dividend,PST,2021,32.2979604407562,99.5728907283526,99.9988344256857,,4355.53718802453,9.47397555810222,21.1561591061485,5.68828382614926,44164.1627392462,1116582773.0
Post-demographic dividend,PST,2022,32.3036787412695,99.5875950965703,100.0,,4271.12163837638,9.34713448071044,,2.79274034092423,45364.5649508054,1117394729.0
Post-demographic dividend,PST,2023,,99.5987097167369,100.0,,4221.89793348558,8.86994506284144,,1.83179267822689,46034.0212973547,1121315547.0
Pre-demographic dividend,PRE,2000,31.5529876626814,7.11844401832572,24.8722822039397,78.3300233770905,373.339751311609,0.488143728802476,40.1841261683437,5.47360975610979,1079.42708690405,562428025.0
Pre-demographic dividend,PRE,2001,31.3932922866929,7.5983220132053,26.1849909731365,77.5561547357465,380.914113848733,0.509792427312189,34.5555705229318,4.35460642584799,1094.9717763003,578587390.0
Pre-demographic dividend,PRE,2002,31.2335969107044,8.08272345699472,27.0118794606105,77.7336427408946,378.834560165562,0.469406239010668,30.4332335322086,6.00623454426395,1126.60995934238,596114535.0
Pre-demographic dividend,PRE,2003,31.0739015347158,8.55953433863338,29.5031181521788,78.5384429771645,373.837653657661,0.459885622939337,28.9364681722295,-0.569017600156371,1087.09206577047,614269146.0
Pre-demographic dividend,PRE,2004,30.8795226344751,9.042717792241,29.0143767372426,77.9349317672905,377.80205949763,0.46561091211686,30.8325902815274,12.0081975465403,1182.63790184807,632445407.0
Pre-demographic dividend,PRE,2005,30.7199327755716,9.46786669098546,29.7529505923948,78.0809457508779,381.101721822429,0.453036496514985,32.5754075680214,5.96988523180488,1216.92124399816,651320620.0
Pre-demographic dividend,PRE,2006,30.5604534871388,9.85908891926961,31.0199911874381,78.1089116230743,376.218307882459,0.432420745213859,32.4849018544313,6.21660630763002,1256.10622810655,670229212.0
Pre-demographic dividend,PRE,2007,30.4008886960591,10.1896728047093,32.3531972155593,77.9827883948906,368.719001594213,0.409635823948352,33.0039755588653,6.06676996004421,1296.53645780715,688722596.0
Pre-demographic dividend,PRE,2008,30.2413306771218,10.6270804524691,32.158342929062,77.0470225009081,376.09192377982,0.437429358467709,34.7779689358302,6.38666756485566,1340.27787088179,708796270.0
Pre-demographic dividend,PRE,2009,30.0869468547017,11.105235997754,32.2395611082164,77.5774660421546,375.791857346483,0.430887628637036,29.431999384444,4.84415738549555,1363.83802147483,730293963.0
Pre-demographic dividend,PRE,2010,29.9262184977168,11.5916973908236,32.7196037224137,75.7135622523074,395.227148928861,0.471633518652162,32.149988748869,6.6528421155605,1412.49898242198,752046672.0
Pre-demographic dividend,PRE,2011,29.7362688736668,12.1158624444178,36.1231407415373,74.6528191627611,417.405446143204,0.489475504680286,36.1599699606747,4.3630588597463,1431.26652210403,774567417.0
Pre-demographic dividend,PRE,2012,27.2337622846068,12.7385817136151,37.5016010934048,73.1865442433771,415.836132651575,0.502326282218967,35.861999572416,4.33404153771679,1449.44384186057,798002725.0
Pre-demographic dividend,PRE,2013,27.0593184787471,13.3631647700677,38.4111244155347,72.2325804041222,422.19431043951,0.527863137059859,33.8942082057194,5.91402782534701,1490.0962045902,822138419.0
Pre-demographic dividend,PRE,2014,26.8845971992929,14.0922956757524,39.8940402562397,72.7170196904253,416.422245043901,0.526334226596991,31.9657226173301,5.17292796500838,1522.21824259319,846420736.0
Pre-demographic dividend,PRE,2015,26.7097893087988,14.8724347145687,40.1196686715573,73.339891666412,409.058034847693,0.524241023300595,26.5719766447548,3.04222828048582,1524.98608713796,870587800.0
Pre-demographic dividend,PRE,2016,26.5274001430678,15.7569636723017,44.6718700054727,72.8428194718611,413.965433163961,0.545047122218019,25.6145508828146,2.38522657165296,1518.36553624341,895239872.0
Pre-demographic dividend,PRE,2017,26.3490981879529,16.7786942612988,44.3587801999364,72.7571519329351,412.64379685014,0.5411404303332,28.4536733957537,1.6535406433002,1501.00472393292,920568701.0
Pre-demographic dividend,PRE,2018,26.1726245673407,17.9157818259702,47.1055374833379,71.906862473446,410.901901257408,0.55552192055879,31.0702958851482,2.65776473209326,1498.97139237832,946317177.0
Pre-demographic dividend,PRE,2019,25.9911423171908,19.2051851796992,47.5891649924098,71.4398709500275,421.07942421913,0.568807232834836,28.0938333312496,3.2246807239321,1505.95575412271,972302503.0
Pre-demographic dividend,PRE,2020,25.8116659681375,20.4258805702098,48.3865766205333,73.3285283869645,411.285164741225,0.528742951315228,24.1560863515893,-4.07689259671025,1406.48382617164,998624261.0
Pre-demographic dividend,PRE,2021,25.6308376016006,21.6223178858341,50.5171178994713,,429.733080718073,0.564443729231701,26.9612911838695,2.36174281983834,1402.70865652857,1024960313.0
Pre-demographic dividend,PRE,2022,25.4508766966686,22.7320149610396,51.1433191693417,,437.442485972398,0.579928938363146,30.0189924618283,4.67657631651602,1431.65390893488,1051201551.0
Pre-demographic dividend,PRE,2023,,23.6938109911506,52.5309883201788,,,0.570388208785552,28.8896007245678,2.44869670150128,1429.95200849228,1078224044.0
Puerto Rico (US),PRI,2000,48.3821871476888,,100.0,0.6,,6.60892430467078,46.0618652940433,3.27196451910478,26131.9630643584,3810605.0
Puerto Rico (US),PRI,2001,49.0845546786922,,100.0,0.5,,6.51078068510993,48.3331503112339,6.31347157694064,27722.3671872748,3818774.0
Puerto Rico (US),PRI,2002,49.7869222096956,,100.0,0.5,,5.26808973818821,49.2457084616083,0.916459423425337,27940.3826219734,3823701.0
Puerto Rico (US),PRI,2003,50.489289740699,,100.0,0.5,,6.83051518584876,49.0033062755087,0.0534198017173964,27937.8165922567,3826095.0
Puerto Rico (US),PRI,2004,51.1916572717024,,100.0,0.5,,6.84176501053862,47.9433404762634,8.7486769008168,30375.7895758237,3826878.0
Puerto Rico (US),PRI,2005,51.8940248027058,,100.0,0.6,,6.88558163293611,47.2323566719793,-1.98693871772703,29815.216422231,3821362.0
Puerto Rico (US),PRI,2006,52.5963923337091,,100.0,0.5,,4.45924986084882,46.8599016480151,-1.40941405684823,29519.7386759729,3805214.0
Puerto Rico (US),PRI,2007,53.2987598647125,,100.0,0.5,,4.74692670754257,46.7782620747588,-1.16280665573993,29347.8460041613,3782995.0
Puerto Rico (US),PRI,2008,54.0011273957159,,100.0,0.5,,4.09389752253869,47.3982259585452,-1.84413421831884,28976.1310520159,3760866.0
Puerto Rico (US),PRI,2009,54.7034949267193,,100.0,0.5,,3.73563325945551,49.4013628591823,-1.95242518381124,28565.767919549,3740410.0
Puerto Rico (US),PRI,2010,55.4058624577227,,100.0,0.4,,3.60688045128629,50.901238345092,-0.413254119172365,28569.5077088001,3724465.0
Puerto Rico (US),PRI,2011,55.4606538895152,,100.0,0.7,,3.15890448641167,49.7847071848309,-0.358510636850312,28706.0207514856,3693464.0
Puerto Rico (US),PRI,2012,55.5154453213078,,100.0,0.5,,3.09679340188389,49.6384574183182,0.0292751500944064,28968.6942131352,3661045.0
Puerto Rico (US),PRI,2013,55.5702367531003,,100.0,1.4,,3.01209414370714,49.2639336261591,-0.306826666941774,29115.3549161996,3631427.0
Puerto Rico (US),PRI,2014,55.6250281848929,,100.0,1.6,,3.21103079845925,49.9339162757282,-1.19036347346942,29141.2038639816,3585017.0
Puerto Rico (US),PRI,2015,55.6798196166855,,100.0,1.9,,3.42193169375025,50.9382784121963,-1.04929003238674,29242.041465085,3535167.0
Puerto Rico (US),PRI,2016,55.7350620067644,,100.0,1.9,,3.26088830352094,51.1515123633391,-1.26369434781117,29326.5748761873,3480432.0
Puerto Rico (US),PRI,2017,55.7903043968433,,100.0,2.3,,3.40966161678204,50.2294595444349,-2.88521838398481,29061.5563802711,3410837.0
Puerto Rico (US),PRI,2018,55.8455467869222,,100.0,1.4,,4.16800123986155,50.6557670954584,-4.36142703162535,28808.8518638025,3290690.0
Puerto Rico (US),PRI,2019,55.9007891770011,,100.0,2.4,,3.8228523346568,50.8444120601485,1.67546379498209,29185.0969964707,3302691.0
Puerto Rico (US),PRI,2020,55.95603156708,,100.0,2.5,,3.79870733394483,50.3169273224611,-4.1808743093346,28144.7223184239,3281590.0
Puerto Rico (US),PRI,2021,56.011273957159,,100.0,2.6,,3.88232362596626,50.4804250065303,0.385222719529239,28416.6231262223,3262711.0
Puerto Rico (US),PRI,2022,56.0665163472379,,100.0,2.5,,4.32211424544981,48.2233975178249,2.95709565499587,29643.7408907829,3220137.0
Puerto Rico (US),PRI,2023,56.1217587373168,,100.0,,,4.56646374046755,47.3948264740161,0.731492105366186,30012.9242468103,3203792.0
Qatar,QAT,2000,0.0,100.0,100.0,0.1,16938.7214410402,49.2290566195703,,8.02812545191884,52234.3615212341,644989.0
Qatar,QAT,2001,0.0,100.0,100.0,0.1,17811.9127028494,47.8365600914555,,3.89818666233907,51633.898491151,677925.0
Qatar,QAT,2002,0.0,100.0,100.0,0.1,19201.3018874398,50.8998108843442,,7.18215168021513,52752.6445826427,711205.0
Qatar,QAT,2003,0.0,100.0,100.0,0.0,18983.9448332386,51.3901235695236,,3.71995867654906,52255.320560255,744682.0
Qatar,QAT,2004,0.0,100.0,100.0,0.0,21557.4750763638,53.2363848903188,,19.2189153397893,59990.23422872,773332.0
Qatar,QAT,2005,0.0,100.0,100.0,0.0,20198.1689051663,52.7739009071877,,7.49275848279068,60416.7101500199,825408.0
Qatar,QAT,2006,0.0,100.0,100.0,0.1,20140.3428752631,50.3550976479985,,26.1702456703032,64676.3189868053,972831.0
Qatar,QAT,2007,0.0,100.0,100.0,0.1,18323.3464644697,46.4568362437376,,17.9856568160263,61423.0131050382,1208595.0
Qatar,QAT,2008,0.0,100.0,100.0,0.1,15946.7278040391,43.3504469009866,,17.6635563626089,61213.7206556875,1426938.0
Qatar,QAT,2009,0.0,100.0,100.0,0.1,15063.2666244935,39.7629937914219,,11.9565611289086,60781.8017337781,1608903.0
Qatar,QAT,2010,0.0,100.0,100.0,0.1,16779.9216747321,44.6630200292918,,19.5921744776308,72333.8027430124,1616832.0
Qatar,QAT,2011,0.0,100.0,100.0,0.1,16473.4269691009,51.1981146765586,73.2142681700731,13.3752345495477,81608.4080652473,1624761.0
Qatar,QAT,2012,0.0,100.0,100.0,0.0,21456.0669284592,53.5992587251326,73.4692107035411,4.73008513739958,80621.7554942834,1722438.0
Qatar,QAT,2013,0.0,100.0,100.0,0.0,20642.1423232651,53.2936831372565,71.768350592851,5.55610364218512,76486.9151226864,1916426.0
Qatar,QAT,2014,0.0,100.0,100.0,0.0,17814.5431104326,51.4766852020105,69.7579989822263,5.33434159770252,71756.0265797248,2151745.0
Qatar,QAT,2015,0.0,100.0,100.0,0.0,16427.7565434994,48.6591283555913,57.4408093312248,4.75332372902957,68985.2433380102,2344557.0
Qatar,QAT,2016,0.0,100.0,100.0,0.1,15178.8562114172,46.043357731359,53.2053847059143,3.06410503214877,67294.3517688172,2477113.0
Qatar,QAT,2017,0.0,100.0,100.0,0.1,16718.237047918,44.8208042988114,56.6880001909956,-1.49756209084892,64497.6242543737,2545820.0
Qatar,QAT,2018,0.0,100.0,100.0,0.0,16139.7708310186,44.520899868022,60.3815146701831,1.23483197031548,64410.7171628721,2580734.0
Qatar,QAT,2019,0.0,100.0,100.0,0.1,15760.736902246,44.592192164423,57.1645752595048,0.688255893930972,63430.3717285437,2638657.0
Qatar,QAT,2020,0.0,100.0,100.0,0.0,14869.2501075493,41.2780926421936,52.3332661159918,-3.55750284254954,57769.5836053284,2794148.0
Qatar,QAT,2021,0.0,100.0,100.0,0.0,17100.7506118977,47.2839742745248,59.9841033283656,1.62693587314129,65488.5460040395,2504910.0
Qatar,QAT,2022,0.0,100.0,100.0,,16683.663609726,45.1959539884538,65.3489234039875,4.18497018544697,64315.6355652952,2657333.0
Qatar,QAT,2023,0.0,100.0,100.0,,,48.6426368357008,59.6406081898552,1.53979117720789,65337.9507645329,2656032.0
Romania,ROU,2000,27.7132036045449,100.0,94.4,16.4,1615.33488235312,4.34452283523425,30.2634621400688,2.4612634592269,4569.31124324524,22442971.0
Romania,ROU,2001,27.7780679987811,100.0,94.6,13.4,1666.72400767413,4.71753757121485,32.337206984498,5.21813625673708,4875.30310600635,22131970.0
Romania,ROU,2002,27.823552442685,100.0,94.9,14.4,1755.33108643191,4.75824850017229,33.3269850234614,5.70299165043771,5248.54994632668,21730496.0
Romania,ROU,2003,27.8786692759296,100.0,95.1,15.7,1841.57433869048,4.99887690581852,32.0484937285585,2.34114732919521,5410.30835796252,21574326.0
Romania,ROU,2004,27.9373913043478,100.0,95.3,17.3,1807.04208024679,4.92175276345778,31.8347873600822,10.4281130180976,6008.64048461485,21451748.0
Romania,ROU,2005,28.0046090964432,100.0,95.6,18.5,1808.18761844581,4.90116528457151,32.2658742760889,4.6681480508487,6328.09022324183,21319685.0
Romania,ROU,2006,28.069397338899,100.0,95.9,17.4,1881.71766548482,5.22993560368712,32.9782770932418,8.02881107599163,6876.77841417966,21193760.0
Romania,ROU,2007,28.1451998782026,100.0,96.1,18.2,1900.48321448247,5.12802242514982,34.2821825497409,7.23380774362805,7483.97375820611,20882982.0
Romania,ROU,2008,28.2087864288821,100.0,96.5,20.4,1925.09359481658,5.13050644236563,36.7743706646186,9.30746717077338,8318.00342795388,20537875.0
Romania,ROU,2009,28.2539337564114,100.0,96.8,22.1,1707.81228256351,4.20729371276879,36.4231420350652,-5.51670615843011,7924.87058070212,20367487.0
Romania,ROU,2010,28.3199304499022,100.0,97.1,24.1,1724.69848692837,4.11641877898071,38.3073286489437,-3.90581157302972,7660.70667630517,20246871.0
Romania,ROU,2011,28.6405352565495,100.0,97.4,21.1,1771.70358553223,4.45806056206995,40.2099159620935,4.49558909946313,8044.57194920892,20147528.0
Romania,ROU,2012,28.9948004521346,100.0,97.8,21.5,1736.57620479665,4.36901221879411,34.4276463515754,1.90361696799603,8234.28553425194,20058035.0
Romania,ROU,2013,29.3291135938791,100.0,98.1,23.1,1590.19381302075,3.9798049339529,32.072608504292,0.278771877470234,8287.95844089676,19983693.0
Romania,ROU,2014,29.6582406119611,100.0,98.4,24.3,1579.40659793132,3.96756659394738,32.5700211539755,4.11600109267832,8661.47397274241,19908979.0
Romania,ROU,2015,29.9937413073714,100.0,98.8,23.7,1598.69179785792,4.0525613738175,30.811807082352,3.1570360543854,8977.01748158196,19815616.0
Romania,ROU,2016,30.1158292767733,100.0,99.1,24.4,1604.62335040687,3.99479410161277,30.1213847463155,2.85993252302089,9286.87678236598,19702267.0
Romania,ROU,2017,30.1158292767733,100.0,100.0,23.4,1693.37364201715,4.17578692629915,29.1130933187854,8.19547826641261,10106.2269557253,19588715.0
Romania,ROU,2018,30.1158292767733,100.0,99.8,23.0,1717.11748022415,4.26219717910626,29.1075109238852,5.39452228185675,10714.1701157127,19473970.0
Romania,ROU,2019,30.1158292767733,100.0,100.0,23.5,1705.25777604649,4.18922540818417,27.7745670712094,3.96028958497598,11197.3162915853,19371648.0
Romania,ROU,2020,30.1158292767733,100.0,100.0,24.1,1669.6382293589,3.92941176470588,26.6218787803176,-3.59802546034757,10854.049431887,19265250.0
Romania,ROU,2021,30.1158292767733,100.0,100.0,23.6,1787.09564245924,4.22268857135102,26.2049211165386,5.58735072538869,11546.3224998072,19122059.0
Romania,ROU,2022,30.1158292767733,100.0,100.0,,1655.23818974845,3.97277959180202,27.5991771762168,4.18771305104109,12076.3033811896,19048502.0
Romania,ROU,2023,30.1158292767733,100.0,100.0,,1600.61942333991,3.68569180458046,27.0872143657574,2.25773416555121,12340.8170509969,19061062.0
Russian Federation,RUS,2000,49.4018499097143,100.0,97.8,3.5,4224.98951887146,11.4678581573253,33.91897031752,10.0000668136515,5323.66650390625,146596869.0
Russian Federation,RUS,2001,49.4403819433422,100.0,97.9,3.6,4287.90829493258,11.5380010322485,31.8373541233321,5.10005122572568,5618.95556640625,145976482.0
Russian Federation,RUS,2002,49.4746894866839,100.0,97.9,3.5,4289.43957286052,11.5293860535362,29.0563928119662,4.69999190914258,5910.171875,145306497.0
Russian Federation,RUS,2003,49.5103852150482,100.0,97.9,3.3,4461.83176005763,12.0101555342893,28.6531349946058,7.29995234528189,6370.45361328125,144648618.0
Russian Federation,RUS,2004,49.5454456106165,100.0,98.0,3.5,4494.50152836851,12.0698465708905,31.7022224269588,7.19994786954857,6856.67822265625,144067316.0
Russian Federation,RUS,2005,49.5807773333032,100.0,98.0,3.6,4541.20863501769,12.1189832296134,32.6292320732921,6.39996544799469,7323.38525390625,143518814.0
Russian Federation,RUS,2006,49.6276507015009,100.0,98.1,3.5,4689.15108443259,12.4166473767424,31.780260587362,8.20006825456321,7949.89697265625,143049637.0
Russian Federation,RUS,2007,49.6634743255174,100.0,98.2,3.7,4710.47452096269,12.4578591772281,31.2220408019737,8.49997776916511,8640.40625,142805114.0
Russian Federation,RUS,2008,49.7019381603444,100.0,98.3,3.3,4822.38136319959,12.3604193305861,30.7868817007532,5.19996926404957,9093.7001953125,142742366.0
Russian Federation,RUS,2009,49.7377636874446,100.0,98.4,3.6,4529.20319928613,11.6405620274147,29.3269390255444,-7.79999391271275,8381.8681640625,142785348.0
Russian Federation,RUS,2010,49.7735892145447,100.0,99.3,3.3,4853.36753031766,12.2289345872818,29.999588218512,4.49999999920672,8755.1201171875,142849468.0
Russian Federation,RUS,2011,49.7710839739218,100.0,99.2,3.2,5004.23439250465,12.8138402250147,29.4135888378747,4.30002918567749,9120.8203125,143018195.0
Russian Federation,RUS,2012,49.7685787332989,100.0,100.0,3.2,5056.08323400834,12.6922981666833,29.102868072666,4.02408615746921,9464.0107421875,143378447.0
Russian Federation,RUS,2013,49.766073492676,100.0,100.0,3.6,4896.95029768812,12.2682756012668,28.1912891799352,1.75542214874298,9601.537109375,143805638.0
Russian Federation,RUS,2014,49.763568252053,100.0,100.0,3.3,4894.4255206275,12.1341694161707,27.9315270606099,0.736267221765672,9493.8125,144237223.0
Russian Federation,RUS,2015,49.7610630114301,100.0,95.5,3.2,4785.19572494067,12.1481277789029,29.7940599874349,-1.97271922580408,9277.7138671875,144640716.0
Russian Federation,RUS,2016,49.7726977132993,100.0,99.4,3.4,4917.54083897618,11.961746699283,29.1739050669208,0.193690071260534,9269.3193359375,145015460.0
Russian Federation,RUS,2017,49.7843605035639,100.0,100.0,3.2,4999.07990773733,12.1357322425004,30.6732968853437,1.82579006401834,9418.9140625,145293260.0
Russian Federation,RUS,2018,49.7843605035639,100.0,100.0,3.2,5259.90837585133,12.5939247104085,32.5542980530841,2.80724541059601,9674.787109375,145398106.0
Russian Federation,RUS,2019,49.7843605035639,100.0,99.8,3.2,5065.14820867318,12.7738739166789,32.1504958365379,2.19807571335009,9882.0244140625,145453291.0
Russian Federation,RUS,2020,49.7843605035639,100.0,99.9,3.7,5044.85366917672,12.2840530273686,29.7171245814295,-2.65365450102773,9632.3251953125,145245148.0
Russian Federation,RUS,2021,49.7843605035639,100.0,100.0,3.5,5681.39248037781,13.3920757412176,31.7859991548592,5.86649177292595,10231.318359375,144746762.0
Russian Federation,RUS,2022,49.7843605035639,100.0,100.0,,5601.08435085175,13.1413838368291,32.2301435685138,-1.43588213859842,10119.0625,144236933.0
Russian Federation,RUS,2023,49.7843605035639,100.0,100.0,,,13.5462339145189,30.4081329218998,4.08252481259281,10562.0263671875,143826130.0
Rwanda,RWA,2000,11.6335630320227,0.1,6.2,86.8,405.776823991798,0.0828470558128623,16.8199894205861,8.37089593548548,333.355090143084,8213931.0
Rwanda,RWA,2001,11.5443858937981,0.1,4.7,86.9,406.223640037907,0.0839377470558437,16.4383277981487,8.4845603416011,358.446058691452,8287094.0
Rwanda,RWA,2002,11.4552087555736,0.1,6.0,87.1,407.829159505775,0.0974383882250142,16.3918384200183,13.1920736254262,400.270421264911,8400180.0
Rwanda,RWA,2003,11.366031617349,0.1,7.4,87.3,396.494966802982,0.0825096440788995,14.2873220806925,2.20238751139603,400.191620648726,8586875.0
Rwanda,RWA,2004,11.2768544791244,0.1,8.7,87.6,387.066145752688,0.0778850119158284,14.5850139685545,7.44766737034072,418.780997277457,8816844.0
Rwanda,RWA,2005,11.1876773408999,0.2,4.8,89.2,352.136028277729,0.0819369049386119,14.9498202744611,9.3778991673686,446.029809636404,9054528.0
Rwanda,RWA,2006,11.0985002026753,0.2,11.4,90.6,350.903344670586,0.0800710079075228,15.8329921631119,9.22707576798881,474.364599463307,9299246.0
Rwanda,RWA,2007,11.0093230644508,0.2,12.8,90.3,347.627010114549,0.0709743199245482,16.7334821839077,7.63329819125276,497.171622130545,9549933.0
Rwanda,RWA,2008,10.9201459262262,0.2,6.0,90.6,347.008912213796,0.0691331500594282,16.2638385339331,11.1612473247323,538.325372065592,9804269.0
Rwanda,RWA,2009,10.8309687880016,0.2,15.6,90.5,350.122128007432,0.0692316194771755,15.6885811871245,6.24825750620508,557.397804859216,10060432.0
Rwanda,RWA,2010,10.7417916497771,0.3,9.7,90.5,349.056987418247,0.0708695172198292,16.328981915635,7.33465645006753,583.371416419483,10317553.0
Rwanda,RWA,2011,10.7823267126064,0.4,10.8,89.7,350.444162856993,0.0720464570081352,18.1678448507507,7.95838869847094,614.539650123021,10573733.0
Rwanda,RWA,2012,10.8228617754358,0.5,17.5,88.8,354.165609155772,0.0782278619167433,18.2255034210874,8.64150815836322,651.852818665834,10829901.0
Rwanda,RWA,2013,10.8633968382651,0.6,15.2,88.5,354.886177609396,0.0850149729477326,17.6168559784511,4.71984856978263,666.408788783175,11093340.0
Rwanda,RWA,2014,10.9039319010944,0.8,19.8,88.0,352.158641161359,0.0844012766836986,17.5513834863908,6.16716615166932,690.610394944356,11364757.0
Rwanda,RWA,2015,10.9444669639238,1.0,22.8,86.3,350.169173195487,0.0951200951338408,17.4466631881327,8.8568555974538,733.998629882494,11640022.0
Rwanda,RWA,2016,11.0255370895825,1.3,29.4,85.5,347.74298432412,0.101567364138968,16.8369912939315,5.97074525431094,759.606288155109,11919183.0
Rwanda,RWA,2017,11.0660721524118,1.7,34.1,84.5,352.157966903596,0.107481851425087,17.2842232487373,3.91817093628465,771.069237513582,12202060.0
Rwanda,RWA,2018,11.1066072152412,2.4,38.0,82.8,355.698420076335,0.116840203984691,17.3499797528636,8.51646722592409,817.578437300032,12487996.0
Rwanda,RWA,2019,11.1471422780705,3.3,46.6,81.8,357.419084978587,0.118588586832777,18.8647459714312,9.44738518613097,874.639658935978,12776103.0
Rwanda,RWA,2020,11.1876773408999,4.3,45.2,81.7,358.132557033915,0.111389725740494,18.6382750394843,-3.37368746369782,826.391307701022,13065837.0
Rwanda,RWA,2021,11.2282124037292,5.7,48.7,79.4,365.508479917565,0.127784857801346,20.4522932693169,10.8584320184896,896.271033574985,13355260.0
Rwanda,RWA,2022,11.2687474665586,7.3,50.6,79.9,372.991402429343,0.161247905835677,21.2695312277805,8.16120720872912,948.413686948024,13651030.0
Rwanda,RWA,2023,11.3092825293879,9.3,63.9,,,0.163983285357073,20.703253350416,8.24990302014558,1004.33216650024,13954471.0
Samoa,WSM,2000,60.5335689045936,17.6,88.0,59.7,,1.02374989679941,27.7265036026668,5.09304469244418,2945.37217923198,181685.0
Samoa,WSM,2001,60.3632508833922,18.5,88.7,52.4,,1.09681927868709,29.4524257767869,7.39012906172989,3137.46403765812,183166.0
Samoa,WSM,2002,60.1929328621908,19.3,89.3,49.6,,1.12538014105198,30.0120902795379,5.65195919890348,3291.3424477268,184471.0
Samoa,WSM,2003,60.0226148409894,20.3,89.9,52.4,,1.15569217494472,31.0083906253848,5.21262892634149,3444.99857743289,185430.0
Samoa,WSM,2004,59.852296819788,21.1,90.5,48.8,300.672755289961,1.13074432614403,32.3616645013541,3.0872602379675,3535.73813824914,186249.0
Samoa,WSM,2005,59.6819787985866,21.9,91.1,48.9,304.848698777396,1.16484292269679,31.5654807150702,6.63920361300734,3755.78242822467,186978.0
Samoa,WSM,2006,59.5116607773852,23.0,96.4,46.0,303.661518627237,1.16510130041714,31.3319535429466,2.13212714677351,3820.92239453139,187709.0
Samoa,WSM,2007,59.3413427561837,23.8,92.5,43.2,307.27988429323,1.2614369043141,31.214843755466,0.485982550017255,3818.25503804332,188753.0
Samoa,WSM,2008,59.1710247349823,24.85,98.1,45.0,,1.28453975918825,30.6045956016331,3.55610467395,3925.8743329936,190107.0
Samoa,WSM,2009,59.0007067137809,25.6,97.9,43.2,,1.29599557210215,22.4714571910199,-0.541677601834593,3875.94291686166,191513.0
Samoa,WSM,2010,58.8303886925795,26.6,96.4,41.9,,1.36304999922289,14.7777818454724,6.1247199226125,4081.15535978003,193023.0
Samoa,WSM,2011,58.6593639575972,27.5,96.7,40.6,,1.37484400117095,15.766152527034,3.84907794660396,4201.45663738908,194713.0
Samoa,WSM,2012,58.4883392226148,28.5,96.8,40.2,,1.36439047725677,16.3070738394005,-3.73213020890266,4007.91092846814,196498.0
Samoa,WSM,2013,58.3173144876325,29.7,97.0,42.6,,1.4061774971251,15.1467287917872,0.107293276488932,3976.39289268132,198268.0
Samoa,WSM,2014,58.1462897526502,30.7,97.9,41.4,,1.43223503651824,15.2095204342126,0.659923768782861,3967.23730470679,200037.0
Samoa,WSM,2015,57.9752650176678,31.8,98.2,37.1,,1.62948132142609,14.5012807041262,3.8503618166494,4084.36083819933,201782.0
Samoa,WSM,2016,57.8056537102473,32.8,98.9,36.8,,1.74054909360734,14.408683481377,7.9838628784713,4373.23792440391,203499.0
Samoa,WSM,2017,58.6726618705036,33.7,96.8,35.8,,1.54078329235937,13.1849554636851,1.40628239971301,4393.37316255965,205415.0
Samoa,WSM,2018,58.5,34.5,99.8,36.6,,1.66054860247998,11.7204111149327,-0.609647103380141,4321.00518344962,207582.0
Samoa,WSM,2019,58.3273381294964,35.6,99.2,34.2,,1.78043664791687,11.9596393238611,4.45185891688691,4466.08075482035,209780.0
Samoa,WSM,2020,58.1546762589928,36.6,100.0,35.6,,1.47774883931605,11.1225478907802,-3.10864485863991,4283.06392492734,211944.0
Samoa,WSM,2021,57.9820143884892,37.8,98.3,36.0,,1.60679954532484,11.2039898765353,-5.04350521486909,4032.13733959294,213779.0
Samoa,WSM,2022,57.8093525179856,38.6,98.3,35.9,,1.54417195869201,10.8490582930193,2.26705055249026,4095.15868286688,215261.0
Samoa,WSM,2023,57.636690647482,39.7,100.0,,,1.53833372564766,10.0793155346634,15.2336106467304,4688.4631403154,216663.0
San Marino,SMR,2000,16.6666666666667,100.0,100.0,,,,,2.17937971500419,55806.9219720449,26799.0
San Marino,SMR,2001,16.6666666666667,100.0,100.0,,,,,5.57834290401968,58173.2936031775,27143.0
San Marino,SMR,2002,16.6666666666667,100.0,100.0,,,,,0.310800310800303,57615.4100635074,27491.0
San Marino,SMR,2003,16.6666666666667,100.0,100.0,,,,,3.87296669248644,59090.2331058555,27843.0
San Marino,SMR,2004,16.6666666666667,100.0,100.0,,,,,4.5488441461596,58393.2236678918,29457.0
San Marino,SMR,2005,16.6666666666667,100.0,100.0,,,,,2.42510699001426,59049.5774485922,29836.0
San Marino,SMR,2006,16.6666666666667,100.0,100.0,,,,,3.83008356545962,60604.3508911242,30184.0
San Marino,SMR,2007,16.6666666666667,100.0,100.0,,,,,7.10932260228034,62776.9461598748,31211.0
San Marino,SMR,2008,16.6666666666667,100.0,100.0,,,,,-0.500939261114581,61572.7435735639,31662.0
San Marino,SMR,2009,16.6666666666667,100.0,100.0,,,,,-10.3209565764632,52873.2681862909,33066.0
San Marino,SMR,2010,16.6666666666667,100.0,100.0,,,,,-5.47368421052632,49672.6977770842,33270.0
San Marino,SMR,2011,16.6666666666667,100.0,100.0,,,,,-8.3147735708983,46450.0251706982,32620.0
San Marino,SMR,2012,16.6666666666667,100.0,100.0,,,,,-7.04453441295546,42082.5554467713,33469.0
San Marino,SMR,2013,16.6666666666667,100.0,100.0,,,,,-0.78397212543554,42293.4870685544,33041.0
San Marino,SMR,2014,16.6666666666667,100.0,100.0,,,,,-0.702370500438988,42492.8509160139,32655.0
San Marino,SMR,2015,16.6666666666667,100.0,100.0,,,,32.0241661542694,2.29150556129265,43146.8240435428,32897.0
San Marino,SMR,2016,16.6666666666667,100.0,100.0,,,,32.4071649556587,2.34440586055426,43886.2146896896,33101.0
San Marino,SMR,2017,16.6666666666667,100.0,100.0,,,,32.4530315404968,0.258265466328027,43057.7784775102,33825.0
San Marino,SMR,2018,16.6666666666667,100.0,100.0,,,,36.2169203250722,1.49390531817373,42818.6962696679,34522.0
San Marino,SMR,2019,16.6666666666667,100.0,100.0,,,,34.7786569469683,2.06568514732739,43525.4225717352,34663.0
San Marino,SMR,2020,16.6666666666667,100.0,100.0,,,,35.6149220680825,-6.64791081780605,40506.8521137898,34770.0
San Marino,SMR,2021,16.6666666666667,100.0,100.0,,,,36.6355581618435,13.8977895076234,46834.1395065822,34252.0
San Marino,SMR,2022,16.6666666666667,100.0,100.0,,,,37.5952017777331,7.89844145767604,51277.3460993917,33755.0
San Marino,SMR,2023,16.6666666666667,100.0,100.0,,,,35.7653533988989,0.401934896977224,51323.7972635865,33860.0
Sao Tome and Principe,STP,2000,60.7916666666667,0.3,52.9,54.7,,0.37981363440681,,0.448368261692949,959.938180991352,144018.0
Sao Tome and Principe,STP,2001,60.7645833333333,0.3,51.5,55.5,,0.381212638770282,,3.06448295788719,973.424252100436,146375.0
Sao Tome and Principe,STP,2002,60.7375,0.4,52.5,55.3,,0.429556702818799,,3.360188168222,982.32906557627,149922.0
Sao Tome and Principe,STP,2003,60.7104166666667,0.4,53.6,51.8,,0.474599191230967,,8.29151946119818,1036.86196260207,153814.0
Sao Tome and Principe,STP,2004,60.6833333333333,0.5,54.7,48.9,240.956215719223,0.523762721537047,,3.5379059435684,1047.05796134884,157705.0
Sao Tome and Principe,STP,2005,60.65625,0.6,55.8,47.9,266.024907355279,0.552465679693638,,6.61462475033599,1089.14778798762,161639.0
Sao Tome and Principe,STP,2006,60.6291666666667,0.6,56.9,47.3,265.639527161642,0.574747340586097,,8.86610935944026,1157.0861446542,165638.0
Sao Tome and Principe,STP,2007,60.6020833333333,0.7,58.0,47.7,259.281084266352,0.57631113730112,,3.64147185166024,1170.51612474435,169700.0
Sao Tome and Principe,STP,2008,60.575,0.8,59.1,46.0,,0.602440834786211,15.6164167398658,6.2287850696102,1214.14114724792,173793.0
Sao Tome and Principe,STP,2009,60.5479166666667,1.0,56.9,45.4,,0.644352358408348,16.2938340677334,3.30239966645061,1225.60541902997,177853.0
Sao Tome and Principe,STP,2010,60.5208333333333,1.1,61.4,38.2,,0.679860507585175,14.6892729961318,1.44845522890635,1216.3502521663,181802.0
Sao Tome and Principe,STP,2011,59.875,1.3,62.6,42.4,,0.685702589294852,11.9865058848595,1.99943210333259,1214.96130276731,185649.0
Sao Tome and Principe,STP,2012,59.2291666666667,1.5,57.9,40.1,,0.701017213984449,12.3018328482048,2.94294277416023,1225.6945255615,189439.0
Sao Tome and Principe,STP,2013,58.5833333333333,1.7,65.0,42.8,,0.690662082962288,13.3437075212036,5.11967735428513,1263.70423995281,193148.0
Sao Tome and Principe,STP,2014,57.9375,1.9,68.6,38.4,,0.668811335234058,12.8163490377908,4.90621048664867,1301.32146445028,196767.0
Sao Tome and Principe,STP,2015,57.2916666666667,2.1,67.3,39.2,,0.702477894663265,11.6794591576073,1.5397042826735,1298.10946596396,200291.0
Sao Tome and Principe,STP,2016,56.6458333333333,2.3,69.4,38.1,,0.718742789252242,10.3295203947605,5.17682468684113,1342.533807689,203689.0
Sao Tome and Principe,STP,2017,56.0,2.6,74.3,39.2,,0.720394260037687,9.07470301028009,4.11297966281954,1375.59403284199,206970.0
Sao Tome and Principe,STP,2018,55.3541666666667,2.9,71.0,40.6,,0.725544396180544,8.38826200521501,4.37812808264972,1413.84348618541,210187.0
Sao Tome and Principe,STP,2019,54.7083333333333,3.2,75.1,38.6,,0.745576216540451,7.52611285056454,2.01431672129407,1420.66008316091,213392.0
Sao Tome and Principe,STP,2020,54.0625,3.5,76.8,41.6,,0.708717547772898,6.0588366873729,2.62485949543812,1430.84119299096,217435.0
Sao Tome and Principe,STP,2021,53.4166666666667,3.9,78.5,40.8,,0.713188352908844,5.04457167443837,1.89929891337832,1428.28676097975,221961.0
Sao Tome and Principe,STP,2022,52.7708333333333,4.2,78.0,42.5,,0.62393672256468,4.3554064353605,0.168698492216564,1403.23356704678,226305.0
Sao Tome and Principe,STP,2023,52.125,4.6,81.3,,,0.63065521438379,2.77409592691283,0.372252775001456,1380.60169416257,230871.0
Saudi Arabia,SAU,2000,0.454484134921779,100.0,100.0,0.0,6516.00755562211,16.3953985610582,53.4502821941208,4.71813422138024,22247.8566987439,16177722.0
Saudi Arabia,SAU,2001,0.454484134921779,100.0,100.0,0.0,6348.58935367071,16.1835734476463,50.7812997816126,0.344593196175438,21193.0922894351,17041397.0
Saudi Arabia,SAU,2002,0.454484134921779,100.0,100.0,0.0,6826.99573187577,16.3991276825131,51.002641268484,-0.688390130317757,20025.4319998275,17910910.0
Saudi Arabia,SAU,2003,0.454484134921779,100.0,100.0,0.0,6631.81585672969,16.4119297375647,53.9639605129998,8.76873381743964,20765.9387688082,18786767.0
Saudi Arabia,SAU,2004,0.454484134921779,100.0,100.0,0.0,6375.54473048108,16.6257165924061,56.7056209373966,8.63100545880309,21545.894988606,19669480.0
Saudi Arabia,SAU,2005,0.454484134921779,100.0,100.0,0.0,6447.07190249029,16.8475463633317,61.7372362527229,5.94489623934835,21838.1915349374,20559890.0
Saudi Arabia,SAU,2006,0.454484134921779,100.0,100.0,0.0,6605.44101687621,17.0903135744837,62.5369910258018,3.31348473625901,21616.3355772516,21459144.0
Saudi Arabia,SAU,2007,0.454484134921779,100.0,100.0,0.0,6696.94747279399,17.3405924711443,62.6934226825684,2.21365396372528,21196.7926036633,22368313.0
Saudi Arabia,SAU,2008,0.454484134921779,100.0,100.0,0.0,6980.05897029755,18.0563174565032,66.4293431587112,6.2379875365458,21629.8405734551,23287877.0
Saudi Arabia,SAU,2009,0.454484134921779,100.0,100.0,0.0,7125.05300494705,18.3345628771474,54.6450009539393,-1.06671711240203,20577.5453445336,24217654.0
Saudi Arabia,SAU,2010,0.454484134921779,100.0,100.0,0.0,7965.26121862505,20.3047423300728,58.0314401714882,5.0395150823517,21830.1424272816,23978487.0
Saudi Arabia,SAU,2011,0.454484134921779,100.0,100.0,0.0,7979.3799657336,20.2940259487267,63.0803869808085,11.758820686671,23314.5576023168,25091867.0
Saudi Arabia,SAU,2012,0.454484134921779,100.0,100.0,0.0,7862.42354103658,20.6100945700312,61.9428982819125,5.76157382270968,23643.0358324647,26168861.0
Saudi Arabia,SAU,2013,0.454484134921779,100.0,100.0,0.0,7401.17130265584,19.8087286694572,58.9702568849547,2.94563789152025,23057.3494468535,27624004.0
Saudi Arabia,SAU,2014,0.454484134921779,100.0,100.0,0.0,7959.81351652344,20.6973806780556,56.1653404810043,4.02467158380668,23404.7306039825,28309273.0
Saudi Arabia,SAU,2015,0.454484134921779,100.0,100.0,0.0,7786.91651664863,20.5071259148746,44.6011697093878,4.65512316652699,23256.1549553531,29816382.0
Saudi Arabia,SAU,2016,0.454484134921779,100.0,99.9,0.0,7521.58911581712,19.6907023725829,42.5305962013279,1.70404739202878,22783.0328538685,30954198.0
Saudi Arabia,SAU,2017,0.454484134921779,100.0,100.0,0.0,7707.05632967392,19.4764691820848,44.8899324686986,1.18210705878283,23035.1199977707,30977355.0
Saudi Arabia,SAU,2018,0.454484134921779,100.0,99.9,0.0,7650.66372475004,19.2090840590601,49.0147439495304,3.2269508901591,24393.5188306638,30196281.0
Saudi Arabia,SAU,2019,0.454484134921779,100.0,100.0,0.0,7668.22165933444,19.2859458646594,45.7234459871756,1.65158925617395,24905.6697428558,30063799.0
Saudi Arabia,SAU,2020,0.454484134921779,100.0,100.0,0.1,7170.88694947248,18.2902881577409,38.3004545080469,-3.80478901996312,22827.671935548,31552510.0
Saudi Arabia,SAU,2021,0.454484134921779,100.0,100.0,0.1,7465.87573152761,19.1759893319934,45.957331100123,6.51959698325419,24922.6716948944,30784383.0
Saudi Arabia,SAU,2022,0.454484134921779,100.0,100.0,,7529.60103058863,19.282874301046,53.1237705884733,12.0005874752929,26706.917926066,32175224.0
Saudi Arabia,SAU,2023,0.454484134921779,100.0,100.0,,,18.8540744665469,47.6053309500947,0.542592439393161,25634.8237547841,33702731.0
Senegal,SEN,2000,45.9832753337142,34.8,37.7,47.5,240.56962512208,0.400180171865501,24.0081947042607,3.88721095816793,1048.37474052363,9968260.0
Senegal,SEN,2001,45.7833064976887,35.9,38.9,45.8,253.79128464664,0.441919674076285,23.8843480318636,4.31085146618369,1067.36886550595,10212942.0
Senegal,SEN,2002,45.5833376616631,36.9,36.8,43.8,249.886211773534,0.447200869387918,24.7837929266149,0.0686965747419066,1042.25509944289,10466214.0
Senegal,SEN,2003,45.3833688256376,37.3,41.9,43.7,235.81440136714,0.423806119776413,24.2086161157819,5.59395094456143,1074.38578467686,10721176.0
Senegal,SEN,2004,45.183399989612,37.5,36.8,39.9,247.017188309568,0.471678172078985,25.0673709569857,4.64329393683312,1098.20064546027,10975704.0
Senegal,SEN,2005,44.9834311535865,37.4,47.1,40.3,246.435668804505,0.511647396744881,23.6818582271971,4.31023852639633,1119.0505307548,11235472.0
Senegal,SEN,2006,44.7834623175609,37.0,49.9,43.4,241.589611245821,0.488187313947173,23.4152166861911,2.33077098330239,1118.7830430051,11500094.0
Senegal,SEN,2007,44.5834934815353,36.2,48.1,40.0,253.743519677808,0.528404267538825,23.6352865631739,2.82711920133374,1123.99862153285,11770344.0
Senegal,SEN,2008,44.3835246455098,35.6,49.7,39.8,259.2346121475,0.534842885597005,22.0817260947223,3.70316906391386,1138.66883930214,12048959.0
Senegal,SEN,2009,44.1835558094842,34.5,53.5,51.3,304.736226945897,0.534391839310571,22.0007291744608,2.75210448455053,1142.65317233964,12337389.0
Senegal,SEN,2010,43.9835869734587,33.3,56.5,49.5,313.396782040786,0.552265288044008,21.7761763055679,3.39088925336209,1153.53431121583,12635413.0
Senegal,SEN,2011,43.7758271438217,32.1,56.5,48.0,317.49118236804,0.577132451936303,23.3061329625455,1.33409107961258,1139.74447892639,12958897.0
Senegal,SEN,2012,43.5680673141848,31.1,56.5,49.6,302.418621518753,0.553255156926921,23.1117975253125,4.00299555090457,1154.05677992367,13310495.0
Senegal,SEN,2013,43.3603074845479,30.1,57.0,42.7,271.06546719919,0.571875600117834,24.294212523467,2.41238527605579,1147.3859217191,13710849.0
Senegal,SEN,2014,43.1525476549109,29.2,61.0,42.5,284.845981855555,0.592328969929697,23.1526032786161,6.22407443790986,1180.7987108505,14152102.0
Senegal,SEN,2015,42.944787825274,28.5,60.5,39.1,296.775621300382,0.631685802233911,23.5966085082289,6.36704365066983,1218.00613555438,14593331.0
Senegal,SEN,2016,42.737027995637,28.3,64.5,36.7,287.042022425235,0.684897111121798,23.3440535101312,6.35606857181878,1257.40906915928,15034521.0
Senegal,SEN,2017,42.5292681660001,28.4,61.7,36.8,278.019674604295,0.659314939022302,23.2776942790053,7.4074861863013,1312.10932776049,15475002.0
Senegal,SEN,2018,42.3215083363632,28.8,66.0,34.2,274.379032674082,0.674573586926839,24.0134453886227,6.20924103389086,1355.09610863712,15914498.0
Senegal,SEN,2019,42.1137485067262,29.7,70.4,36.2,298.559525125339,0.674423812453823,23.5728096206578,4.61362809749708,1379.60875249861,16352922.0
Senegal,SEN,2020,41.9059886770893,30.7,64.3,38.7,280.607903309744,0.644157420306448,23.2090411645804,1.3420737726679,1361.79143748646,16789219.0
Senegal,SEN,2021,41.6982288474523,32.1,68.0,35.4,294.173427358174,0.762104486376905,23.9124863648596,6.54400109964304,1414.5395109385,17220867.0
Senegal,SEN,2022,41.4904690178154,33.5,67.9,,315.965932815121,0.823959839790182,24.8999790711237,3.85043193735768,1433.1991875241,17651103.0
Senegal,SEN,2023,41.2827091881785,34.8,74.2,,291.050601075038,0.758785485197598,22.888647826957,4.2574308328029,1458.96642332589,18077573.0
Serbia,SRB,2000,,57.5,99.9,22.1,1801.4812028674,,35.1538213869747,6.0550897288645,3542.35365914848,7516346.0
Serbia,SRB,2001,,58.6,99.8,19.6,1965.15252074554,,32.5337516849194,6.77852279368084,3788.98233947399,7503433.0
Serbia,SRB,2002,,59.6,100.0,18.0,2097.94999221022,,31.0933385156358,6.54104600309256,4038.65251197442,7500031.0
Serbia,SRB,2003,,60.6,99.7,15.7,2211.04337201789,,28.8089951022913,4.55968997935088,4233.77644906089,7480591.0
Serbia,SRB,2004,,61.6,99.6,14.6,2418.7222777969,,29.8266761335649,6.68686836863701,4527.43498659451,7463157.0
Serbia,SRB,2005,,62.6,99.7,16.1,2152.46605224195,,28.929036607637,5.90349622935489,4809.1384076488,7440769.0
Serbia,SRB,2006,29.8627944203064,63.4,99.6,15.3,2293.67913246219,,29.108060215991,3.90066644620993,5016.41289322251,7411569.0
Serbia,SRB,2007,30.1520695174937,64.4,99.6,14.0,2241.56812781607,,28.2391713833774,7.83207023027602,5431.27887426624,7381579.0
Serbia,SRB,2008,30.441344614681,65.3,99.6,15.5,2292.38992431852,,27.5052601244094,5.16089327231823,5735.94772695749,7350222.0
Serbia,SRB,2009,30.7306197118683,66.4,99.6,20.7,2073.56720979204,,24.3265430810242,-3.14261075416574,5578.0119741931,7320807.0
Serbia,SRB,2010,31.0198948090556,67.5,99.7,20.5,2145.49144722672,,25.0306267248726,1.61097281449412,5690.70327182682,7291436.0
Serbia,SRB,2011,31.0348273496456,68.6,99.7,17.4,2241.32678165321,,26.27931177307,0.0542724836581954,5737.00120175811,7236519.0
Serbia,SRB,2012,31.0497598902355,69.7,99.8,19.5,2023.83135868927,,26.5789003129754,-0.443956070983248,5739.3075023532,7201497.0
Serbia,SRB,2013,31.0646924308255,70.8,99.9,20.0,2082.01493164812,,27.8782873721815,0.451578805330726,5793.33614525565,7166553.0
Serbia,SRB,2014,31.0796249714155,71.8,99.7,23.2,1861.59680519425,,26.5460326998823,-1.80427041681132,5716.54047153506,7131787.0
Serbia,SRB,2015,31.0945575120055,73.2,99.9,21.2,2080.59060078258,,26.6399519622231,1.2957386351958,5820.3215576888,7095383.0
Serbia,SRB,2016,31.1019894809056,74.3,99.9,20.9,2165.83889288491,,26.5319225334739,2.97519807160826,6024.95754653784,7058322.0
Serbia,SRB,2017,31.1211982620627,75.7,100.0,20.0,2224.78515305498,,26.6030717363846,2.3634031250553,6200.26118592152,7020858.0
Serbia,SRB,2018,31.1227989938258,76.9,100.0,21.0,2200.40410311437,,25.809720124861,4.64935035491007,6524.08029755191,6982604.0
Serbia,SRB,2019,31.1253144294535,78.5,99.8,21.4,2201.72012144367,,25.5321158663518,4.75020793899014,6870.75810896296,6945235.0
Serbia,SRB,2020,32.3778094898323,79.5,100.0,26.0,2291.6081874127,,24.2814549023693,-0.950023991851594,6850.96742168834,6899126.0
Serbia,SRB,2021,32.3812581757641,81.1,100.0,27.2,2355.24230805463,,24.3847589364029,7.94905650472278,7465.67601077148,6834326.0
Serbia,SRB,2022,32.3858163872042,82.0,100.0,,2440.9165854049,,25.2215655826672,2.70347705543654,7862.95387364846,6664449.0
Serbia,SRB,2023,32.3896349149721,83.1,100.0,,2378.08281785261,,23.7759430141513,3.74793303561771,8208.4786891507,6623183.0
Seychelles,SYC,2000,73.2608695652174,100.0,94.1,1.5,,9.29977443887047,41.7175677617359,4.25319834931828,11703.7535246117,81131.0
Seychelles,SYC,2001,73.2608695652174,100.0,94.4,1.3,,10.3224058520726,40.3770010669744,-2.27116288552982,11427.9413083015,81202.0
Seychelles,SYC,2002,73.2608695652174,100.0,96.1,1.1,,9.06083155166442,43.5117612493021,1.21283290259314,11218.2606464315,83723.0
Seychelles,SYC,2003,73.2608695652174,100.0,94.9,1.1,,9.24366702504198,39.3949624195466,-5.88712848764477,10677.9692081272,82781.0
Seychelles,SYC,2004,73.2608695652174,100.0,95.2,1.0,3103.97090027281,12.8705668384359,21.2664381340441,-2.8504539768538,10412.0868936027,82475.0
Seychelles,SYC,2005,73.2608695652174,100.0,95.5,0.9,2751.69567211374,11.6379830553477,23.5711088030511,9.0057617374238,11297.3118190493,82858.0
Seychelles,SYC,2006,73.2608695652174,100.0,99.0,0.9,2872.34042553192,12.4054373522459,23.3438748508432,9.40612855732827,12105.4475265558,84600.0
Seychelles,SYC,2007,73.2608695652174,100.0,96.1,1.0,2410.82873707855,10.2019216069056,23.0158256328238,8.87606645570879,13112.8210098816,85033.0
Seychelles,SYC,2008,73.2608695652174,100.0,96.5,0.9,,10.5938635631814,22.4143519418529,-2.72594626154864,12473.2921769121,86956.0
Seychelles,SYC,2009,73.2608695652174,100.0,96.8,0.8,,11.6864074778345,20.1824627484302,-2.47937594726137,12116.3783687977,87298.0
Seychelles,SYC,2010,73.2608695652174,100.0,97.0,0.7,,10.2149938732316,19.6134912354854,4.50513204312067,12313.5566919249,89770.0
Seychelles,SYC,2011,73.2608695652174,100.0,98.1,0.8,,8.9397422261868,20.6952608634553,9.5097833517957,13843.7116081878,87441.0
Seychelles,SYC,2012,73.2608695652174,100.0,98.3,0.8,,10.0404289774979,19.7343819448264,3.1106784939243,14135.0010570653,88303.0
Seychelles,SYC,2013,73.2608695652174,100.0,98.0,1.5,,8.91949882711314,16.5413009747671,1.25373496242949,14050.3135581314,89949.0
Seychelles,SYC,2014,73.2608695652174,100.0,100.0,1.4,,10.1369323219387,15.7700469714181,4.0636918123521,14395.6158118771,91359.0
Seychelles,SYC,2015,73.2608695652174,100.0,100.0,1.4,,10.5631616694677,14.2030327151444,8.9140088750469,15333.1051727105,93419.0
Seychelles,SYC,2016,73.2608695652174,100.0,100.0,1.2,,11.6216187669656,13.6909528775658,12.1175272453913,16962.6753972731,94677.0
Seychelles,SYC,2017,73.2608695652174,100.0,100.0,1.2,,12.0280041317571,11.7738883980069,6.95416218794271,17921.5731976918,95843.0
Seychelles,SYC,2018,73.2608695652174,100.0,100.0,1.2,,10.3894090655423,11.8099756005606,4.93947272254312,18628.1862276696,96762.0
Seychelles,SYC,2019,73.2608695652174,100.0,100.0,1.2,,9.16568501920615,12.2185624290623,5.5142920737342,19481.6461053742,97625.0
Seychelles,SYC,2020,73.2608695652174,100.0,100.0,1.3,,8.51902256708172,14.271545381162,-11.7398608281732,17048.361729788,98462.0
Seychelles,SYC,2021,73.2608695652174,100.0,100.0,1.7,,7.9409216385581,11.7537279327877,0.552281631207279,17005.0422063679,99258.0
Seychelles,SYC,2022,73.2608695652174,100.0,100.0,1.9,,7.02714426333439,11.9787643383367,12.7104688902836,15869.6738782504,119878.0
Seychelles,SYC,2023,73.2608695652174,100.0,100.0,,,7.00909219941055,13.1590288680872,2.25925322283285,16242.4365925219,119773.0
Sierra Leone,SLE,2000,40.5850651149903,0.0,7.7,93.3,,0.0975673493894468,26.7592113729712,6.65273028404766,727.240914632596,4423611.0
Sierra Leone,SLE,2001,40.3117622610141,0.1,8.5,91.2,,0.117075058452291,8.02011314843721,-6.34545563328469,642.036645844304,4692716.0
Sierra Leone,SLE,2002,40.038459407038,0.1,9.2,88.0,,0.116626285971757,8.92815293953229,26.5241350674409,766.788693742901,4971435.0
Sierra Leone,SLE,2003,39.7651565530618,0.1,9.9,86.5,,0.119145865711852,10.4640211289669,9.48363126885343,806.066489012144,5177687.0
Sierra Leone,SLE,2004,39.4918536990856,0.2,16.8,86.5,,0.114363772394994,11.9277477569509,6.47884588417347,829.759768928304,5355717.0
Sierra Leone,SLE,2005,39.2185508451094,0.2,11.3,88.1,,0.103149710490117,11.4194355058338,4.3534998069981,842.906030904902,5501712.0
Sierra Leone,SLE,2006,38.9452479911333,0.3,12.2,84.4,,0.126518677506451,25.2475228320461,4.28311062264335,859.824260714965,5624466.0
Sierra Leone,SLE,2007,38.6719451371571,0.3,13.0,86.3,,0.11604786069804,24.3286197684471,3.74975804751641,872.68836234614,5749352.0
Sierra Leone,SLE,2008,38.3986422831809,0.3,12.1,86.0,,0.109725276272571,22.4354575177107,3.68605969932123,882.54147817868,5894722.0
Sierra Leone,SLE,2009,38.1253394292048,0.4,14.6,86.1,,0.107783711267138,19.4026088860298,1.53080323958716,872.23959352481,6055646.0
Sierra Leone,SLE,2010,37.8520365752286,0.4,11.5,84.9,,0.114146335505697,20.2650996328359,6.35566595800495,902.769891411394,6222714.0
Sierra Leone,SLE,2011,37.5787475755057,0.5,14.2,81.0,,0.135958333248529,19.6837646221541,8.10065518714917,950.760763054593,6387251.0
Sierra Leone,SLE,2012,37.3054585757828,0.5,17.2,79.1,,0.148738833902196,23.5297216066996,10.578331663387,1025.04366004502,6551080.0
Sierra Leone,SLE,2013,37.0321695760599,0.5,13.5,74.6,,0.167216483759209,26.4303748873975,14.6633238075229,1146.81973456475,6714051.0
Sierra Leone,SLE,2014,36.7588805763369,0.5,18.8,73.0,,0.175528275394702,20.452711739982,-7.81501512457241,1032.23789355905,6876385.0
Sierra Leone,SLE,2015,36.485591576614,0.6,19.7,74.0,,0.145275663555545,16.6428629261418,-4.36333262093788,964.575980888989,7037655.0
Sierra Leone,SLE,2016,36.2122471598781,0.6,20.3,73.6,,0.146932936293809,19.515679548632,6.43743652764257,1002.77862282013,7205328.0
Sierra Leone,SLE,2017,35.9389027431422,0.7,23.4,74.6,,0.14155816155437,19.5143905015015,3.20786087715987,1010.54694071207,7379299.0
Sierra Leone,SLE,2018,35.6655583264062,0.7,26.1,75.9,,0.160273995994209,17.510686344572,2.8938564123677,1015.6678297205,7554563.0
Sierra Leone,SLE,2019,35.3922139096703,0.7,22.7,75.4,,0.156143482319108,17.9304532249609,5.50270937378153,1046.96778078594,7731991.0
Sierra Leone,SLE,2020,35.1188694929343,0.8,26.3,75.1,,0.155537564463982,17.6375324601029,-1.2533490322766,1010.25294614757,7912558.0
Sierra Leone,SLE,2021,34.8455250761984,0.8,27.5,71.1,,0.181898998863687,19.1836741693752,5.8968527047094,1045.7661615758,8094602.0
Sierra Leone,SLE,2022,34.5721806594625,0.8,29.4,71.6,,0.177218098718503,20.7563899342047,5.3135546141915,1077.08884538507,8276807.0
Sierra Leone,SLE,2023,34.2988362427265,0.9,35.5,,,0.16670385905723,26.0790881246429,5.7100218981806,1113.86837500697,8460512.0
Singapore,SGP,2000,25.3932835820895,100.0,100.0,0.3,4634.81368272521,11.3010369953278,32.4585044954973,9.03831632555163,34890.0811365168,4027887.0
Singapore,SGP,2001,25.5016417910448,100.0,100.0,0.6,5146.02323865296,11.0938779297885,30.3796610759446,-1.07086275100448,33597.8690808226,4138012.0
Singapore,SGP,2002,25.4204444444444,100.0,100.0,0.6,5066.19603486754,10.8280032088507,30.7456754181249,3.92336076702013,34598.8267483781,4175950.0
Singapore,SGP,2003,25.0822416302766,100.0,100.0,0.6,6217.05880619521,10.314555220561,30.2248029160952,4.54825542643229,36709.7965038255,4114826.0
Singapore,SGP,2004,25.1149492017417,100.0,100.0,0.5,7371.02793327917,10.6855268387372,31.8858938554669,9.93998268434957,39856.6356222613,4166664.0
Singapore,SGP,2005,25.2204644412192,100.0,100.0,0.5,4925.75757554205,9.78289459186893,31.4076522049802,7.36632239250758,41798.4880834671,4265762.0
Singapore,SGP,2006,25.1435158501441,100.0,100.0,0.5,5128.30865666219,9.5355418148688,30.8942965496098,9.00676607871758,44159.4101820552,4401365.0
Singapore,SGP,2007,25.2119424460432,100.0,100.0,0.5,4537.4171693226,9.44913687162465,28.2257709638809,9.02151951268893,46178.8139470199,4588599.0
Singapore,SGP,2008,25.1357142857143,100.0,100.0,0.5,4958.46248257993,8.86794550394306,26.4153381596662,1.86348345462035,44601.5799302699,4839396.0
Singapore,SGP,2009,25.2395714285714,100.0,100.0,0.5,5321.08304981114,8.77394676729544,27.0163193688262,0.127953382778088,43331.8746638962,4987573.0
Singapore,SGP,2010,25.2712250712251,100.0,100.0,0.5,4856.84920025022,9.62940332481604,26.6358717243037,14.5197497108994,48752.0515441859,5076732.0
Singapore,SGP,2011,24.8389204545455,100.0,100.0,0.5,4086.3260711538,9.90350885315629,25.2595925808817,6.21493416858989,50713.5326393594,5183688.0
Singapore,SGP,2012,24.4090651558074,100.0,100.0,0.5,4787.02308838074,9.44039430491129,25.0222021555412,4.43549759378537,51679.352717333,5312437.0
Singapore,SGP,2013,24.015558698727,100.0,100.0,0.6,5273.75292208676,9.74704963473961,23.4427286283197,4.81763099120676,53298.9728558286,5399162.0
Singapore,SGP,2014,23.5898448519041,100.0,100.0,0.6,4986.32779651842,9.84749870377372,24.1685192477514,3.93554027709007,54681.9336458253,5469724.0
Singapore,SGP,2015,23.2318758815233,100.0,100.0,0.7,5242.6504334371,9.9683071478565,24.2880229055028,2.97679931634806,55645.6068614606,5535002.0
Singapore,SGP,2016,22.9696755994358,100.0,100.0,0.7,5449.41985010808,9.44707088976961,23.2029524941107,3.74757848792792,56986.7853102911,5607283.0
Singapore,SGP,2017,22.626404494382,100.0,100.0,0.7,5799.39529471808,10.1364104576184,23.4966352857041,4.47689915845876,59485.3015873921,5612253.0
Singapore,SGP,2018,22.3109243697479,100.0,100.0,0.8,5692.66564748734,9.61426051080076,25.3804206689349,3.4519759658687,61250.3476672302,5638676.0
Singapore,SGP,2019,21.9972067039106,100.0,100.0,0.9,5565.91519291042,9.79870673958709,24.07072940872,1.30804118153127,61345.5291820062,5703569.0
Singapore,SGP,2020,21.6852367688022,100.0,100.0,0.9,5538.12371561154,9.4756645802434,23.24167197361,-3.81470885510713,59189.70385743,5685807.0
Singapore,SGP,2021,21.4345403899721,100.0,100.0,1.1,5966.32763521289,10.2167829269876,24.6140715989737,9.7568044629903,67731.2610711717,5453566.0
Singapore,SGP,2022,21.1838440111421,100.0,100.0,,5785.04367341681,9.99582758413928,23.84052179209,4.10800021897151,68218.805333562,5637022.0
Singapore,SGP,2023,20.933147632312,100.0,100.0,,5282.7637359991,9.48033745839563,22.1459950271664,1.82140694115385,66167.3596303607,5917648.0
Sint Maarten (Dutch part),SXM,2000,,,100.0,,,,,,,30773.0
Sint Maarten (Dutch part),SXM,2001,,,99.9,,,,,,,30726.0
Sint Maarten (Dutch part),SXM,2002,,,99.9,,,,,,,30960.0
Sint Maarten (Dutch part),SXM,2003,,,99.8,,,,,,,31327.0
Sint Maarten (Dutch part),SXM,2004,,,99.8,,,,,,,31690.0
Sint Maarten (Dutch part),SXM,2005,,,99.7,,,,,,,32057.0
Sint Maarten (Dutch part),SXM,2006,,,99.7,,,,,,,32428.0
Sint Maarten (Dutch part),SXM,2007,,,99.7,,,,,,,32791.0
Sint Maarten (Dutch part),SXM,2008,,,99.7,,,,,,,33145.0
Sint Maarten (Dutch part),SXM,2009,,,99.7,,,,,,37548.9474627441,33491.0
Sint Maarten (Dutch part),SXM,2010,,,100.0,,,,,3.19999269219366,38403.0705201664,33794.0
Sint Maarten (Dutch part),SXM,2011,10.8823529411765,,100.0,,,,12.9326808307472,4.60000341415395,39615.1371367338,34267.0
Sint Maarten (Dutch part),SXM,2012,10.8823529411765,,100.0,0.0,,,11.6450388167961,1.39054456773131,39298.9873567827,35023.0
Sint Maarten (Dutch part),SXM,2013,10.8823529411765,,100.0,0.0,,,11.2616056799563,1.30673103459678,38889.7715088035,35854.0
Sint Maarten (Dutch part),SXM,2014,10.8823529411765,,100.0,0.0,,,7.30134105795493,1.58038221539113,38623.1999405819,36672.0
Sint Maarten (Dutch part),SXM,2015,10.8823529411765,,100.0,0.0,,,6.96750002994459,0.105813149997005,37839.6283815163,37471.0
Sint Maarten (Dutch part),SXM,2016,10.8823529411765,,100.0,0.0,,,6.83295797523983,0.96775836306881,37428.7027557069,38249.0
Sint Maarten (Dutch part),SXM,2017,10.8823529411765,,100.0,0.0,,,6.87703253714925,-7.53521399882428,33945.4185182499,38996.0
Sint Maarten (Dutch part),SXM,2018,10.8823529411765,,100.0,0.0,,,6.53037877010542,-6.85698299227944,31047.7241050626,39712.0
Sint Maarten (Dutch part),SXM,2019,10.8823529411765,,100.0,0.0,,,7.2701465731997,10.9650009352392,33877.976645467,40385.0
Sint Maarten (Dutch part),SXM,2020,10.8823529411765,,100.0,0.0,,,7.05670772760768,-13.3167887221567,28920.3773007159,41008.0
Sint Maarten (Dutch part),SXM,2021,10.8823529411765,,100.0,0.0,,,6.02852472331512,4.57759677933345,29834.6350068383,41571.0
Sint Maarten (Dutch part),SXM,2022,10.8823529411765,,100.0,0.0,,,,13.9,33523.6038330075,42139.0
Sint Maarten (Dutch part),SXM,2023,10.8823529411765,,100.0,,,,,3.8,34300.9634216479,42749.0
Slovak Republic,SVK,2000,39.5303534303534,100.0,100.0,3.7,3292.7785560313,7.73551047373031,29.5100486010771,0.78922447792516,8997.21199594319,5388720.0
Slovak Republic,SVK,2001,39.564656964657,100.0,100.0,6.0,3456.89028050906,7.80433872040338,29.9245857999101,2.92516077248489,9277.35808851002,5378867.0
Slovak Republic,SVK,2002,39.5989604989605,100.0,100.0,5.5,3484.03108632161,7.8021734408151,29.3177460076999,4.41725348271514,9690.68468262889,5376912.0
Slovak Republic,SVK,2003,39.6250259821243,100.0,100.0,5.3,3468.93628503339,7.89001472817638,30.7779711731675,4.85669851591319,10168.02256533,5373374.0
Slovak Republic,SVK,2004,39.6675675675676,100.0,100.0,6.2,3416.39866050427,7.78810858704312,32.1708840398951,5.38949856996771,10718.2101858841,5372280.0
Slovak Republic,SVK,2005,39.7018711018711,100.0,99.9,6.3,3504.64376060296,7.86263120934737,32.0563158138445,6.48493222274386,11412.1593630008,5372807.0
Slovak Republic,SVK,2006,39.7361746361746,100.0,99.9,6.6,3469.4496050741,7.86450312987735,34.2253304669146,8.92568704770216,12430.2015488557,5373054.0
Slovak Republic,SVK,2007,39.7704781704782,100.0,100.0,8.2,3321.10691268197,7.69077341625141,33.4007648001191,10.8186295074904,13770.9602691527,5374622.0
Slovak Republic,SVK,2008,39.8047817047817,100.0,100.0,7.6,3406.38372204535,7.65205745874923,32.9163890677556,5.36337721231949,14497.1114407172,5379233.0
Slovak Republic,SVK,2009,39.8473695154918,100.0,100.0,10.0,3107.87988439735,6.91125028451253,29.2871824292761,-5.50533790972226,13680.7537106597,5386406.0
Slovak Republic,SVK,2010,39.8808508868603,100.0,100.0,10.3,3441.25647593511,7.40271408613822,29.956654996582,6.79058159142423,14596.1477776887,5391428.0
Slovak Republic,SVK,2011,39.8993095990684,100.0,100.0,10.4,3339.0873887237,7.01956363237591,29.9295585244148,2.56242473215553,14950.8735178599,5398384.0
Slovak Republic,SVK,2012,39.9152803194144,100.0,100.0,10.5,3220.5055262121,6.67699907851554,30.0711048440783,1.56917104702706,15159.6570420004,5407579.0
Slovak Republic,SVK,2013,39.9312510397604,100.0,100.0,10.7,3260.4443972295,6.72042469482633,27.9562731617683,0.703323545247201,15249.8824513785,5413393.0
Slovak Republic,SVK,2014,39.9538685524126,100.0,100.0,12.2,3013.30293850524,6.27281818770694,29.8948137660441,2.70795151449488,15647.6491763517,5418649.0
Slovak Republic,SVK,2015,39.9681793602596,100.0,100.0,13.4,3131.86282925931,6.36564652722325,29.9318952287768,5.17687909722133,16442.0760860018,5423801.0
Slovak Republic,SVK,2016,40.0035357737105,100.0,100.0,13.1,3159.56804668402,6.5265914880281,28.6704533371343,1.94781841524558,16740.7413996428,5430798.0
Slovak Republic,SVK,2017,40.05615640599,100.0,100.0,12.4,3316.8259702586,6.93642043582623,28.0768009837999,2.87473327453695,17195.2888721963,5439232.0
Slovak Republic,SVK,2018,40.05615640599,100.0,100.0,12.4,3269.57251976129,6.83757404157436,28.5930165310765,4.06211981896483,17869.0149173679,5446771.0
Slovak Republic,SVK,2019,40.05615640599,100.0,100.0,17.6,3128.36337933814,6.3818228588265,29.1467840646082,2.27589910019393,18250.9802475637,5454147.0
Slovak Republic,SVK,2020,40.05615640599,100.0,100.0,17.6,3032.64269516845,5.98002098252976,28.5377275498817,-2.58551241733207,17763.8563847352,5458827.0
Slovak Republic,SVK,2021,40.05615640599,100.0,100.0,17.9,3305.89912789281,6.72785720933896,27.4130374810501,5.6558588065555,18808.4540496595,5447247.0
Slovak Republic,SVK,2022,40.05615640599,100.0,100.0,,3089.1457459111,6.11012800289851,26.5461918036068,0.544591632137454,18964.8298400624,5431752.0
Slovak Republic,SVK,2023,40.05615640599,100.0,100.0,,3054.72438218715,5.73978115774848,29.2081158245654,2.11263633214959,19383.3732009401,5426740.0
Slovenia,SVN,2000,61.2214498510427,100.0,100.0,18.0,3281.07859342385,7.58902422162726,30.4454054896668,3.49791942086068,16146.1216848394,1988925.0
Slovenia,SVN,2001,61.2909632571996,100.0,100.0,18.7,3484.35932286801,8.51691214120057,30.5980485599949,2.82868479430465,16576.7158840406,1992060.0
Slovenia,SVN,2002,61.3604766633565,100.0,100.0,16.3,3484.57090522828,8.66214095551333,30.0414822046327,3.28258371393918,17099.658209132,1994530.0
Slovenia,SVN,2003,61.4299900695134,100.0,100.0,16.9,3539.5091236842,8.58065683134969,30.2933302648589,3.19503117236037,17635.3608581831,1995733.0
Slovenia,SVN,2004,61.4995034756703,100.0,100.0,17.8,3638.84380821082,8.71266672408578,30.2634915340612,4.54602214352336,18425.2601213581,1997012.0
Slovenia,SVN,2005,61.5690168818272,100.0,100.0,18.6,3763.9044579396,8.81606059363931,29.8114014464119,3.8541277114569,19102.2776603905,2000474.0
Slovenia,SVN,2006,61.6385302879841,100.0,100.0,17.4,3735.02431343807,8.94159456426631,30.1134067265623,5.90878130011174,20166.5323431214,2006868.0
Slovenia,SVN,2007,61.708043694141,100.0,100.0,18.4,3757.02712910831,8.88722287354283,30.5983193876711,7.1392312914716,21485.780992381,2018122.0
Slovenia,SVN,2008,61.7585450357884,100.0,100.0,17.6,3952.12209658593,9.34821670634379,29.7553678451099,3.37223866114127,22175.2369557321,2021316.0
Slovenia,SVN,2009,61.829264660624,100.0,100.0,19.6,3514.07527225462,8.28055924760341,27.3824377206038,-7.59058614046387,20307.6188322273,2039669.0
Slovenia,SVN,2010,61.8975290625527,100.0,100.0,20.1,3589.60869535534,8.37691223640926,26.3518668029855,1.11213719306735,20444.1201295876,2048583.0
Slovenia,SVN,2011,61.9080710811079,100.0,100.0,19.1,3580.6936485935,7.83269836027402,26.5487234278155,0.655438128379743,20535.4155754108,2052843.0
Slovenia,SVN,2012,61.9189206629703,100.0,100.0,20.2,3428.89786152681,7.54292692008736,27.0724390429475,-2.91553782040462,19894.8697964548,2057159.0
Slovenia,SVN,2013,61.9463753723932,100.0,100.0,22.5,3334.75901290152,7.52978344651553,27.136357331722,-0.823776417691676,19704.2186005128,2059953.0
Slovenia,SVN,2014,61.9563058589871,100.0,100.0,22.9,3236.59020668788,6.85069690297675,27.773620382746,2.76283327639742,20228.7081986391,2061980.0
Slovenia,SVN,2015,61.9582377647374,100.0,100.0,21.4,3195.47512285174,6.92739774687175,27.6272123283146,2.39330621338168,20697.2748530619,2063531.0
Slovenia,SVN,2016,61.8592989772614,100.0,100.0,21.0,3296.73500361863,7.27283028626052,27.5997956172164,3.03441486663654,21309.7122138949,2065042.0
Slovenia,SVN,2017,61.7699782998396,100.0,100.0,19.7,3390.66281580197,7.42566255708028,28.0311742193249,5.17440215579958,22397.7634988337,2066388.0
Slovenia,SVN,2018,61.674380723466,100.0,100.0,20.6,3341.09971545865,7.44975394113682,28.0718729650095,4.37908347331195,23293.966665323,2073894.0
Slovenia,SVN,2019,61.5730716513379,100.0,100.0,20.9,3267.29671944784,7.0993135844205,28.5562740977565,3.50525332381912,23943.1800949889,2088385.0
Slovenia,SVN,2020,61.4722591923085,100.0,100.0,22.7,3068.8193959428,6.44048593548669,28.9448814140077,-4.08500094942896,22811.8050540778,2102419.0
Slovenia,SVN,2021,61.3711140025029,100.0,100.0,23.4,3144.09351642077,6.57475360268757,28.150836487506,8.41686457725321,24665.4410464026,2108079.0
Slovenia,SVN,2022,61.2701922885918,100.0,100.0,,3045.94458555582,6.3394025593776,27.991167622233,2.66850555542486,25275.715967757,2112076.0
Slovenia,SVN,2023,61.1748938389332,100.0,100.0,,2895.95134590199,5.95087577654104,29.5848784281182,2.3758326648385,25773.9015835069,2120461.0
Small states,SST,2000,65.6919529785704,62.792334618019,73.4058709330824,28.0068348770361,,4.71962637789581,27.3477116951929,5.9674384627011,8220.23901042675,15786741.0
Small states,SST,2001,65.703796576698,62.9798525683482,75.1545680906373,27.0383106856084,,4.89089781660422,26.2486219045336,2.72130799687473,8322.09933023977,16017863.0
Small states,SST,2002,65.7156401748256,63.1964039280002,74.9680247255988,27.882881773399,,4.79712780803342,25.814080296694,3.5776885484245,8496.59454518117,16250203.0
Small states,SST,2003,65.7274837729532,63.5692786977837,75.7916539602274,27.2502846868445,,5.25044919542898,27.0987666554812,4.74523814635413,8796.42233141665,16441139.0
Small states,SST,2004,65.892299234302,64.0507997073952,76.8496925221964,26.9271026682135,2178.48629394776,5.40748109462244,27.7659982692488,4.50003274385634,9105.86748386889,16597133.0
Small states,SST,2005,65.9041703918426,64.3785944846566,77.6783676254051,27.2333608360836,2295.85886754677,5.76098999180579,29.2449478302012,4.43251873243698,9451.28413237528,16699341.0
Small states,SST,2006,65.726048617322,64.7569245268679,78.1006771419422,26.6335847609307,2509.78820768153,6.1068693820513,30.5246317336764,6.55679901193157,9969.96579894485,16868546.0
Small states,SST,2007,65.7649863018377,65.1160686554294,79.5807349251648,26.8431092436975,2661.0334418885,6.32679860032375,29.4512229692266,4.68708395112769,10327.7328570127,17047450.0
Small states,SST,2008,65.8039239863534,65.4798745729784,80.5950689227549,28.4953543493719,,6.1605646514771,31.9463670229055,1.20769210137048,10342.7108313065,17228345.0
Small states,SST,2009,65.8428616708692,65.8405629728095,80.4229826422579,30.2776979308636,,5.79315365424532,26.789753749279,-4.35925768092353,9794.86691738104,17398922.0
Small states,SST,2010,65.8817993553849,66.1766996335746,82.199729744185,29.7265690627625,,6.25896217946968,27.7082050815673,2.32244407295181,9921.82379714539,17575200.0
Small states,SST,2011,65.8721671195686,66.4651564438575,83.906240710336,30.2495982731742,,6.18180307927551,29.5660124416704,2.51696311981266,10072.3942172806,17748220.0
Small states,SST,2012,65.8595836814989,66.7886752877075,84.8243310625176,30.1846016646849,,5.99490584639584,28.0926478609093,2.12048993083546,10183.7115546246,17926451.0
Small states,SST,2013,65.7506077734137,67.0980547353478,85.2704808451355,30.3387854927225,,5.93587145778369,26.8870678702542,1.09752286924849,10192.7078437938,18107202.0
Small states,SST,2014,65.7380427560567,67.39809496556,86.7735637831097,30.1999766218586,,5.89679391529164,25.668619907151,2.32902577526974,10324.6794019847,18292084.0
Small states,SST,2015,65.7254777386997,67.7211080348207,87.6813928879402,31.1755146888735,,5.62992039845094,22.9129920905932,2.23701449577467,10446.850341907,18482578.0
Small states,SST,2016,65.6893230036135,68.0057576102462,88.8486713357501,31.3734949541816,,5.45971981487838,21.9900273606034,1.76290719160697,10523.7082779478,18671045.0
Small states,SST,2017,65.7539085018376,68.2968499307678,90.1550278534803,31.1677364093193,,5.41654017239327,22.125153124603,3.21452136710903,10750.0323524971,18865506.0
Small states,SST,2018,65.6673105741505,68.5718095540703,90.9647335432231,32.2826634877384,,5.44441714909064,22.5090355336342,3.34531380330635,10981.9220128952,19084934.0
Small states,SST,2019,65.6323727306349,68.832538403604,92.0919222790738,31.6559924886778,,5.04835129955372,22.1890029331434,3.1161369349748,11201.6035626777,19293697.0
Small states,SST,2020,65.5975433476346,69.0543558887698,93.1195945831784,34.2609139465875,,4.61750238440189,21.9870108754137,-6.92604543465643,10330.2244204664,19472157.0
Small states,SST,2021,65.5626369576684,69.2169120032226,93.7468179373385,,,4.66196147266028,23.8405326474957,7.10866076587615,10966.3507528896,19646549.0
Small states,SST,2022,65.5295634029981,69.477297247824,93.852223644499,,,4.7676850316056,26.482416169281,7.43586182979632,11659.648300767,19852364.0
Small states,SST,2023,,69.6544059880002,94.7947483488559,,,4.46756309386358,23.5223990481864,5.02809903605001,12136.5395036554,20031262.0
Solomon Islands,SLB,2000,90.6609503394069,8.6,4.7,55.3,,0.528527546774007,,-14.2769995911797,1747.71796168688,440469.0
Solomon Islands,SLB,2001,90.6347981421936,8.5,7.6,54.1,,0.568883940996382,,-7.95660610016238,1577.65519452251,449125.0
Solomon Islands,SLB,2002,90.6086459449804,8.6,10.5,52.8,,0.585136484505245,,-2.79998288464981,1504.8467296693,457671.0
Solomon Islands,SLB,2003,90.5824937477671,8.4,13.4,51.5,,0.596369440142099,9.50877599494871,6.52346685055134,1573.84348435767,466154.0
Solomon Islands,SLB,2004,90.5563415505538,8.4,16.3,49.9,122.205342901871,0.603652254161829,9.67379284707701,7.68364102152745,1664.57315979072,474611.0
Solomon Islands,SLB,2005,90.5301893533405,8.4,19.2,49.7,120.062929535481,0.618738097209572,8.5987215506694,7.35907917681935,1755.74082446273,483080.0
Solomon Islands,SLB,2006,90.5040371561272,8.3,14.4,48.9,120.017738214868,0.609852846047755,9.32536931430012,4.13726239664898,1796.71439810674,491594.0
Solomon Islands,SLB,2007,90.4778849589139,8.3,12.9,47.4,127.960076456146,0.647198074200849,9.98457958747137,3.63973499569106,1830.23321405807,500156.0
Solomon Islands,SLB,2008,90.4517327617006,8.1,28.1,46.7,,0.64545293736119,10.2651535362455,6.22590636247851,1911.18969015528,508790.0
Solomon Islands,SLB,2009,90.4255805644873,8.2,21.2,45.8,,0.632839323659004,11.8218587913377,2.86486309630651,1930.46287614922,518141.0
Solomon Islands,SLB,2010,90.399428367274,8.2,35.4,45.1,,0.672648264060882,12.9725534512526,9.70817235491481,2058.95691648883,532968.0
Solomon Islands,SLB,2011,90.3732761700607,8.1,39.1,43.6,,0.674208103880133,18.6507336880232,7.43023752099302,2132.02844199392,552945.0
Solomon Islands,SLB,2012,90.3471239728474,8.2,42.9,43.8,,0.648354445385857,18.2452798557842,2.46591837712438,2105.91423758379,573606.0
Solomon Islands,SLB,2013,90.3209717756341,8.3,44.7,41.8,,0.660733345099127,15.6478383600355,5.23744704670068,2136.72116177034,594945.0
Solomon Islands,SLB,2014,90.2948195784209,8.3,50.5,45.9,,0.607059723654094,16.8607057072847,1.18945509547778,2085.16067273086,616908.0
Solomon Islands,SLB,2015,90.2686673812076,8.4,55.1,48.6,,0.521726890986292,15.5522182353588,1.67578612030815,2045.47721526649,639415.0
Solomon Islands,SLB,2016,90.242586638085,8.6,58.2,48.7,,0.48854205824762,15.5564744358205,5.55494348257992,2084.24845745225,662379.0
Solomon Islands,SLB,2017,90.2165058949625,8.5,62.9,49.0,,0.425713752348061,17.6021668174714,3.07546176144591,2075.36705302305,685672.0
Solomon Islands,SLB,2018,90.1904251518399,8.5,65.8,48.6,,0.458608858258556,17.6013647441937,2.74585244829055,2061.8996970669,709101.0
Solomon Islands,SLB,2019,90.1643444087174,8.6,69.4,48.4,,0.438510355738608,18.1213540227607,1.74925244485951,2043.09139778307,728147.0
Solomon Islands,SLB,2020,90.1382636655948,8.6,72.9,49.0,,0.413298625382472,17.2452174164661,-3.38125925839405,1930.65510307199,744498.0
Solomon Islands,SLB,2021,90.1121829224723,8.6,76.3,49.1,,0.436144669947587,18.3015469329916,-0.227975292792024,1880.5519827183,762591.0
Solomon Islands,SLB,2022,90.0861021793498,8.6,76.0,50.1,,0.382810159448753,19.3056371651711,-2.58448361755723,1788.61727922057,781066.0
Solomon Islands,SLB,2023,90.0600214362272,8.7,81.3,,,0.374747657827139,21.4812056446758,2.84111851154807,1795.88798697142,800005.0
"Somalia, Fed. Rep.",SOM,2000,11.9791500621672,0.4,2.1,93.3,,0.0707455938438096,,7.11031431133226,233.032393086265,8838713.0
"Somalia, Fed. Rep.",SOM,2001,11.8568081104345,0.4,4.7,93.3,,0.0720444098832276,,7.1103143114281,239.83907408804,9198493.0
"Somalia, Fed. Rep.",SOM,2002,11.7344661587018,0.4,7.4,92.6,,0.0773188616661482,,7.63026729326369,248.636454000766,9550063.0
"Somalia, Fed. Rep.",SOM,2003,11.6121242069691,0.5,9.8,92.8,,0.075929768798698,,7.63026729340694,257.910337235986,9909157.0
"Somalia, Fed. Rep.",SOM,2004,11.4897822552364,0.5,12.4,93.0,,0.0721817084294735,,7.11031431127853,266.257271856641,10280998.0
"Somalia, Fed. Rep.",SOM,2005,11.3674403035037,0.6,15.0,93.3,,0.0708740925128624,,7.11031431132103,275.457040798093,10644228.0
"Somalia, Fed. Rep.",SOM,2006,11.245098351771,0.6,15.2,93.5,,0.0710126971868804,,6.48637073266447,284.470789865234,10975502.0
"Somalia, Fed. Rep.",SOM,2007,11.1227564000383,0.7,20.2,93.0,,0.0697367437921845,,6.69435192557005,294.210404466634,11322582.0
"Somalia, Fed. Rep.",SOM,2008,11.0004144483055,0.8,22.9,93.4,,0.065428663636479,,6.69435192576573,304.741448811117,11663084.0
"Somalia, Fed. Rep.",SOM,2009,10.8780724965728,0.9,25.5,93.6,,0.064842986920795,,6.69435192557317,317.03818481457,11961201.0
"Somalia, Fed. Rep.",SOM,2010,10.7557305448401,1.1,52.3,93.6,,0.0643056345273874,,6.69435192555878,329.970504936941,12261756.0
"Somalia, Fed. Rep.",SOM,2011,10.6333885931074,1.25,52.0,93.7,,0.0638360071358987,,6.69435192565855,349.577449077722,12348830.0
"Somalia, Fed. Rep.",SOM,2012,10.5110466413747,1.4,51.8,93.9,,0.062458069714216,,6.69435192553358,369.617204753385,12461160.0
"Somalia, Fed. Rep.",SOM,2013,10.388704689642,1.6,51.5,94.4,,0.060817769387286,,10.9592986164747,397.108796344858,12869594.0
"Somalia, Fed. Rep.",SOM,2014,10.2663627379093,1.8,51.4,94.6,,0.057963231130783,,8.97800590573206,417.516796906395,13339491.0
"Somalia, Fed. Rep.",SOM,2015,10.1440207861766,2.1,51.2,94.5,,0.0595713916231977,,10.4621881235166,445.583080073396,13806963.0
"Somalia, Fed. Rep.",SOM,2016,10.0216788344438,2.3,51.1,94.8,,0.0583884020478453,,7.03487260042048,458.921476824605,14348740.0
"Somalia, Fed. Rep.",SOM,2017,9.89933688271113,2.6,52.1,94.9,,0.0560917617512643,,14.7357956045282,506.501098879459,14916629.0
"Somalia, Fed. Rep.",SOM,2018,9.77699493097842,3.0,50.7,94.9,,0.0554085565643899,,2.05431507259452,498.981065013872,15452487.0
"Somalia, Fed. Rep.",SOM,2019,9.6546529792457,3.5,49.2,95.0,,0.0528040378839186,,2.80033312513012,494.444039712339,16030971.0
"Somalia, Fed. Rep.",SOM,2020,9.53231102751299,3.7,49.9,95.5,,0.0474200313959524,,-2.76455696202532,462.867053737236,16651191.0
"Somalia, Fed. Rep.",SOM,2021,9.40996907578028,4.3,49.3,95.4,,0.0473151298233482,,3.44719850031242,461.627830725978,17271431.0
"Somalia, Fed. Rep.",SOM,2022,9.28762712404757,4.8,48.9,95.4,,0.0467871485830976,,2.71821202053759,460.046226685196,17801897.0
"Somalia, Fed. Rep.",SOM,2023,9.16528517231485,5.4,50.3,,,0.0462780008186892,,4.17524257571303,464.721069525567,18358615.0
South Africa,ZAF,2000,14.6552110725503,56.7,72.4,16.2,2269.37063464901,7.36397941641679,28.2297555130289,4.20000000067826,4700.87555500704,47159719.0
South Africa,ZAF,2001,14.6252050548599,58.6,70.2,15.0,2180.26593384169,7.51319828115408,28.531613122664,2.70000000019104,4786.482450463,47566800.0
South Africa,ZAF,2002,14.5951990371695,60.7,76.7,13.3,2072.05766349373,7.72131022420827,28.5059160154765,3.70037440406668,4916.81498068625,48019415.0
South Africa,ZAF,2003,14.5651930194792,62.9,78.8,11.8,2300.85052603256,8.11491084558816,26.8928680646111,2.94907546754213,5011.62223150169,48500348.0
South Africa,ZAF,2004,14.5351870017888,65.1,80.6,11.0,2478.00378605228,8.69023374521021,26.3036366679746,4.55455990721774,5187.35683424034,48991421.0
South Africa,ZAF,2005,14.5051809840985,67.4,80.8,9.7,2374.43550245537,8.81501533854301,26.0150792659507,5.27705197295467,5406.07581377638,49490033.0
South Africa,ZAF,2006,14.4751749664081,69.5,80.7,9.3,2397.99082240112,8.81243167639557,24.8591176319147,5.60380645895889,5650.9883176549,49998277.0
South Africa,ZAF,2007,14.4451689487177,71.8,82.0,8.7,2576.78503956652,9.10281000552084,25.2946183090828,5.36047405394162,5891.42069421698,50528584.0
South Africa,ZAF,2008,14.4151629310274,73.9,81.9,9.7,2738.08467369962,9.54569945858325,26.9415561091344,3.1910438863288,6009.71963138635,51114599.0
South Africa,ZAF,2009,14.385156913337,75.8,82.6,9.2,2735.00618529644,8.83353970564321,25.7430761887593,-1.53808913525583,5847.05811084505,51728516.0
South Africa,ZAF,2010,14.3551508956467,77.5,82.8,9.4,2518.44190314477,8.87117430020844,25.3034630993363,3.03973288127956,5953.94506512821,52344051.0
South Africa,ZAF,2011,14.3251448779563,79.2,83.6,9.0,2536.41417638413,8.37758623633968,24.8394911507999,3.16855627858818,6067.12482726885,52995205.0
South Africa,ZAF,2012,14.2951388602659,80.5,85.2,8.3,2394.39798705356,8.57667504044573,24.4686002355753,2.39623238465745,6121.55783860713,53782567.0
South Africa,ZAF,2013,14.2651328425756,81.8,85.2,7.8,2341.17923180198,8.68872722515024,24.5517417673484,2.48546800826588,6170.87670863373,54678791.0
South Africa,ZAF,2014,14.2351268248852,83.0,85.9,7.6,2438.67891656885,8.75262375978144,24.3052820058227,1.41382645223793,6155.00589462516,55594838.0
South Africa,ZAF,2015,14.2051208071948,83.9,85.3,7.6,2257.19467617813,8.14948651738695,23.7323079746326,1.32186223678229,6112.27382485974,56723537.0
South Africa,ZAF,2016,14.1751147895045,85.0,83.9,7.8,2311.76901865151,8.03701551903542,23.7825372977493,0.664552307858116,6095.295060428,57259551.0
South Africa,ZAF,2017,14.1451087718141,85.8,84.4,7.9,2283.45815447669,8.14751418587147,23.6105564955695,1.15794695181735,6125.6920507497,57635162.0
South Africa,ZAF,2018,14.1151027541238,86.6,84.7,8.0,2184.87777550689,8.077016906198,23.5370608392744,1.55678384721676,6117.2701406047,58613001.0
South Africa,ZAF,2019,14.0850967364334,87.3,85.0,8.7,2231.91074710296,8.01412233375962,23.6220152843652,0.25993557687633,6032.82972598668,59587885.0
South Africa,ZAF,2020,14.055090718743,88.1,90.0,9.8,2037.46194166103,7.4445834618028,23.3394384079582,-6.1689177146757,5569.58483319272,60562381.0
South Africa,ZAF,2021,14.0250847010527,88.7,89.3,9.7,2124.62297436572,7.29340675223128,24.9006017482132,4.85864865060148,5750.90937479584,61502603.0
South Africa,ZAF,2022,13.9950786833623,89.2,86.5,,1938.30644693274,6.88263936192025,24.9820287872223,2.05813661692193,5786.86505344736,62378410.0
South Africa,ZAF,2023,13.965072665672,89.8,87.7,,1938.50916018053,6.75922774879049,24.5639655120651,0.80610455095804,5756.55049453121,63212384.0
South Asia,SAS,2000,23.9035229226874,20.6214165645212,56.7664729200241,49.1786444751449,366.024485085178,0.840445927573534,26.7572754388187,4.08685651051928,758.133172484319,1237185482.0
South Asia,SAS,2001,23.9659430306432,21.6461575228923,58.3485213159577,49.1670993642818,365.878495098668,0.84248303400705,26.002471688751,4.57324198890292,778.357238713854,1260149056.0
South Asia,SAS,2002,24.028363138599,22.6667020836102,59.415783976672,47.9380788404799,369.324722598924,0.858782907325217,27.1014548108946,3.77199800153592,793.58779205405,1282584796.0
South Asia,SAS,2003,24.0907832465547,23.8776355504079,62.3411030558805,47.6673480035601,372.380551057126,0.871181374102685,26.9565784299121,7.46572456545647,838.605352931883,1304347790.0
South Asia,SAS,2004,24.1653454753024,24.9146507408273,61.4842830339197,46.9997926724521,386.203065447878,0.922668017944774,28.545866460436,7.54604881614362,887.193101602536,1325950587.0
South Asia,SAS,2005,24.2277969626359,25.8629623691407,65.8536460162923,46.222419891066,395.621422649354,0.948145526727665,28.9493927117665,7.64449221776582,940.169909002488,1346886384.0
South Asia,SAS,2006,24.2902484499693,26.8371577241679,65.9250452204118,45.2453053396588,410.711707987568,0.995096320189838,30.2976473640553,7.89518422976431,999.335555409877,1367187349.0
South Asia,SAS,2007,24.3526999373028,28.1345902872613,69.284881859242,43.5322600697748,428.283370750911,1.0669861786225,30.3632999656029,7.53428173032866,1059.31634791841,1386949456.0
South Asia,SAS,2008,24.4151514246363,29.2820199482298,71.778258866002,41.4480675621599,446.469897653068,1.13013698308629,30.4832372420253,3.48063577458643,1081.2982713599,1406047164.0
South Asia,SAS,2009,24.4776028820997,30.8686638104964,72.9865860973521,39.4741030953443,471.607677019024,1.18911985110956,30.5200919895241,7.38981184100092,1145.46231062146,1425370200.0
South Asia,SAS,2010,24.5400543694332,32.2305554202237,74.0765736340237,38.1566630116378,492.486384151898,1.25337505110238,30.1141518295215,8.19440351757765,1222.51823014544,1444967010.0
South Asia,SAS,2011,24.6214291794971,34.0536415832734,77.3091651585732,36.8092713088936,506.21044725876,1.32102326253336,29.6069218824429,5.45109403202389,1272.07513809819,1464372623.0
South Asia,SAS,2012,24.702803989561,36.2481085810133,78.4195444509049,36.3851888844937,528.985468942484,1.42345841104938,29.0057872674921,5.64515915604163,1326.51107396561,1483553073.0
South Asia,SAS,2013,24.784178799625,39.0901270999806,80.847453203069,36.6107558472827,535.218154134465,1.44411100034295,28.1675334184236,6.23326513040877,1392.20217841536,1501661991.0
South Asia,SAS,2014,24.8655536096889,41.3563103084917,82.8480224291431,35.5096522398152,565.045031303674,1.54152763600895,27.4984024298739,7.24547986692529,1475.2167650201,1519839246.0
South Asia,SAS,2015,24.9530179084678,44.6552505915235,86.5327784624672,34.8834168535168,577.23417802909,1.55694847600644,27.2213156084037,7.68973935167961,1570.54142462917,1537370078.0
South Asia,SAS,2016,25.0320566158766,47.7852760570284,88.3184480403398,34.2074772429003,584.646207250051,1.57119095838883,27.0437625990505,7.96912333627881,1676.35409782334,1555111864.0
South Asia,SAS,2017,25.1112966145979,50.9932969202059,91.3983728307397,33.5888874710393,603.307632026565,1.64190884624992,26.9539492631074,6.78411966003432,1770.26291324586,1572520427.0
South Asia,SAS,2018,25.1907849802839,54.3997607304664,94.8192024055978,33.8834998158718,620.962701769055,1.70023080439477,26.933539766077,6.3936663253368,1863.72112646654,1589164714.0
South Asia,SAS,2019,25.2700222117653,57.7624633701574,95.4698953988653,34.4293579877468,621.296024310812,1.68278388399681,25.4550715858992,4.09454306508007,1920.39706317474,1605412986.0
South Asia,SAS,2020,25.3492968350856,61.253259249948,96.4013617397441,36.8864659122341,591.698831505841,1.54389898307733,25.976390980484,-4.98750173651176,1806.99045389559,1621073417.0
South Asia,SAS,2021,25.4285377097768,64.6274277793323,99.3693129133951,,632.586219671558,1.68776316100057,27.1503504982647,9.24659959728567,1957.51785309013,1634785356.0
South Asia,SAS,2022,25.5077785844679,67.5580327508597,99.0895114731934,,676.416819508078,1.80041151642224,26.3092218083012,7.10115392630797,2079.70096055151,1648009565.0
South Asia,SAS,2023,,70.5783520488242,99.4087889697405,,754.179577921116,1.90900756335612,26.1261014704949,8.50528885307943,2236.80860471582,1662580579.0
South Asia (IDA & IBRD),TSA,2000,23.9035229226874,20.6214165645212,56.7664729200241,49.1786444751449,366.024485085178,0.840445927573534,26.7572754388187,4.08685651051928,758.133172484319,1237185482.0
South Asia (IDA & IBRD),TSA,2001,23.9659430306432,21.6461575228923,58.3485213159577,49.1670993642818,365.878495098668,0.84248303400705,26.002471688751,4.57324198890292,778.357238713854,1260149056.0
South Asia (IDA & IBRD),TSA,2002,24.028363138599,22.6667020836102,59.4157839766721,47.9380788404799,369.324722598924,0.858782907325217,27.1014548108946,3.77199800153592,793.58779205405,1282584796.0
South Asia (IDA & IBRD),TSA,2003,24.0907832465547,23.8776355504079,62.3411030558805,47.6673480035601,372.380551057126,0.871181374102685,26.9565784299121,7.46572456545647,838.605352931883,1304347790.0
South Asia (IDA & IBRD),TSA,2004,24.1653454753024,24.9146507408273,61.4842830339197,46.9997926724521,386.203065447878,0.922668017944774,28.545866460436,7.54604881614362,887.193101602536,1325950587.0
South Asia (IDA & IBRD),TSA,2005,24.2277969626359,25.8629623691407,65.8536460162923,46.222419891066,395.621422649354,0.948145526727665,28.9493927117665,7.64449221776582,940.169909002488,1346886384.0
South Asia (IDA & IBRD),TSA,2006,24.2902484499693,26.8371577241679,65.9250452204118,45.2453053396588,410.711707987568,0.995096320189838,30.2976473640553,7.89518422976431,999.335555409877,1367187349.0
South Asia (IDA & IBRD),TSA,2007,24.3526999373028,28.1345902872613,69.284881859242,43.5322600697748,428.283370750911,1.0669861786225,30.3632999656029,7.53428173032866,1059.31634791841,1386949456.0
South Asia (IDA & IBRD),TSA,2008,24.4151514246363,29.2820199482298,71.778258866002,41.4480675621599,446.469897653068,1.13013698308629,30.4832372420253,3.48063577458643,1081.2982713599,1406047164.0
South Asia (IDA & IBRD),TSA,2009,24.4776028820997,30.8686638104964,72.9865860973521,39.4741030953443,471.607677019024,1.18911985110956,30.5200919895241,7.38981184100092,1145.46231062146,1425370200.0
South Asia (IDA & IBRD),TSA,2010,24.5400543694332,32.2305554202238,74.0765736340237,38.1566630116378,492.486384151898,1.25337505110238,30.1141518295215,8.19440351757765,1222.51823014544,1444967010.0
South Asia (IDA & IBRD),TSA,2011,24.6214291794971,34.0536415832734,77.3091651585732,36.8092713088936,506.21044725876,1.32102326253336,29.6069218824429,5.45109403202389,1272.07513809819,1464372623.0
South Asia (IDA & IBRD),TSA,2012,24.702803989561,36.2481085810133,78.4195444509049,36.3851888844937,528.985468942484,1.42345841104938,29.0057872674921,5.64515915604163,1326.51107396561,1483553073.0
South Asia (IDA & IBRD),TSA,2013,24.784178799625,39.0901270999806,80.8474532030691,36.6107558472827,535.218154134465,1.44411100034295,28.1675334184236,6.23326513040877,1392.20217841536,1501661991.0
South Asia (IDA & IBRD),TSA,2014,24.8655536096889,41.3563103084917,82.8480224291431,35.5096522398152,565.045031303674,1.54152763600895,27.4984024298739,7.24547986692529,1475.2167650201,1519839246.0
South Asia (IDA & IBRD),TSA,2015,24.9530179084678,44.6552505915235,86.5327784624672,34.8834168535168,577.23417802909,1.55694847600644,27.2213156084037,7.68973935167961,1570.54142462917,1537370078.0
South Asia (IDA & IBRD),TSA,2016,25.0320566158766,47.7852760570284,88.3184480403398,34.2074772429003,584.646207250051,1.57119095838883,27.0437625990505,7.96912333627881,1676.35409782334,1555111864.0
South Asia (IDA & IBRD),TSA,2017,25.1112966145979,50.9932969202059,91.3983728307397,33.5888874710393,603.307632026565,1.64190884624992,26.9539492631074,6.78411966003432,1770.26291324586,1572520427.0
South Asia (IDA & IBRD),TSA,2018,25.1907849802839,54.3997607304664,94.8192024055978,33.8834998158718,620.962701769056,1.70023080439477,26.933539766077,6.3936663253368,1863.72112646654,1589164714.0
South Asia (IDA & IBRD),TSA,2019,25.2700222117653,57.7624633701574,95.4698953988653,34.4293579877468,621.296024310812,1.68278388399681,25.4550715858992,4.09454306508007,1920.39706317474,1605412986.0
South Asia (IDA & IBRD),TSA,2020,25.3492968350856,61.253259249948,96.4013617397441,36.8864659122341,591.698831505841,1.54389898307733,25.976390980484,-4.98750173651176,1806.99045389559,1621073417.0
South Asia (IDA & IBRD),TSA,2021,25.4285377097768,64.6274277793323,99.3693129133951,,632.586219671558,1.68776316100057,27.1503504982647,9.24659959728567,1957.51785309013,1634785356.0
South Asia (IDA & IBRD),TSA,2022,25.5077785844679,67.5580327508597,99.0895114731934,,676.416819508078,1.80041151642224,26.3092218083012,7.10115392630797,2079.70096055151,1648009565.0
South Asia (IDA & IBRD),TSA,2023,,70.5783520488242,99.4087889697405,,754.179577921116,1.90900756335612,26.1261014704949,8.50528885307943,2236.80860471582,1662580579.0
South Sudan,SSD,2000,,0.4,,,,,,,,6032267.0
South Sudan,SSD,2001,,0.3,,,,,,,,6308391.0
South Sudan,SSD,2002,,0.3,,,,,,,,6596806.0
South Sudan,SSD,2003,,0.2,,,,,,,,6903127.0
South Sudan,SSD,2004,,0.2,,,,,,,,7233041.0
South Sudan,SSD,2005,,0.1,,,,,,,,7590143.0
South Sudan,SSD,2006,,0.1,,,,,,,,7976526.0
South Sudan,SSD,2007,,0.1,0.8,,,,,,,8388788.0
South Sudan,SSD,2008,,0.0,1.3,,,,59.1868406244764,,2289.18415375563,8817647.0
South Sudan,SSD,2009,,0.0,3.0,,,,59.2778277419938,5.04164187983342,2293.80166888543,9243556.0
South Sudan,SSD,2010,,0.0,1.5,,,,61.1436996609911,5.49341639529945,2295.07026096006,9745953.0
South Sudan,SSD,2011,,0.0,2.8,,,,61.2256432446357,-4.64031673600859,2073.23981819145,10288109.0
South Sudan,SSD,2012,11.3256215087114,0.0,3.3,30.6,59.2749172998602,,51.1502922242999,-46.0821223743007,1069.19619080938,10756240.0
South Sudan,SSD,2013,11.3256215087114,0.0,3.8,30.1,60.5484890514934,,22.2248278451082,13.1297311406943,1165.16202707495,11166275.0
South Sudan,SSD,2014,11.3256215087114,0.0,4.3,29.4,62.1484252216993,,46.6994007328919,3.37364847715736,1197.09491969479,11235073.0
South Sudan,SSD,2015,11.3256215087114,0.0,4.8,27.5,76.3915617802014,,33.0945353993221,-10.7933646271143,1080.14718624765,11107561.0
South Sudan,SSD,2016,11.3256215087114,0.0,5.3,28.7,70.8326893678568,,,,,10830102.0
South Sudan,SSD,2017,11.3256215087114,0.0,4.2,35.1,69.9997248691173,,,,,10259154.0
South Sudan,SSD,2018,11.3256215087114,0.0,6.3,31.5,76.5851681637923,,,,,10122977.0
South Sudan,SSD,2019,11.3256215087114,0.0,6.8,31.4,75.7046918043061,,,,,10423384.0
South Sudan,SSD,2020,11.3256215087114,0.0,7.3,32.8,72.108308743408,,,,,10698467.0
South Sudan,SSD,2021,11.3256215087114,0.0,7.7,32.4,72.6949436429603,,,,,10865780.0
South Sudan,SSD,2022,11.3256215087114,0.0,8.4,,69.0433646121056,,,,,11021177.0
South Sudan,SSD,2023,11.3256215087114,0.0,5.4,,,,,,,11483374.0
Spain,ESP,2000,34.256372745491,100.0,100.0,7.9,2991.49306471374,7.64971752025199,28.0206433600126,5.20064125553942,24106.8818529374,40567864.0
Spain,ESP,2001,34.5805002808313,100.0,100.0,8.9,3048.84384472463,7.60182785916578,27.9885528091555,3.91908880808811,24878.3784543991,40850412.0
Spain,ESP,2002,34.8353077909586,100.0,100.0,7.4,3095.99686843763,7.93091826283723,27.7644102520327,2.75545611564098,25205.3154769045,41431558.0
Spain,ESP,2003,35.114186414535,100.0,100.0,8.9,3145.4023925367,7.96364196200096,27.4144338425007,2.9392895953076,25481.1653690112,42187645.0
Spain,ESP,2004,35.4070555711367,100.0,100.0,8.0,3226.28942874321,8.21253115688392,26.9674522329282,3.1145314799161,25825.3106463315,42921895.0
Spain,ESP,2005,35.7042517381635,100.0,100.0,7.3,3239.54436471806,8.42628442319919,27.1317779343664,3.5512255846125,26294.447384391,43653155.0
Spain,ESP,2006,36.002998116157,100.0,100.0,8.5,3190.72627710892,8.07106843546116,26.8985528012609,4.04343515605099,26899.0921497113,44397319.0
Spain,ESP,2007,36.2844202680772,100.0,100.0,9.0,3168.95970956596,8.21432370534791,26.2669355504802,3.53350013165972,27338.79541774,45226803.0
Spain,ESP,2008,36.5979510825982,100.0,100.0,9.7,3015.00798974738,7.40131034210523,26.1869489550822,0.767165748290694,27112.526293889,45954106.0
Spain,ESP,2009,36.8992880920868,100.0,100.0,12.2,2749.85548907362,6.47936608687463,24.7821508122163,-3.76813306940053,25860.8142592652,46362946.0
Spain,ESP,2010,37.089938201236,100.0,100.0,14.4,2735.18257337486,6.17799635729276,22.985948966945,0.0941223116369514,25766.2515825743,46576897.0
Spain,ESP,2011,37.1019204609106,100.0,100.0,14.7,2684.34318918947,6.19393014485236,21.8871702738867,-0.639920636520344,25510.5579678829,46742697.0
Spain,ESP,2012,37.0797784930329,100.0,100.0,15.8,2677.18038552382,6.09265740713323,20.7992748782776,-2.86511368637748,24763.568274484,46773055.0
Spain,ESP,2013,37.0821135123248,100.0,100.0,16.9,2506.25540520067,5.5007234648845,20.0279432010078,-1.42732224757626,24498.5559507945,46604197.0
Spain,ESP,2014,37.0844485316167,100.0,100.0,17.3,2458.57177736167,5.49369292128904,19.8695989889783,1.52048593647231,24947.8512505913,46460733.0
Spain,ESP,2015,37.1275324670126,100.0,100.0,16.3,2552.40125248088,5.84933711711804,19.9230622051822,4.06086672473866,25982.4416197775,46422303.0
Spain,ESP,2016,37.142868581403,100.0,100.0,16.7,2563.00704379932,5.66204126256542,19.7937250159622,2.91515598595787,26719.2442268615,46458139.0
Spain,ESP,2017,37.1522339173654,100.0,100.0,15.2,2690.49733287835,5.97761510797052,19.9047199031815,2.89604207865007,27426.281015093,46571232.0
Spain,ESP,2018,37.1566467814769,100.0,100.0,16.9,2666.26079715432,5.80969253331158,19.7385743840512,2.39541124478878,27956.7225466484,46782011.0
Spain,ESP,2019,37.1677215644695,100.0,100.0,16.7,2573.90442450746,5.3981216422823,19.9779055762497,1.96117850841711,28301.4393949563,47118501.0
Spain,ESP,2020,37.1773054885498,100.0,100.0,19.3,2303.51311623486,4.52823497177668,20.1193927811735,-10.9400706350371,25077.019882928,47359424.0
Spain,ESP,2021,37.1727521093233,100.0,100.0,19.0,2422.46704705393,4.91513320564969,20.3165748530524,6.68314420473001,26705.3629138959,47443821.0
Spain,ESP,2022,37.1827922798055,100.0,100.0,,2408.92811488939,4.99422196018416,21.2234793725829,6.37031712129601,28203.1093419474,47786102.0
Spain,ESP,2023,37.1925889548355,100.0,100.0,,2293.70814634203,4.57046216901007,19.9575232630573,2.46085796805582,28558.6319817501,48352528.0
Sri Lanka,LKA,2000,34.546643278584,16.4,70.3,64.2,431.62116957475,0.594343435725624,27.3180767964657,6.00003315828934,1956.93310381072,19293054.0
Sri Lanka,LKA,2001,34.4464997608037,17.3,63.6,62.9,410.71839857146,0.58030560864131,26.8205944160785,-1.54540813366026,1896.48251734068,19600362.0
Sri Lanka,LKA,2002,34.3463562430234,17.8,80.7,62.1,413.944440993586,0.600769917749147,28.0106134516732,3.96467568513113,1951.22522777045,19805752.0
Sri Lanka,LKA,2003,34.2462127252432,18.5,75.0,61.3,435.190736130853,0.644522289804371,28.4245704176973,5.9402690780223,2052.03045078787,19951521.0
Sri Lanka,LKA,2004,34.1460692074629,18.9,76.5,61.6,438.022357631525,0.661039481809803,28.6181015199147,5.44506127885352,2149.10628588002,20087605.0
Sri Lanka,LKA,2005,34.0459256896827,19.5,78.1,60.1,445.253637299827,0.713777502007764,30.1880884644457,6.24174804376447,2268.6880127005,20216524.0
Sri Lanka,LKA,2006,33.9457821719024,19.9,82.1,62.2,446.303743469172,0.648296656351918,30.6422951801489,7.66829190107919,2426.34873273046,20352411.0
Sri Lanka,LKA,2007,33.8456386541221,20.2,80.0,60.2,451.932624363217,0.689226252766555,29.9198197775274,6.79682611892866,2573.54362192705,20492545.0
Sri Lanka,LKA,2008,33.7454951363419,20.5,82.9,61.6,437.179899601695,0.64492492211835,29.3711947494741,5.95008814473897,2708.58594222506,20629378.0
Sri Lanka,LKA,2009,33.6453516185616,21.1,87.1,63.5,441.000672616531,0.615577771423657,29.6714387318411,3.53891205317842,2787.27350976338,20756435.0
Sri Lanka,LKA,2010,33.5452081007814,22.0,85.3,61.9,467.291270770327,0.647461199097336,27.7831982984661,8.01596737055139,2993.01411511147,20879089.0
Sri Lanka,LKA,2011,33.625578057726,22.7,87.8,56.4,472.004070198765,0.757197565544141,29.0731497643121,8.6694830119314,3232.37350382301,21009048.0
Sri Lanka,LKA,2012,33.7059480146707,23.4,87.0,52.9,481.924833084376,0.845279080834285,30.9698538096371,8.63218137662685,3484.79049033884,21169458.0
Sri Lanka,LKA,2013,33.7863179716154,24.2,90.2,56.9,456.565215233171,0.720767549186301,30.7956807273264,4.05174633027869,3728.93586647848,20585000.0
Sri Lanka,LKA,2014,33.86668792856,25.4,92.7,54.2,485.842992855467,0.860549619790163,30.5178954294297,6.3779788972687,3929.92062032185,20778000.0
Sri Lanka,LKA,2015,34.3951658507424,26.3,94.3,51.3,501.472734960701,0.939966618979494,29.5354178735039,4.20595547449241,4057.7158346231,20970000.0
Sri Lanka,LKA,2016,34.3441099962839,27.4,97.5,45.1,542.532333545075,1.10736008298364,30.4827177292135,5.05362488994436,4214.74117992085,21209000.0
Sri Lanka,LKA,2017,34.2930541418254,28.6,97.5,45.8,514.191694784091,1.09125530228872,31.1282786464433,6.46068127065753,4436.00789945768,21453000.0
Sri Lanka,LKA,2018,34.2580499159447,30.0,99.6,47.9,508.499276672792,1.01443931702815,30.0568195254141,2.31008425545845,4493.03575444544,21670000.0
Sri Lanka,LKA,2019,34.2067102490331,31.0,99.8,46.1,523.423393496303,1.09952758794661,29.1910098710383,-0.220483886831275,4455.78189608267,21803000.0
Sri Lanka,LKA,2020,34.1580989330747,32.1,100.0,49.3,511.066363818929,1.03172589990419,28.235832875126,-4.62451503749502,4227.23315306594,21919000.0
Sri Lanka,LKA,2021,34.1070158422244,33.2,100.0,48.8,527.11680981294,1.02995125473912,29.9540097663376,4.2074764951157,4357.97225779491,22156000.0
Sri Lanka,LKA,2022,34.0559327513741,34.2,100.0,,473.920825625094,0.937608764257698,29.8058315790625,-7.34919301306745,4033.14561476298,22181000.0
Sri Lanka,LKA,2023,34.0048496605238,35.4,100.0,,,0.979275763488678,25.7826769471156,-2.3298481898334,3964.91987394354,22037000.0
St. Kitts and Nevis,KNA,2000,42.3076923076923,100.0,95.4,26.4,,1.09839108910891,26.842734561823,10.042808415173,14039.0281125333,45248.0
St. Kitts and Nevis,KNA,2001,42.3076923076923,100.0,93.5,26.0,,1.11011560062062,30.5650311211705,5.25344983010886,14610.9099610508,45761.0
St. Kitts and Nevis,KNA,2002,42.3076923076923,100.0,95.8,24.3,,1.26032159930465,28.6195389986205,1.36771507253633,14727.3908829316,46020.0
St. Kitts and Nevis,KNA,2003,42.3076923076923,100.0,96.0,26.3,,1.30587318087318,24.3502343417128,-3.93339486032939,14100.3067967234,46176.0
St. Kitts and Nevis,KNA,2004,42.3076923076923,100.0,96.3,22.0,1640.93706142718,1.41206952391234,22.7029949657687,3.99634666125431,14619.795111247,46315.0
St. Kitts and Nevis,KNA,2005,42.3076923076923,100.0,96.5,25.3,1701.22962292999,1.30930077309042,22.2498223290128,9.73282070298016,16000.5658929826,46437.0
St. Kitts and Nevis,KNA,2006,42.3076923076923,100.0,96.7,0.0,1696.40748137173,1.48811441087419,23.1516391558233,3.15038119968223,16457.8622372067,46569.0
St. Kitts and Nevis,KNA,2007,42.3076923076923,100.0,97.0,0.0,1777.07360938637,1.63790519419347,23.2344833885883,0.600602326543751,16508.1437081315,46706.0
St. Kitts and Nevis,KNA,2008,42.3076923076923,100.0,97.3,0.0,,1.71666488737056,21.9404982450459,11.3170358267109,18325.7612670282,46835.0
St. Kitts and Nevis,KNA,2009,42.3076923076923,100.0,97.6,0.0,,1.92897945263876,23.2274914615363,-3.40474015376245,17671.2547069735,46916.0
St. Kitts and Nevis,KNA,2010,42.3076923076923,100.0,99.8,1.0,,2.10690347094736,22.5446364872963,-0.0541942065330545,17688.0690103409,46846.0
St. Kitts and Nevis,KNA,2011,42.3076923076923,100.0,100.0,0.9,,1.65934394062193,20.9395556933708,1.61660730423688,17958.6813977053,46886.0
St. Kitts and Nevis,KNA,2012,42.3076923076923,100.0,100.0,1.3,,1.69668105372823,18.6845911299958,-0.737636737448398,17770.4963640576,47033.0
St. Kitts and Nevis,KNA,2013,42.3076923076923,100.0,100.0,1.4,,1.93333191697295,19.7121899986448,5.72728087234704,18773.8926898397,47069.0
St. Kitts and Nevis,KNA,2014,42.3076923076923,100.0,100.0,1.6,,2.06629998513453,21.3786128291905,7.57696602328922,20187.8061975481,47089.0
St. Kitts and Nevis,KNA,2015,42.3076923076923,100.0,100.0,1.6,,2.16407925754455,22.7382472431805,0.694135527876625,20328.8003530109,47087.0
St. Kitts and Nevis,KNA,2016,42.3076923076923,100.0,100.0,1.7,,2.36856080722252,24.5143300679441,3.93270319273282,21133.6575914414,47075.0
St. Kitts and Nevis,KNA,2017,42.3076923076923,100.0,100.0,1.3,,2.21041445270988,26.2859866005102,0.220941147299996,21191.6047083703,47050.0
St. Kitts and Nevis,KNA,2018,42.3076923076923,100.0,100.0,1.3,,2.36342750170184,24.5506901344489,2.00352549800972,21635.4972146482,47008.0
St. Kitts and Nevis,KNA,2019,42.3076923076923,100.0,100.0,1.3,,2.77304481172261,25.3018009434309,2.93824658056356,22297.7644995701,46952.0
St. Kitts and Nevis,KNA,2020,42.3076923076923,100.0,100.0,1.6,,2.55173885214423,23.1359387242886,-15.3018891740649,18918.8263456611,46870.0
St. Kitts and Nevis,KNA,2021,42.3076923076923,100.0,100.0,1.6,,2.48487051728931,22.5775143640975,0.367606879216311,19031.8211910603,46763.0
St. Kitts and Nevis,KNA,2022,42.3076923076923,100.0,100.0,1.5,,2.78533045023443,21.7505830496705,10.4804941546807,21050.758653729,46709.0
St. Kitts and Nevis,KNA,2023,42.3076923076923,100.0,100.0,,,2.7909662517644,21.3250720986857,3.02127526129283,21664.0333984701,46758.0
St. Lucia,LCA,2000,34.4426229508197,84.9,86.0,24.0,,0.610278912593938,,0.0487485535201131,9198.93894352203,158616.0
St. Lucia,LCA,2001,34.4032786885246,86.5,89.9,22.2,,0.646542309204491,,-3.40806396189404,8795.54582090658,160237.0
St. Lucia,LCA,2002,34.3639344262295,88.1,87.7,21.7,,0.603188547460112,,0.416450493043214,8755.45939353129,161641.0
St. Lucia,LCA,2003,34.3245901639344,89.7,88.5,20.0,,0.696421559002553,,4.26461148738223,9054.06778374517,162976.0
St. Lucia,LCA,2004,34.2852459016393,91.0,89.3,18.4,730.642539226371,0.669755660957507,,7.2674088699471,9637.37801390276,164239.0
St. Lucia,LCA,2005,34.2459016393443,92.2,90.1,18.4,743.427017225748,0.697491689332124,,-0.410304726290235,9527.58469430542,165450.0
St. Lucia,LCA,2006,34.2065573770492,93.1,90.9,16.9,714.118543678251,0.768127509166522,15.5718308786508,6.19525729141048,10045.6504032593,166639.0
St. Lucia,LCA,2007,34.1672131147541,94.0,91.8,16.3,763.003850785059,0.824997913661346,13.33867026693,1.69161857433913,10147.4432459936,167758.0
St. Lucia,LCA,2008,34.127868852459,94.7,92.7,15.5,,0.886213923510734,12.9331554810898,4.94932194028057,10583.4310172598,168808.0
St. Lucia,LCA,2009,34.0885245901639,95.1,93.5,15.1,,0.949555245512719,13.1941065698207,-2.82889954830628,10219.8024011561,169869.0
St. Lucia,LCA,2010,34.0491803278688,95.4,94.2,13.2,,1.06666822697857,11.6993633883331,0.330018546071486,10191.3146827694,170906.0
St. Lucia,LCA,2011,34.0491803278688,95.6,95.4,12.9,,0.821881129911933,11.0709394039579,4.32694280532142,10576.8979743596,171801.0
St. Lucia,LCA,2012,34.0491803278688,95.8,95.3,12.4,,0.845370740554039,10.8823311302478,-0.108756148262358,10517.2777635533,172587.0
St. Lucia,LCA,2013,34.0491803278688,95.7,97.2,12.1,,0.96153291534242,10.2372040525891,-1.81877603735991,10279.4155096001,173369.0
St. Lucia,LCA,2014,34.0491803278688,95.5,98.1,11.7,,1.02102929860226,9.9830608960786,1.32809022110105,10369.9382566513,174138.0
St. Lucia,LCA,2015,34.0491803278688,95.4,99.0,11.5,,1.04285183385266,10.8633516574705,0.101917836412952,10334.9860823918,174905.0
St. Lucia,LCA,2016,34.0491803278688,95.1,99.8,11.2,,1.11815811347825,10.9907295637127,3.42787214525211,10644.1612913407,175646.0
St. Lucia,LCA,2017,34.0491803278688,94.6,99.9,10.2,,1.11317780222522,10.8835128503547,3.37982617272246,10960.4843512477,176342.0
St. Lucia,LCA,2018,34.0491803278688,94.3,100.0,10.2,,1.46426614392968,9.85698830819217,2.88677902171601,11233.8883578457,177017.0
St. Lucia,LCA,2019,34.0491803278688,94.0,100.0,10.0,,1.65877710921361,9.04474293097749,-0.700322396299441,11114.7785940338,177661.0
St. Lucia,LCA,2020,34.0491803278688,93.5,100.0,10.0,,1.55736325385694,12.6673649469867,-24.3614732129122,8379.27495097388,178250.0
St. Lucia,LCA,2021,34.0491803278688,93.0,100.0,9.7,,1.58075755369086,11.2859523148332,11.598783583643,9336.92127417129,178522.0
St. Lucia,LCA,2022,34.0491803278688,92.7,100.0,9.7,,1.65621626459187,8.86594059124188,20.3884431828414,11224.2899455738,178781.0
St. Lucia,LCA,2023,34.0491803278688,92.1,100.0,,,1.65658030510082,9.68490196526682,2.20988276526516,11440.0829538276,179285.0
St. Martin (French part),MAF,2000,,,100.0,,,,,,,29996.0
St. Martin (French part),MAF,2001,,,99.9,,,,,,,30803.0
St. Martin (French part),MAF,2002,,,99.9,,,,,,,31604.0
St. Martin (French part),MAF,2003,,,99.8,,,,,,,32395.0
St. Martin (French part),MAF,2004,,,99.8,,,,,,,33171.0
St. Martin (French part),MAF,2005,,,99.7,,,,,,,33928.0
St. Martin (French part),MAF,2006,,,99.7,,,,,,,34658.0
St. Martin (French part),MAF,2007,,,99.7,,,,,,,35337.0
St. Martin (French part),MAF,2008,,,99.7,,,,,,,35958.0
St. Martin (French part),MAF,2009,,,99.7,,,,,,,36502.0
St. Martin (French part),MAF,2010,,,100.0,,,,,,,36856.0
St. Martin (French part),MAF,2011,24.8,,100.0,,,,,,,37069.0
St. Martin (French part),MAF,2012,24.8,,100.0,,,,,,,37276.0
St. Martin (French part),MAF,2013,24.8,,100.0,,,,,,,37419.0
St. Martin (French part),MAF,2014,24.8,,100.0,,,,,,,37450.0
St. Martin (French part),MAF,2015,24.8,,100.0,,,,,1.0,,37369.0
St. Martin (French part),MAF,2016,24.8,,100.0,,,,,5.0,,37175.0
St. Martin (French part),MAF,2017,24.8,,100.0,,,,,-8.00000324038295,,36837.0
St. Martin (French part),MAF,2018,24.8,,100.0,,,,,-7.99999506898229,,36012.0
St. Martin (French part),MAF,2019,24.8,,100.0,,,,,6.50000363700821,,34267.0
St. Martin (French part),MAF,2020,24.8,,100.0,,,,,-12.500002246731,,31786.0
St. Martin (French part),MAF,2021,24.8,,100.0,,,,,4.89999967133534,,29961.0
St. Martin (French part),MAF,2022,24.8,,100.0,,,,,,,28870.0
St. Martin (French part),MAF,2023,24.8,,100.0,,,,,,,27515.0
St. Vincent and the Grenadines,VCT,2000,73.1794871794872,96.0,80.0,8.5,,0.369016689418292,16.6518139228873,1.63903190394467,5067.96739467376,113545.0
St. Vincent and the Grenadines,VCT,2001,73.1794871794872,96.1,82.4,6.2,,0.4273090104933,16.2047821116351,1.74823102028898,5158.56617678847,113501.0
St. Vincent and the Grenadines,VCT,2002,73.1794871794872,96.0,82.4,6.1,,0.490529083257607,15.3325637846608,5.34212707436718,5441.52648867536,113347.0
St. Vincent and the Grenadines,VCT,2003,73.1794871794872,95.8,83.7,5.6,,0.531195587806365,15.7103068403561,6.69133665352797,5816.20788359407,113141.0
St. Vincent and the Grenadines,VCT,2004,73.1794871794872,95.9,84.9,5.9,584.924890326583,0.569858643151504,16.1819535599222,4.11469880444737,6071.94945269221,112835.0
St. Vincent and the Grenadines,VCT,2005,73.1794871794872,95.8,86.2,5.8,595.820364606492,0.589595375722543,15.803460598478,2.48855733938132,6244.35953746008,112450.0
St. Vincent and the Grenadines,VCT,2006,73.1794871794872,95.9,87.5,5.3,624.921884764404,0.652596996803971,15.9185016274684,6.99692626758825,6707.27875985734,112014.0
St. Vincent and the Grenadines,VCT,2007,73.1794871794872,95.7,88.8,4.7,627.628193058432,0.701150352816706,17.5789207618579,3.3229685982929,6960.17151500732,111531.0
St. Vincent and the Grenadines,VCT,2008,73.1794871794872,95.7,90.1,5.3,,0.73404906870339,15.7098142403655,0.404640808638888,7019.9950843874,111028.0
St. Vincent and the Grenadines,VCT,2009,73.1794871794872,95.6,91.4,4.1,,1.12299562022659,15.8660687716811,-1.3781936056056,6955.82358345268,110508.0
St. Vincent and the Grenadines,VCT,2010,73.1794871794872,95.5,92.7,5.1,,0.882146982056949,15.903054750972,-4.47046793507802,6678.04200697308,109959.0
St. Vincent and the Grenadines,VCT,2011,73.1794871794872,95.3,94.1,6.1,,0.631007142269248,15.1351236077184,-0.60627665148327,6674.58198966102,109349.0
St. Vincent and the Grenadines,VCT,2012,73.1794871794872,95.1,95.4,5.0,,0.80562095350206,14.5760767657253,1.16911218376478,6790.68325958275,108736.0
St. Vincent and the Grenadines,VCT,2013,73.1794871794872,94.8,96.8,5.4,,0.762935219864059,14.7069261247007,2.4624841721544,6996.57386151332,108135.0
St. Vincent and the Grenadines,VCT,2014,73.1794871794872,94.5,98.1,3.3,,0.857395266657367,14.1124131006087,1.1457271877622,7116.22071347207,107535.0
St. Vincent and the Grenadines,VCT,2015,73.1794871794872,94.1,99.4,4.3,,0.889117427075542,14.9489099213637,2.78509791763551,7353.73556054184,106960.0
St. Vincent and the Grenadines,VCT,2016,73.1794871794872,93.9,99.7,4.1,,0.951583935909129,14.3822033821215,4.1496810046981,7702.8942635647,106349.0
St. Vincent and the Grenadines,VCT,2017,73.1794871794872,93.3,100.0,5.3,,1.03252794261,14.6706100723592,1.54810173239956,7872.92690537077,105663.0
St. Vincent and the Grenadines,VCT,2018,73.1794871794872,92.7,100.0,4.9,,1.05026399557784,14.5575849461195,3.1756114423991,8179.99598957084,104926.0
St. Vincent and the Grenadines,VCT,2019,73.1794871794872,92.4,100.0,5.4,,1.11839642113145,13.69401619005,0.668428481084234,8294.67434486665,104167.0
St. Vincent and the Grenadines,VCT,2020,73.1794871794872,91.9,100.0,5.2,,1.19583486273979,12.5582072800332,-4.26892434422649,7989.74651933597,103526.0
St. Vincent and the Grenadines,VCT,2021,73.1794871794872,90.8,100.0,5.0,,1.14156805165255,12.8730573511209,2.09340124465459,8211.33588012942,102841.0
St. Vincent and the Grenadines,VCT,2022,73.1794871794872,90.4,100.0,5.1,,1.24551672775023,14.6172883881669,3.1108330034352,8532.7381341339,102046.0
St. Vincent and the Grenadines,VCT,2023,73.1794871794872,89.5,100.0,,,1.25835200300031,14.7472919199735,5.32636472098717,9051.35208011007,101323.0
Sub-Saharan Africa,SSF,2000,31.6482351838446,8.77672225610676,25.700773726639,72.6431059468747,498.737294190482,0.84661674089152,29.1619206313515,3.43711873083772,1197.83286103765,681125107.0
Sub-Saharan Africa,SSF,2001,31.4937298221195,9.05328026171267,26.1606628026781,72.5205626381098,491.383928601479,0.854305813328918,27.9133586865806,4.21364598817749,1215.36013800713,699588585.0
Sub-Saharan Africa,SSF,2002,31.3392244603943,9.34046847629111,27.3364835483685,72.0035422141919,482.272048970017,0.83711038953283,26.4422296644346,6.393564578305,1258.74653507283,718662153.0
Sub-Saharan Africa,SSF,2003,31.1847190986692,9.64097612882848,29.5928962069565,71.3143236451567,498.023709129673,0.864003916452106,26.8226237028024,4.12069952524881,1275.72710309586,738316131.0
Sub-Saharan Africa,SSF,2004,30.8146703476643,9.94759988815126,29.3700290990252,70.8052521152658,507.796879537306,0.888196758824271,27.6444729427631,6.68446006184369,1324.51853793772,758653144.0
Sub-Saharan Africa,SSF,2005,30.6611734248676,10.2604937496415,29.3529629714108,70.5237330831511,501.971949694251,0.884953180129645,28.4588257846901,6.00947416911313,1366.27424482585,779665113.0
Sub-Saharan Africa,SSF,2006,30.507752879415,10.5853331349365,31.2016431937494,70.6146202545352,500.462860196032,0.863726563159888,28.0008575211178,6.04939293975086,1409.85883394612,801269368.0
Sub-Saharan Africa,SSF,2007,30.3542549230811,10.9579693929835,32.517987745478,70.1100750427751,505.211164070733,0.862938577706943,28.323511997872,6.15845441455012,1456.1661697907,823564883.0
Sub-Saharan Africa,SSF,2008,30.2008770643511,11.3563377699721,32.4033521062592,69.9762964238958,519.346782423372,0.88730018578445,29.4319661475733,5.19915700484026,1490.09370157274,846656872.0
Sub-Saharan Africa,SSF,2009,30.0473997526092,11.730801652049,32.6264486462032,70.0369831155563,515.141457933699,0.823625505673105,25.8321973548858,3.14754867102099,1495.15888390986,870347292.0
Sub-Saharan Africa,SSF,2010,29.8930068151004,12.1401340454783,33.3352475874151,70.5522525849335,511.939011907588,0.838977545269412,27.3283387816626,6.05119087977121,1542.53215408965,894666657.0
Sub-Saharan Africa,SSF,2011,29.7178013036573,12.587901123864,35.9008197096736,69.9549214765695,525.575188815204,0.820806262423885,29.3253321263105,4.45162930662147,1567.63762624075,919528126.0
Sub-Saharan Africa,SSF,2012,27.57710915546,13.0742788947517,36.7762778723704,68.9684304535012,509.924476424412,0.823718700789852,29.0179369359296,3.33566308216501,1576.31411158834,944970310.0
Sub-Saharan Africa,SSF,2013,27.4132997633855,13.5832686273296,38.0320042025018,67.8510971013982,512.634106825431,0.844573776254911,28.2494675496847,5.12180100852351,1612.24237571721,971232906.0
Sub-Saharan Africa,SSF,2014,27.2495001757993,14.2093179418386,38.3544769303453,67.6303707658131,516.528105710898,0.855375586326418,27.2529583979748,4.72930309699868,1643.26781016129,997961037.0
Sub-Saharan Africa,SSF,2015,27.0855859117164,14.9172432601717,39.1996500160838,68.0255515815612,502.121177358474,0.821698661432007,24.0845054213634,2.93349224419013,1646.44941139316,1025251114.0
Sub-Saharan Africa,SSF,2016,26.91752301122,15.7000199184262,43.8301651403807,67.9625238161754,503.917362994577,0.814333926872876,23.2720012370008,1.23789307986233,1623.17708645872,1052824144.0
Sub-Saharan Africa,SSF,2017,26.7529231075334,16.5879074721228,43.7628194566177,67.8175544668556,493.635681711509,0.797707355433522,24.9900049159572,2.50364867338814,1620.53648783766,1080941647.0
Sub-Saharan Africa,SSF,2018,26.5884254981686,17.6023274833175,46.4166752425457,67.6660713231228,483.282695160297,0.796189183204302,26.4005791467245,2.79599960832644,1622.24137160361,1109997000.0
Sub-Saharan Africa,SSF,2019,26.41966461613,18.7348388997508,47.1974168154517,68.1693850218034,491.374235856498,0.792370673709498,24.6825416417323,2.60045190740452,1621.5953888781,1139315618.0
Sub-Saharan Africa,SSF,2020,26.252615602291,19.8295773531226,48.5450389491045,70.2701133853785,476.959293920172,0.734004432071765,23.1451882109321,-3.23642852363861,1529.24894566347,1169015451.0
Sub-Saharan Africa,SSF,2021,26.0844102587115,20.8972425001111,50.6566448640617,,490.243443027609,0.746695685319082,24.0158267444545,3.65270461847631,1545.45220046021,1199011925.0
Sub-Saharan Africa,SSF,2022,25.9169457949267,21.9077839844353,51.5873775845363,,480.247369181107,0.720694535900452,24.8176549407583,4.06140756050381,1568.7119148255,1229208573.0
Sub-Saharan Africa,SSF,2023,,22.7531963369271,53.2558710664349,,,0.697699700134152,24.9807752766816,2.7159883966887,1572.0784357913,1259889959.0
Sub-Saharan Africa (IDA & IBRD countries),TSS,2000,31.6482351838446,8.77672225610676,25.700773726639,72.6431059468747,498.737294190481,0.84661674089152,29.1619206313515,3.43711873083772,1197.83286103765,681125107.0
Sub-Saharan Africa (IDA & IBRD countries),TSS,2001,31.4937298221195,9.05328026171267,26.1606628026781,72.5205626381098,491.383928601479,0.854305813328918,27.9133586865806,4.21364598817746,1215.36013800713,699588585.0
Sub-Saharan Africa (IDA & IBRD countries),TSS,2002,31.3392244603943,9.34046847629111,27.3364835483685,72.0035422141919,482.272048970016,0.83711038953283,26.4422296644346,6.39356457830505,1258.74653507283,718662153.0
Sub-Saharan Africa (IDA & IBRD countries),TSS,2003,31.1847190986692,9.64097612882848,29.5928962069565,71.3143236451567,498.023709129673,0.864003916452106,26.8226237028024,4.12069952524877,1275.72710309586,738316131.0
Sub-Saharan Africa (IDA & IBRD countries),TSS,2004,30.8146703476643,9.94759988815126,29.3700290990251,70.8052521152658,507.796879537306,0.888196758824271,27.6444729427631,6.68446006184374,1324.51853793772,758653144.0
Sub-Saharan Africa (IDA & IBRD countries),TSS,2005,30.6611734248676,10.2604937496415,29.3529629714108,70.5237330831511,501.971949694251,0.884953180129645,28.4588257846901,6.00947416911313,1366.27424482585,779665113.0
Sub-Saharan Africa (IDA & IBRD countries),TSS,2006,30.507752879415,10.5853331349365,31.2016431937494,70.6146202545352,500.462860196033,0.863726563159888,28.0008575211178,6.04939293975077,1409.85883394612,801269368.0
Sub-Saharan Africa (IDA & IBRD countries),TSS,2007,30.3542549230811,10.9579693929835,32.517987745478,70.1100750427751,505.211164070733,0.862938577706943,28.323511997872,6.15845441455019,1456.1661697907,823564883.0
Sub-Saharan Africa (IDA & IBRD countries),TSS,2008,30.2008770643511,11.3563377699721,32.4033521062592,69.9762964238958,519.346782423372,0.88730018578445,29.4319661475733,5.19915700484026,1490.09370157274,846656872.0
Sub-Saharan Africa (IDA & IBRD countries),TSS,2009,30.0473997526092,11.730801652049,32.6264486462032,70.0369831155563,515.141457933699,0.823625505673105,25.8321973548858,3.14754867102099,1495.15888390986,870347292.0
Sub-Saharan Africa (IDA & IBRD countries),TSS,2010,29.8930068151004,12.1401340454783,33.3352475874151,70.5522525849335,511.939011907588,0.838977545269412,27.3283387816626,6.05119087977124,1542.53215408965,894666657.0
Sub-Saharan Africa (IDA & IBRD countries),TSS,2011,29.7178013036573,12.587901123864,35.9008197096736,69.9549214765695,525.575188815204,0.820806262423885,29.3253321263105,4.45162930662151,1567.63762624075,919528126.0
Sub-Saharan Africa (IDA & IBRD countries),TSS,2012,27.57710915546,13.0742788947517,36.7762778723704,68.9684304535012,509.924476424412,0.823718700789852,29.0179369359296,3.33566308216497,1576.31411158834,944970310.0
Sub-Saharan Africa (IDA & IBRD countries),TSS,2013,27.4132997633855,13.5832686273296,38.0320042025018,67.8510971013982,512.634106825431,0.844573776254911,28.2494675496847,5.12180100852353,1612.24237571721,971232906.0
Sub-Saharan Africa (IDA & IBRD countries),TSS,2014,27.2495001757993,14.2093179418386,38.3544769303453,67.6303707658131,516.528105710898,0.855375586326418,27.2529583979748,4.72930309699868,1643.26781016129,997961037.0
Sub-Saharan Africa (IDA & IBRD countries),TSS,2015,27.0855859117164,14.9172432601717,39.1996500160838,68.0255515815612,502.121177358474,0.821698661432007,24.0845054213634,2.93349224419011,1646.44941139316,1025251114.0
Sub-Saharan Africa (IDA & IBRD countries),TSS,2016,26.91752301122,15.7000199184262,43.8301651403807,67.9625238161754,503.917362994577,0.814333926872875,23.2720012370008,1.23789307986235,1623.17708645872,1052824144.0
Sub-Saharan Africa (IDA & IBRD countries),TSS,2017,26.7529231075334,16.5879074721228,43.7628194566177,67.8175544668556,493.635681711509,0.797707355433522,24.9900049159572,2.50364867338814,1620.53648783766,1080941647.0
Sub-Saharan Africa (IDA & IBRD countries),TSS,2018,26.5884254981686,17.6023274833175,46.4166752425457,67.6660713231228,483.282695160297,0.796189183204302,26.4005791467245,2.79599960832637,1622.24137160361,1109997000.0
Sub-Saharan Africa (IDA & IBRD countries),TSS,2019,26.41966461613,18.7348388997508,47.1974168154517,68.1693850218034,491.374235856498,0.792370673709498,24.6825416417323,2.60045190740459,1621.5953888781,1139315618.0
Sub-Saharan Africa (IDA & IBRD countries),TSS,2020,26.252615602291,19.8295773531226,48.5450389491045,70.2701133853785,476.959293920172,0.734004432071765,23.1451882109321,-3.23642852363861,1529.24894566347,1169015451.0
Sub-Saharan Africa (IDA & IBRD countries),TSS,2021,26.0844102587115,20.8972425001111,50.6566448640617,,490.243443027609,0.746695685319082,24.0158267444545,3.65270461847631,1545.45220046021,1199011925.0
Sub-Saharan Africa (IDA & IBRD countries),TSS,2022,25.9169457949267,21.9077839844353,51.5873775845363,,480.247369181107,0.720694535900452,24.8176549407583,4.0614075605038,1568.7119148255,1229208573.0
Sub-Saharan Africa (IDA & IBRD countries),TSS,2023,,22.7531963369271,53.2558710664349,,,0.697699700134151,24.9807752766816,2.71598839668872,1572.0784357913,1259889959.0
Sub-Saharan Africa (excluding high income),SSA,2000,32.2954679307982,9.64095572535223,27.143926478685,70.5400343332986,515.564437326668,0.933037523694754,29.4909848899377,3.38154606851558,1300.93157211291,613632482.0
Sub-Saharan Africa (excluding high income),SSA,2001,32.1369322982228,9.94082110039554,27.9421737704008,70.4524235346665,506.94345844735,0.940575336442155,28.2148751119723,4.13462795149566,1319.48327204805,630019621.0
Sub-Saharan Africa (excluding high income),SSA,2002,31.9783966656474,10.2522699219985,29.0627151756805,69.9053903195362,496.781203566804,0.921996703885638,26.6506284309853,6.50726475566927,1368.58329835987,646942913.0
Sub-Saharan Africa (excluding high income),SSA,2003,31.819861033072,10.589961102042,31.4003762022707,69.1935368446526,514.465694970531,0.951969768526593,27.017338777479,4.26381638799447,1389.4430156761,664400687.0
Sub-Saharan Africa (excluding high income),SSA,2004,31.630098951177,10.9229551753231,30.9658946882782,68.6608003736634,524.981097929682,0.978312927097629,27.8707341500923,6.55759369766125,1441.30774878104,682493463.0
Sub-Saharan Africa (excluding high income),SSA,2005,31.4716533484521,11.262486792474,31.0879348122037,68.3182126979773,518.833559406934,0.975762622920193,28.7155682167492,5.88443109809147,1485.37551435245,701214785.0
Sub-Saharan Africa (excluding high income),SSA,2006,31.3133073191976,11.6149147932474,32.6279350503343,68.4180768896989,517.085476181748,0.952053860828145,28.2636137887769,5.93986367359199,1531.52480384502,720481278.0
Sub-Saharan Africa (excluding high income),SSA,2007,31.1548842727831,12.0093480253718,33.8820874113135,67.8663224633458,522.339497201273,0.951147078132151,28.6217309749131,6.0325830099361,1580.27755740837,740376633.0
Sub-Saharan Africa (excluding high income),SSA,2008,30.9964673138223,12.4316363633492,33.5654241279205,67.7239994269514,538.608725762785,0.977958905311693,29.8471968786449,5.07008601288261,1615.34587802112,761026248.0
Sub-Saharan Africa (excluding high income),SSA,2009,30.8380702109403,12.8269695064952,33.6235609112731,67.7883988057594,533.908719200195,0.907230290503212,26.2703461647792,3.00902297912151,1618.80132357247,782252358.0
Sub-Saharan Africa (excluding high income),SSA,2010,30.678623351859,13.2496305760272,34.210425330409,68.3351794871795,530.339828965184,0.924886706082377,27.7068613093019,5.87829228672747,1667.51820351409,804038373.0
Sub-Saharan Africa (excluding high income),SSA,2011,30.4972543778344,13.7046137674438,37.3485816035098,67.7396369252933,545.363919899593,0.90388154961358,29.7203370679418,4.25581560877077,1691.66660971882,826290715.0
Sub-Saharan Africa (excluding high income),SSA,2012,28.1679882970907,14.2018805826388,37.6472467808928,66.674351242875,527.406648849629,0.906158217497468,29.5308849806488,3.17446516095201,1698.5158646606,849083240.0
Sub-Saharan Africa (excluding high income),SSA,2013,27.9992493674265,14.7230077730369,38.8415744954024,65.5633636661379,529.919700873267,0.928111428677189,28.7232404475113,4.95044884584945,1734.35144843299,872704206.0
Sub-Saharan Africa (excluding high income),SSA,2014,27.8304919916101,15.3743048872347,39.6059458734454,65.3661479603073,533.77971653583,0.938083208480469,27.677387189909,4.54350142914694,1764.52518975731,896754068.0
Sub-Saharan Africa (excluding high income),SSA,2015,27.6616545993692,16.105613510031,40.343402663759,65.7662775656608,517.560442163178,0.899625460923381,24.3909413559501,2.66333358756611,1763.27463036367,921290560.0
Sub-Saharan Africa (excluding high income),SSA,2016,27.488485692975,16.9324794379704,43.9294742312831,65.7628766382921,519.143308733435,0.889025140082932,23.3442794383381,0.914986377156993,1732.90964850105,946011305.0
Sub-Saharan Africa (excluding high income),SSA,2017,27.3189219933869,17.8656089674595,43.6966106335647,65.5572534348578,507.771862499802,0.871107639327737,25.0705108890967,2.20658288443376,1725.248614336,971179323.0
Sub-Saharan Africa (excluding high income),SSA,2018,27.1494821325251,18.9503122817198,46.5941222062837,65.4505889650284,495.779514710354,0.868424187850594,26.3706194118268,2.61514307100069,1724.10846517385,997236086.0
Sub-Saharan Africa (excluding high income),SSA,2019,26.9755687162685,20.1784785150937,47.1016223972235,66.056261685499,504.72060504801,0.863844388589357,24.6869691255097,2.33076955183513,1719.05269893256,1023480610.0
Sub-Saharan Africa (excluding high income),SSA,2020,26.8034424906447,21.3656772607542,48.2508517332199,68.169313816785,489.205871484301,0.799917751630899,23.1531686919512,-3.68262496685315,1613.92902099825,1049999318.0
Sub-Saharan Africa (excluding high income),SSA,2021,26.6301008835206,22.5230313472748,50.2501732333213,,505.064777472325,0.813673465919792,24.1402043683077,3.54849305203753,1629.64361201344,1076774079.0
Sub-Saharan Africa (excluding high income),SSA,2022,26.4575369778776,23.6042334523321,51.1489934048537,,493.303887825375,0.785921917383209,24.9474247282306,3.98372703715641,1653.21688946605,1103704408.0
Sub-Saharan Africa (excluding high income),SSA,2023,,24.5260036628811,53.0069667981858,,,0.760236343295244,25.0239628046424,2.50028576028929,1653.54090063039,1131078494.0
Sudan,SDN,2000,,7.2,23.0,80.4,486.895648884188,0.215697415351796,20.0797178625874,6.34586743997545,1111.11865234375,27816745.0
Sudan,SDN,2001,,8.8,29.4,79.4,494.123605509951,0.229633299984535,19.5381154442319,6.50036053396883,1150.17626953125,28516770.0
Sudan,SDN,2002,,10.4,29.7,76.8,517.547585761207,0.273652013650817,20.7757913955766,6.0064715363132,1185.21533203125,29228727.0
Sudan,SDN,2003,,12.7,29.9,77.0,491.363979157765,0.274762188363775,19.8413102544769,6.28880816146516,1226.42077636719,29896035.0
Sudan,SDN,2004,,15.0,30.2,75.4,481.357152467204,0.302186395708402,21.4151752034683,5.14088851762675,1255.67114257813,30556637.0
Sudan,SDN,2005,,17.3,30.5,72.3,485.749820750348,0.347656760296796,21.9763462611458,5.64351551343631,1290.24438476563,31262444.0
Sudan,SDN,2006,,19.8,30.8,69.2,508.243151523165,0.415110634748496,22.9778613068907,6.5314117467792,1336.1240234375,31992435.0
Sudan,SDN,2007,,23.1,31.1,65.6,477.508307525311,0.439520225392796,26.3285235935348,5.73527423664484,1372.10961914063,32764135.0
Sudan,SDN,2008,,26.2,20.0,63.5,472.804911242702,0.457313500662325,28.2073396404398,3.84674473121058,1381.62561035156,33623980.0
Sudan,SDN,2009,,29.3,29.0,63.1,481.629873791934,0.460761026758193,25.6508731569437,-2.76770436599138,1301.34729003906,34569113.0
Sudan,SDN,2010,,32.2,36.0,61.3,444.591378410567,0.47757128392889,21.1420469221691,3.85824195230107,1311.22314453125,35414399.0
Sudan,SDN,2011,,35.8,38.3,63.7,467.4243451203,0.449334195811792,20.3300649001863,-3.21353209253371,1388.21813964844,36140806.0
Sudan,SDN,2012,10.5635299785867,39.2,40.7,63.7,390.663141094355,0.474625992378013,17.6175266828595,-17.0046884048945,1288.25854492188,36923178.0
Sudan,SDN,2013,10.4702494646681,41.8,43.1,64.3,474.39791148882,0.466404764386795,20.2367455588648,1.95514463302422,1283.45922851563,37785849.0
Sudan,SDN,2014,10.3769689507495,45.75,44.9,63.7,475.661985814283,0.4769298698272,18.1004960644315,4.66137954229873,1307.3896484375,38823318.0
Sudan,SDN,2015,10.2836884368308,48.4,48.0,61.9,463.361659242171,0.538628519166206,16.0712107361815,1.91017689052751,1292.37963867188,40024431.0
Sudan,SDN,2016,10.1971038543897,51.85,50.5,58.9,448.456631655364,0.580134819548243,17.3546057080676,3.46764218409288,1297.15454101563,41259892.0
Sudan,SDN,2017,10.1049411134904,55.2,53.0,59.4,443.093596413321,0.553975991088325,16.6174079698297,0.70925628476644,1261.87353515625,42714306.0
Sudan,SDN,2018,10.0128479657388,57.6,55.3,59.8,435.149435651597,0.53463218085508,20.7757619010592,-2.6809305497999,1185.94445800781,44230596.0
Sudan,SDN,2019,9.92077087794432,60.8,57.6,59.4,435.397595484311,0.515296167190014,21.7363013265282,-2.17825104530091,1126.55297851563,45548175.0
Sudan,SDN,2020,9.82869379014989,63.4,59.7,62.6,422.22104307002,0.463108701230845,23.3281861554993,-3.62980082410752,1056.86474609375,46789231.0
Sudan,SDN,2021,9.73608137044968,65.7,61.8,61.0,426.11403674166,0.491048688699115,7.36874367318585,-1.8685204827207,1009.54888916016,48066924.0
Sudan,SDN,2022,9.64400428265525,68.2,63.2,,411.780538179181,0.434223310830335,4.8714017457712,-0.957816591119183,973.225280761719,49383346.0
Sudan,SDN,2023,9.55196466809422,70.55,66.0,,,0.433700830155536,28.3364187360641,-29.4332718325149,677.723205566406,50042791.0
Suriname,SUR,2000,95.5772128187567,75.2,95.4,23.6,1279.91009868174,3.10546887293005,24.8905012043069,2.09999886750489,6128.31602380553,476643.0
Suriname,SUR,2001,95.5516626283327,76.6,95.3,24.1,1352.00051071083,3.12520552449852,24.7682310008803,4.20000042083539,6255.55274185687,486560.0
Suriname,SUR,2002,95.5261124379087,78.3,95.2,27.8,963.414526111558,2.25193383962574,28.6630219074672,2.80000068850687,6301.31731043167,496551.0
Suriname,SUR,2003,95.5005622474847,79.6,95.1,24.6,1004.17207760767,2.43832121544823,26.7990256381011,6.29999943314137,6567.84309876847,506414.0
Suriname,SUR,2004,95.4750120570607,80.6,95.0,22.6,1086.0286292677,2.71227401770304,31.0288898927889,8.50000018479413,7021.98919924338,513923.0
Suriname,SUR,2005,95.4494618666367,82.1,94.9,18.9,1231.36166250567,3.25198868505121,33.8436415595019,4.50000021086888,7261.8171350196,519313.0
Suriname,SUR,2006,95.4239116762128,83.3,91.0,22.1,1174.71907397922,2.91696904934695,36.9830696641688,5.79354358463304,7599.35696921481,524997.0
Suriname,SUR,2007,95.3983614857888,84.3,94.7,24.6,1117.32432132435,2.66432649863658,37.0673613695571,5.11148777773458,7897.25648915828,531016.0
Suriname,SUR,2008,95.3728112953648,85.4,94.7,26.2,1176.34643873161,2.7177544695623,40.0701175500103,4.14340681165626,8129.11464659446,537245.0
Suriname,SUR,2009,95.3472611049408,86.4,94.6,26.5,1163.89303819747,2.6712389250287,34.2921601804851,3.01369898266211,8276.69079768793,543568.0
Suriname,SUR,2010,95.3217109145168,87.3,91.2,22.1,1351.36214118486,3.18171816781622,35.1705161344117,5.16882515225814,8603.90786745855,549923.0
Suriname,SUR,2011,95.2616639173682,88.3,94.6,21.2,1676.95221892351,3.51736300243228,35.1093274287296,5.84936767173009,9003.28597674886,556269.0
Suriname,SUR,2012,95.2016169202195,89.2,94.6,15.8,1411.63824385599,4.34546142867553,35.2622611658756,2.69034974668847,9140.92898611536,562633.0
Suriname,SUR,2013,95.1415699230709,90.1,94.6,17.6,1713.83746780444,4.02147551931391,32.2536953065191,2.9334416518612,9303.46008775809,569020.0
Suriname,SUR,2014,95.0815229259223,91.0,94.6,12.8,1785.94876899071,4.55565346305788,30.2474846767665,0.255503031645475,9224.24378410547,575373.0
Suriname,SUR,2015,95.0214759287737,91.6,95.0,11.6,1577.31172890225,4.68702450195744,27.2599156580204,-3.41304268067621,8813.61705392067,581627.0
Suriname,SUR,2016,94.9507627706873,92.4,95.8,11.1,1728.65071732658,5.03728581709788,26.7553600175618,-4.91166050905851,8293.31553031406,587757.0
Suriname,SUR,2017,94.9052820610811,93.2,96.6,15.5,1613.95464252908,4.12724666631857,38.273693894809,1.56603782534897,8338.69235401862,593713.0
Suriname,SUR,2018,94.8290239945632,93.7,97.4,18.3,1523.99899313139,3.58824579283518,36.7622415479102,4.94827108468886,8666.64870697797,599513.0
Suriname,SUR,2019,94.7527036257035,94.2,97.9,14.9,1730.83708121822,4.39326606885805,33.8807670142731,1.16758977233877,8677.30522021731,605768.0
Suriname,SUR,2020,94.6764455591856,94.6,98.4,14.6,1688.41378493841,4.25335243019547,36.5606718418582,-15.9751917148622,7213.10766669943,612317.0
Suriname,SUR,2021,94.6001457500987,95.1,98.8,14.5,1698.95174083857,4.40057873816953,37.7088537439931,-2.43538583612838,6973.89941868115,617896.0
Suriname,SUR,2022,94.5238739770656,95.4,99.0,,1738.82345454805,4.59397526172885,42.2305173267347,2.40622235601218,7081.33357325783,623164.0
Suriname,SUR,2023,94.44758351333,95.7,99.6,,1695.16378963307,3.96892282544054,39.6663071788203,2.41659223498058,7186.47308739957,628886.0
Sweden,SWE,2000,69.1388538853443,100.0,100.0,39.8,5375.75151158851,6.53554865027019,25.9990659152474,4.63112136551369,41561.7747635857,8872109.0
Sweden,SWE,2001,69.1167593043349,100.0,100.0,37.4,5701.68206771918,6.52637826608933,25.6798590217759,1.36080642694121,42014.4022302506,8895960.0
Sweden,SWE,2002,69.0946647233255,100.0,100.0,35.9,5826.34189342548,6.65422739244263,25.4557550490181,2.27772867861897,42831.7584103774,8924958.0
Sweden,SWE,2003,69.0725701423161,100.0,100.0,34.6,5676.54834518443,6.65964221276326,24.8945920833935,1.88102769675844,43475.3655433221,8958229.0
Sweden,SWE,2004,69.0504755613067,100.0,100.0,35.5,5872.97554411383,6.45636291240893,24.7464778664862,4.17958419343711,45114.6701230708,8993531.0
Sweden,SWE,2005,69.0283809802973,100.0,100.0,39.3,5711.64214196537,6.03944461597958,24.5818510778658,2.79313782840156,46189.6828420555,9029572.0
Sweden,SWE,2006,69.0062863992879,100.0,100.0,40.1,5532.76265714386,6.06777926998554,24.8427345125051,4.67607488877992,48078.3520110084,9080505.0
Sweden,SWE,2007,68.9841918182784,100.0,100.0,41.8,5464.45613719356,5.77642857111625,25.0247348009667,3.22486814096095,49262.152916545,9148092.0
Sweden,SWE,2008,68.962097237269,100.0,100.0,43.2,5383.76479707233,5.60895184918886,24.1454500212714,-0.923113250067971,48428.6587081751,9219637.0
Sweden,SWE,2009,68.9400026562596,100.0,100.0,45.7,4891.39219246248,5.04604229815191,22.3348931376132,-4.25561384207619,45974.3911151254,9298515.0
Sweden,SWE,2010,68.9179080752502,100.0,100.0,44.7,5443.32366800687,5.63902638970728,23.8590077358558,5.75076477579255,48205.5492512742,9378126.0
Sweden,SWE,2011,68.8722459411641,100.0,100.0,45.4,5281.40096330574,5.12869166987769,23.7337228802394,3.16388567406926,49356.5905257047,9449213.0
Sweden,SWE,2012,68.826583807078,100.0,100.0,48.3,5295.92806615816,4.80375075083719,23.1051457982894,-0.414397702454409,48789.7906883637,9519374.0
Sweden,SWE,2013,68.7809216729919,100.0,100.0,47.3,5178.9349383913,4.579871273832,21.9846853173318,1.13766671801426,48928.4994141291,9600379.0
Sweden,SWE,2014,68.7352595389057,100.0,100.0,48.6,4997.87990362276,4.41199615103377,21.6084554046683,2.29577238758284,49557.6183647959,9696110.0
Sweden,SWE,2015,68.6944981353789,100.0,100.0,51.9,4573.58907986933,4.37800649972355,22.2743619851494,4.38824673608589,51188.1652120493,9799186.0
Sweden,SWE,2016,68.6944981353789,100.0,100.0,50.9,4858.89940544006,4.2819344992006,22.0060731182678,2.13117914731151,51626.3235312369,9923085.0
Sweden,SWE,2017,68.6944981353789,100.0,100.0,51.8,4926.81117539334,4.15961982553065,22.1839062370905,1.88282184966646,51894.3748177808,10057698.0
Sweden,SWE,2018,68.6944981353789,100.0,100.0,51.6,4966.26111814633,3.89655686848453,22.2729867092578,1.7702553546772,52203.0872589761,10175214.0
Sweden,SWE,2019,68.6996660773915,100.0,100.0,52.9,4781.87568337501,3.8423518032643,22.3760709701034,2.60823012869524,53024.4099494317,10278887.0
Sweden,SWE,2020,68.6996660773915,100.0,100.0,57.8,4284.99805555044,3.67402454179006,21.8184248297627,-1.93379704032216,51624.5811789573,10353442.0
Sweden,SWE,2021,68.6996660773915,100.0,100.0,57.9,4558.74420693219,3.88625523254982,22.5774120669797,5.2258643028773,53997.1337068799,10415811.0
Sweden,SWE,2022,68.6996660773915,100.0,100.0,,4323.66572139304,3.59996303974629,23.7592056275214,1.25543620445816,54304.1877501033,10486941.0
Sweden,SWE,2023,68.7013529108454,100.0,100.0,,4288.83333908122,3.4800778844701,22.5872661861018,-0.204061304891439,53937.7967122429,10536632.0
Switzerland,CHE,2000,30.2649701705926,100.0,100.0,18.2,3466.50613217002,6.23089396944705,25.4681959795745,3.95871990780931,73749.9389517966,7184250.0
Switzerland,CHE,2001,30.3634195933644,100.0,100.0,18.7,3658.06649907658,6.38860757077529,26.2442578876909,1.57566198688916,74439.4637644735,7229854.0
Switzerland,CHE,2002,30.4618750992981,100.0,100.0,18.2,3537.53750331779,6.11934268739105,26.4339765068788,-0.0732172569941127,73824.3849167809,7284753.0
Switzerland,CHE,2003,30.5603374622472,100.0,100.0,18.0,3524.60535957512,6.24858887469834,26.006421378464,-0.0323984255438887,73254.9529864219,7339001.0
Switzerland,CHE,2004,30.6588066903223,100.0,100.0,18.1,3513.04226751483,6.27946614341052,25.5515101091518,2.70170912949028,74718.6836260364,7389625.0
Switzerland,CHE,2005,30.7572827916362,100.0,100.0,18.7,3469.41664326823,6.32417274709346,25.8270742413749,2.74969910618739,76282.9840696619,7437115.0
Switzerland,CHE,2006,30.8557657743037,100.0,100.0,18.1,3600.20599088199,6.22760703127526,26.0027931872877,4.0736284178369,78893.8078199046,7483934.0
Switzerland,CHE,2007,30.9542548630875,100.0,100.0,19.3,3391.3409304186,5.90856955335217,25.9309450770322,3.91637577227581,81254.1701015272,7551117.0
Switzerland,CHE,2008,31.0522573251862,100.0,100.0,19.6,3480.20255913467,6.01237631044729,25.9463011401392,2.8079835919566,82481.0680560935,7647675.0
Switzerland,CHE,2009,31.1502627536125,100.0,100.0,20.0,3460.61144395548,5.76174764144517,24.7427872310642,-2.29737452570922,79585.5216989959,7743831.0
Switzerland,CHE,2010,31.2482719393317,100.0,100.0,20.6,3323.41218501892,5.92014552501505,24.6945258729978,3.24339715656356,81315.4228307049,7824909.0
Switzerland,CHE,2011,31.3357558163813,100.0,100.0,20.6,3181.06687778874,5.34446068056738,25.031526472453,1.81310830459596,81874.3362425008,7912398.0
Switzerland,CHE,2012,31.4232415506488,100.0,100.0,21.9,3175.97090168674,5.45216429296445,24.603891133013,1.17925385250513,81964.8864937809,7996861.0
Switzerland,CHE,2013,31.5107315281037,100.0,100.0,21.8,3274.49948136129,5.51425294455201,24.7022127251447,1.79214400716117,82479.9215677304,8089346.0
Switzerland,CHE,2014,31.5982233630178,100.0,100.0,22.2,3031.17447656808,4.9941693678652,24.323915072693,2.34988141500179,83394.3712888211,8188649.0
Switzerland,CHE,2015,31.6857178507946,100.0,100.0,23.9,2927.96015319396,4.85628796304837,24.2011258209806,1.64462750849488,83806.4476003837,8282396.0
Switzerland,CHE,2016,31.7732664163142,100.0,100.0,24.1,2819.83095943189,4.87123534246438,24.0899792080479,2.06868969039562,84611.0998672721,8373338.0
Switzerland,CHE,2017,31.8603337971021,100.0,100.0,25.0,2809.47945669194,4.71119898152355,24.2176943229599,1.36279965488859,84967.5886498224,8451840.0
Switzerland,CHE,2018,31.9474011778901,100.0,100.0,24.2,2806.4991558403,4.52389143055195,24.4239571771375,2.86044579439036,86756.6022327472,8514329.0
Switzerland,CHE,2019,32.034468558678,100.0,100.0,24.8,2857.15819180217,4.47745146514166,24.7211591296094,1.14198218965691,87123.6604234257,8575280.0
Switzerland,CHE,2020,32.1215359394659,100.0,100.0,26.4,2690.39023280182,4.16061648264036,24.8279156756116,-2.14173712008038,84637.0132935333,8638167.0
Switzerland,CHE,2021,32.2086033202538,100.0,100.0,27.7,2619.80556120156,4.32303993798183,25.6355937154031,5.55962020605844,88661.2029776281,8704546.0
Switzerland,CHE,2022,32.2956707010417,100.0,100.0,,2591.92141040481,3.92846693573085,24.5433816560689,3.04406102969423,90605.019427268,8777088.0
Switzerland,CHE,2023,32.3827380818297,100.0,100.0,,2511.37154209497,3.78746475067225,24.6708306418124,0.683328174376044,90077.4460280731,8888822.0
Syrian Arab Republic,SYR,2000,2.35107193383393,98.4,93.4,2.0,928.43318140297,2.75886578873472,33.3190732492983,0.675642589410501,1248.38488334216,16637888.0
Syrian Arab Republic,SYR,2001,2.38371966481663,98.7,93.1,2.1,929.373810570742,2.69850964188265,30.1239825545581,1.04728710191981,1230.87200021533,17051338.0
Syrian Arab Republic,SYR,2002,2.41636739579933,98.7,86.6,1.6,942.482652914674,2.62348460059037,29.1438723722823,3.95483192702744,1249.00621359351,17468332.0
Syrian Arab Republic,SYR,2003,2.45154964867368,98.8,92.6,1.9,924.928080979621,2.57035827457939,28.2611670668232,7.20443505274413,1307.4814585452,17889296.0
Syrian Arab Republic,SYR,2004,2.48450182491693,98.9,92.3,2.6,943.040677936742,2.61941034118409,30.0234984698763,6.90295943489203,1363.61946683869,18336875.0
Syrian Arab Republic,SYR,2005,2.51718690417824,98.8,92.0,2.1,1105.30501136572,3.12583265383377,31.1872111563835,6.21507783539282,1411.63184941498,18814091.0
Syrian Arab Republic,SYR,2006,2.5490388280782,98.8,99.5,1.8,1101.63821463784,3.13534302706388,34.9830051366887,5.04619555585526,1420.72293121298,19637022.0
Syrian Arab Republic,SYR,2007,2.5815726421259,98.7,91.5,1.5,1084.27313710466,3.11350367803296,34.0578017634269,5.67459177685805,1411.6899137524,20884125.0
Syrian Arab Republic,SYR,2008,2.61424526247005,98.6,91.3,1.2,1066.1371934826,3.08179246945125,34.2242837185363,4.47667273608019,1423.59559425951,21636564.0
Syrian Arab Republic,SYR,2009,2.6469178828142,98.5,91.1,0.9,977.72847382215,2.83975010384735,27.2972838947834,5.91204279337705,1484.40523742854,21976969.0
Syrian Arab Republic,SYR,2010,2.67973642650983,98.2,92.7,1.4,963.588419410325,2.78848083131261,30.4265241661983,5.19190584075331,1526.36894402751,22482421.0
Syrian Arab Republic,SYR,2011,2.71241082611774,98.0,91.5,1.6,904.135064400008,2.56219288858715,33.7332140485501,2.8500028435797,1542.71957174916,22878098.0
Syrian Arab Republic,SYR,2012,2.74508522572564,97.7,90.7,2.0,703.569051687656,2.0319939183901,25.0488124668991,-26.3390170772532,1142.29080150598,22759763.0
Syrian Arab Republic,SYR,2013,2.77775962533355,97.3,90.4,3.1,559.338291333188,1.43975259608924,23.1936090167555,-26.3000876615061,884.329813332104,21666917.0
Syrian Arab Republic,SYR,2014,2.81043402494146,96.7,90.2,2.7,618.190560387965,1.52845127759128,19.4952280332547,-10.310339909053,847.659877206276,20273659.0
Syrian Arab Republic,SYR,2015,2.84310842454937,96.2,90.0,0.6,560.58265085038,1.44845576885991,15.4913360290372,-4.179791613232,847.731631942565,19424618.0
Syrian Arab Republic,SYR,2016,2.84310842454937,95.6,89.8,1.3,530.409473294403,1.34820380336727,16.2367796314778,-6.4055907393619,802.969498335502,19193834.0
Syrian Arab Republic,SYR,2017,2.84310842454937,95.05,89.6,1.1,596.403223195594,1.61670932366686,17.2068649072566,-0.723281777470547,795.883216970859,19224668.0
Syrian Arab Republic,SYR,2018,2.84310842454937,94.3,86.0,0.9,556.886951170305,1.73689698738549,18.4959516128679,1.39317607830837,792.413811698757,19577845.0
Syrian Arab Republic,SYR,2019,2.84310842454937,93.2,89.2,1.0,553.834989219194,1.63691966220706,15.9160468546957,1.22070522070523,771.518695271305,20353534.0
Syrian Arab Republic,SYR,2020,2.84310842454937,92.4,89.0,1.1,509.57367220202,1.50831644886899,21.0904043401274,-0.697154504235129,740.811397013438,21049429.0
Syrian Arab Republic,SYR,2021,2.84310842454937,91.1,88.8,1.1,492.146135843866,1.48118445007612,18.6689356493411,1.85421590064124,734.334236323426,21628839.0
Syrian Arab Republic,SYR,2022,2.84267276588793,90.1,89.0,,454.532086054546,1.38747039300249,12.0009587036365,0.732781301861365,712.272278200037,22462173.0
Syrian Arab Republic,SYR,2023,2.84310842454937,88.8,88.4,,,1.32899347448781,,,,23594623.0
Tajikistan,TJK,2000,2.92940840240069,36.3,98.5,62.4,341.873767516371,0.443073574303451,35.2773269155426,8.32432449473859,429.537300984643,6284735.0
Tajikistan,TJK,2001,2.92940840240069,39.95,98.6,64.1,330.976128229369,0.427928620401141,36.1845697792339,9.58083617842951,461.681195760256,6407377.0
Tajikistan,TJK,2002,2.92940840240069,43.5,99.0,64.2,325.679885054417,0.421852362696273,35.140580096584,10.8000037591665,501.80856647117,6531669.0
Tajikistan,TJK,2003,2.92940840240069,47.5,100.0,64.6,325.581474313824,0.422958365716388,33.1163103288949,10.9999990780572,546.391479808684,6658575.0
Tajikistan,TJK,2004,2.92940840240069,51.0,98.5,61.4,345.261040280781,0.493642117490682,30.916284273507,10.2999989410117,590.957111385699,6790547.0
Tajikistan,TJK,2005,2.92940840240069,54.3,99.3,63.7,337.915937288384,0.460827296988181,27.3665806344184,6.69999851655409,618.333702588577,6924720.0
Tajikistan,TJK,2006,2.92940840240069,57.7,98.6,61.6,341.863711848015,0.494462255117416,27.3641700231382,7.00000321108996,649.163328755334,7057566.0
Tajikistan,TJK,2007,2.92940840240069,60.7,98.6,53.8,358.427683199043,0.562973514266569,26.4284152322639,7.80000011872161,686.48090192413,7194477.0
Tajikistan,TJK,2008,2.92940840240069,63.65,98.6,54.6,334.362637299147,0.516570158384597,24.5575196250071,7.89999827154939,726.185491338269,7338403.0
Tajikistan,TJK,2009,2.92940840240069,66.3,99.0,60.6,284.651561490729,0.407197108767021,24.5088106260756,3.90000114826496,739.212878526331,7490230.0
Tajikistan,TJK,2010,2.92940840240069,68.6,98.8,61.8,284.331249350809,0.401325589792452,24.9766261519968,6.49999908585235,770.604105393791,7652141.0
Tajikistan,TJK,2011,2.94627036296085,71.0,98.9,60.0,278.854522985683,0.393927756481488,22.4687490647166,7.40000059956709,809.368229154093,7824785.0
Tajikistan,TJK,2012,2.96313232352101,72.8,99.1,55.8,294.855655829726,0.436993173518022,22.0426346192666,7.49999946321525,849.519080831738,8014084.0
Tajikistan,TJK,2013,2.97999428408117,74.9,99.0,55.1,288.394960596269,0.437388428770396,23.1151646451446,7.39999974700379,889.882383099979,8216724.0
Tajikistan,TJK,2014,3.0222068508351,76.6,99.1,45.9,301.614964923042,0.565921378207624,22.6047415105536,6.70000069016253,925.970961482804,8425552.0
Tajikistan,TJK,2015,3.0391238561856,78.1,98.0,48.1,318.698277378179,0.589055327261958,30.220213504702,6.01930331771186,956.916310930656,8643840.0
Tajikistan,TJK,2016,3.0391238561856,79.7,99.3,43.7,326.569218788739,0.644680564756192,32.2133662345342,6.89999999999999,997.352614556708,8865631.0
Tajikistan,TJK,2017,3.0391238561856,81.2,99.3,44.2,328.781768931872,0.763156637734805,31.8468579622965,7.10000041864309,1042.26391757642,9085946.0
Tajikistan,TJK,2018,3.0391238561856,82.35,99.3,41.6,347.711461590981,0.881498491565736,34.3983608033865,7.5999988895536,1094.8002018221,9307333.0
Tajikistan,TJK,2019,3.0463289862382,83.8,99.4,40.1,370.778875737531,0.948639271115973,33.0621490637064,7.40000016310556,1148.34676712493,9529966.0
Tajikistan,TJK,2020,3.0535341162908,84.8,99.5,38.8,375.367379182413,0.96295019852687,33.7965394725715,4.40000111553493,1171.90127480359,9749310.0
Tajikistan,TJK,2021,3.0607392463434,85.8,99.6,34.9,367.769041949913,0.945809874035157,35.177682602153,9.39999955037523,1254.06999592306,9966908.0
Tajikistan,TJK,2022,3.06794437639599,86.9,100.0,,375.197095148471,0.938950260561987,34.702580856427,8.00000033846364,1325.75545290849,10182222.0
Tajikistan,TJK,2023,3.07514950644859,87.9,100.0,,,0.897072214775281,33.6387708593471,8.29999921651935,1407.1075436221,10389799.0
Tanzania,TZA,2000,60.5893090991194,0.6,8.7,93.6,393.715575942908,0.090834424226942,19.21152665607,4.52078463603256,555.348083496094,34260139.0
Tanzania,TZA,2001,60.1693497403477,0.6,9.7,93.1,397.137814048139,0.093385194551589,19.3805148755861,6.07080828734129,573.400146484375,35198299.0
Tanzania,TZA,2002,59.749390381576,0.7,10.7,92.4,405.812432807315,0.103523394393514,21.4945294072568,7.09319498355502,598.421569824219,36121304.0
Tanzania,TZA,2003,59.3294310228042,0.7,11.1,92.4,410.864949106248,0.106641883408954,23.2451517323038,6.67278983053497,621.720703125,37089555.0
Tanzania,TZA,2004,58.9094716640325,0.8,11.4,91.3,414.656007754261,0.142837770195217,23.1054997824457,7.50381465859829,650.516540527344,38109668.0
Tanzania,TZA,2005,58.4895123052608,0.8,13.8,90.3,426.1625033481,0.157543974954262,22.9395155844488,7.47631925974784,680.051208496094,39182076.0
Tanzania,TZA,2006,58.069552946489,0.9,14.9,89.9,429.313725233187,0.163876810024256,22.84522243779,6.53222138847813,704.502746582031,40294902.0
Tanzania,TZA,2007,57.6495935877173,1.0,15.9,90.6,419.165766354696,0.150653381572792,23.1971900747875,6.76853520293716,731.52001953125,41435512.0
Tanzania,TZA,2008,57.2296342289456,1.1,11.5,90.3,414.898580843046,0.147505111963319,23.7375391938967,5.68641685905224,752.540466308594,42570728.0
Tanzania,TZA,2009,56.8096748701739,1.2,11.2,91.0,414.932104149828,0.139276768276615,21.6769086388074,5.26910524873463,772.929565429688,43633982.0
Tanzania,TZA,2010,56.3897155114021,1.4,14.8,89.4,420.666337595531,0.163841548892358,23.5561736572068,6.33652342666889,801.29931640625,44758488.0
Tanzania,TZA,2011,55.9697538947844,1.7,14.2,87.6,432.748223094232,0.193059357083924,26.3820840879185,7.67215543486064,838.999267578125,46029367.0
Tanzania,TZA,2012,55.5497922781666,2.0,15.3,85.2,424.81151927742,0.223794524706032,25.3994987211663,4.50015356010131,851.910705566406,47374260.0
Tanzania,TZA,2013,55.1298306615489,2.4,16.4,84.5,432.006442053335,0.23745636583617,25.4467450324696,6.78158560065316,882.8115234375,48824128.0
Tanzania,TZA,2014,54.7098690449311,2.8,23.5,84.7,414.591294842767,0.223568261465515,25.1415034758525,6.73246186832483,913.811218261719,50351512.0
Tanzania,TZA,2015,54.2899074283134,3.4,26.2,82.8,419.719594250318,0.253809224058563,24.4873501095853,6.16062877406682,939.127319335938,52020962.0
Tanzania,TZA,2016,53.7604425378189,4.0,32.8,81.7,416.315699078634,0.262646711236488,24.8583993681558,6.86711619644551,970.156127929688,53824013.0
Tanzania,TZA,2017,53.2309776473245,4.6,32.1,82.0,406.2529829944,0.255108045601944,25.0421511861537,6.72726996832338,1001.55895996094,55652890.0
Tanzania,TZA,2018,52.70151275683,5.4,34.9,81.3,402.924862138835,0.259781366222155,27.0077655110967,5.50267599385063,1024.01525878906,57437145.0
Tanzania,TZA,2019,52.1720478663355,6.0,37.7,80.4,414.545616952925,0.287346536895184,28.6718333565052,5.79999999996723,1051.7666015625,59174891.0
Tanzania,TZA,2020,51.642582975841,6.9,39.9,80.8,405.685641474926,0.273515412561516,27.0844502877132,1.99196460647855,1041.25964355469,60972798.0
Tanzania,TZA,2021,51.1131180853466,7.8,42.7,78.3,404.468789265296,0.30147502454703,27.2961418878518,4.32138429480482,1054.31726074219,62830412.0
Tanzania,TZA,2022,50.5836531948521,8.7,45.8,,405.146314827946,0.323161976851185,27.6848111756783,4.56600576430955,1070.58532714844,64711821.0
Tanzania,TZA,2023,50.0541883043576,9.8,48.3,,,0.323839316591473,28.0339433523146,5.06952353203394,1092.86413574219,66617606.0
Thailand,THA,2000,37.1860870246041,59.9,82.1,21.8,1153.04552225626,2.77493831519154,36.6694083813627,4.45524704335014,3514.71662970608,63007815.0
Thailand,THA,2001,37.3965041398344,61.3,90.4,19.9,1174.20279195013,2.88330259468562,36.3210034946673,3.44424900968372,3599.02524877358,63651141.0
Thailand,THA,2002,37.6069212550647,62.9,91.0,19.9,1286.14403684353,3.03535576431598,36.8944314471526,6.14903605210036,3783.75422073266,64266437.0
Thailand,THA,2003,37.817338370295,64.4,91.6,20.2,1379.29175743715,3.12835266531198,37.9181748920386,7.18924330340971,4018.15538187068,64868166.0
Thailand,THA,2004,38.0277554855253,65.6,92.2,19.9,1477.38480877104,3.37869799549585,37.9023024950671,6.28934214285795,4232.77157261934,65452047.0
Thailand,THA,2005,38.2381726007555,67.0,92.8,20.1,1508.58026062719,3.47218658348054,38.5052107116361,4.18763842884337,4372.25730206261,66017420.0
Thailand,THA,2006,38.4485897159858,68.2,99.1,20.5,1525.12655757667,3.49792985897197,39.146855883906,4.96781089246107,4551.5250018314,66567687.0
Thailand,THA,2007,38.6590068312161,69.6,94.1,21.6,1569.87237319879,3.54477665878806,39.4313718771557,5.43515169050809,4760.66708464831,67102394.0
Thailand,THA,2008,38.8694239464464,70.8,94.8,22.6,1596.82835450256,3.53401361701146,39.4796129651304,1.72569884866334,4805.76393990836,67619830.0
Thailand,THA,2009,39.0798410616767,71.8,99.0,22.8,1578.76107269732,3.40595891903064,38.6085988884387,-0.690618232300579,4737.45679763314,68121080.0
Thailand,THA,2010,39.290258176907,73.1,99.7,22.8,1718.62118368043,3.59232409675161,39.9217256985357,7.51339053261624,5059.35747831657,68579447.0
Thailand,THA,2011,39.2855604924739,74.3,99.3,23.0,1704.82334080525,3.57565835731247,37.9813982711097,0.840132083053334,5070.23740191942,69007208.0
Thailand,THA,2012,39.2808628080409,75.5,99.1,23.6,1818.19204308684,3.81363739650232,37.343694137461,7.24279620249642,5403.87846036273,69436098.0
Thailand,THA,2013,39.2761651236078,76.7,99.4,23.2,1943.92303978228,3.95099362283237,36.8985884648101,2.68749556320556,5516.61164164135,69845114.0
Thailand,THA,2014,39.2714674391748,77.7,99.5,24.4,1926.22582617648,3.88118627669814,36.7630403655124,0.984468863619426,5541.46599361845,70216367.0
Thailand,THA,2015,39.2667697547417,78.9,99.6,22.6,1932.67390968815,3.99014074054595,36.1791773262667,3.13404724911635,5688.85335397884,70540795.0
Thailand,THA,2016,39.1806455401358,80.0,99.9,22.4,1985.00530928348,3.91990436444812,35.586765405076,3.43515771692182,5857.78052935926,70859841.0
Thailand,THA,2017,39.1101802736401,81.1,99.9,22.2,1988.13781529099,3.94997556709625,35.018759526322,4.1776810321001,6076.74307700082,71160187.0
Thailand,THA,2018,39.0397150071444,82.0,99.8,23.7,1951.8556356188,3.87600024932723,34.7424896675041,4.22287028746071,6314.19948412043,71376079.0
Thailand,THA,2019,38.9692497406487,83.2,99.9,23.9,1989.81234226863,4.00533143026177,33.5939105133265,2.11455779628278,6434.53770518034,71522271.0
Thailand,THA,2020,38.8987844741529,84.4,100.0,20.9,1884.35073727402,3.84739936431244,33.2907229678575,-6.05003846851622,6035.18627737077,71641484.0
Thailand,THA,2021,38.8283192076572,85.2,100.0,19.0,1848.06336093307,3.74441224162639,35.0317119667993,1.55216608426647,6121.52696529713,71727332.0
Thailand,THA,2022,38.7578539411615,86.0,99.9,,1867.46968312053,3.963374866518,35.1217577031461,2.58037874709827,6278.7855138276,71735329.0
Thailand,THA,2023,38.6873886746658,86.8,100.0,,1851.27231424167,3.83577489383729,32.9804093286492,2.01775095328327,6408.41432577294,71702435.0
Timor-Leste,TLS,2000,63.8264963012777,0.9,17.8,,,0.469206321937811,16.0859533086706,58.078100510636,1117.56432347244,745088.0
Timor-Leste,TLS,2001,63.7323470073975,1.1,25.6,,,0.326993323475929,13.180799429851,16.3476915812463,1192.74796357529,812249.0
Timor-Leste,TLS,2002,63.6381977135172,1.3,24.1,48.2,,0.283452708781915,11.9202405343952,-6.7006946888999,1028.13194386616,879159.0
Timor-Leste,TLS,2003,63.5440484196369,1.5,27.7,47.9,,0.287824552448635,10.1751433861072,-2.18226723759027,964.322543048225,916878.0
Timor-Leste,TLS,2004,63.4498991257566,1.8,30.4,44.0,62.4277506420371,0.555176444502806,5.49680073339855,0.400000000000006,955.470489028291,929074.0
Timor-Leste,TLS,2005,63.3557498318763,2.0,33.5,43.6,61.1613700568695,0.368655430549683,5.29247593737281,2.9845905125044,964.026656178075,948311.0
Timor-Leste,TLS,2006,63.261600537996,2.4,36.7,41.9,60.4138656989526,0.349069268080897,5.03931378115436,-4.11609279328982,897.573801807644,976597.0
Timor-Leste,TLS,2007,63.1674512441157,2.8,36.6,41.9,60.7032219478967,0.311775728463542,5.31519604811852,10.2653784307473,961.848415522858,1004889.0
Timor-Leste,TLS,2008,63.0733019502354,3.2,43.1,39.7,,0.301134509007399,7.70251167026116,11.3948084309167,1042.86833768293,1032429.0
Timor-Leste,TLS,2009,62.9791526563551,3.9,46.3,36.9,,0.31847915812698,10.0345846512573,10.146951414355,1120.09693594876,1058782.0
Timor-Leste,TLS,2010,62.8850033624748,4.5,38.0,34.8,,0.308293974530714,9.13730561255393,9.33149806305823,1195.38066079604,1084679.0
Timor-Leste,TLS,2011,62.7908540685945,5.2,52.7,32.8,,0.333991769102519,12.9857431156539,5.95855501570803,1237.48380284894,1110207.0
Timor-Leste,TLS,2012,62.6967047747142,5.9,56.0,25.6,,0.554064949312045,12.7911410611587,4.86062134121768,1269.41625561248,1134885.0
Timor-Leste,TLS,2013,62.6025554808339,6.8,59.2,22.6,,0.654615753067028,20.1062137855102,3.10436980963603,1281.92864043187,1158695.0
Timor-Leste,TLS,2014,62.5084061869536,7.8,62.4,18.1,,0.629577892602016,16.979297360775,4.47249922937381,1312.96494988639,1181903.0
Timor-Leste,TLS,2015,62.4142568930733,8.9,67.3,18.0,,0.57686674726648,18.3707616020673,2.48003785368208,1319.59295003154,1205131.0
Timor-Leste,TLS,2016,62.320107599193,9.9,76.5,12.7,,0.538055477761351,19.2291160430386,3.00993358093274,1333.65856117568,1228312.0
Timor-Leste,TLS,2017,62.2461331540013,11.2,79.5,13.2,,0.496763209802964,15.7805274141176,-3.18241515376397,1267.08661597675,1251703.0
Timor-Leste,TLS,2018,62.1318090114324,12.4,85.2,12.7,,0.522430579665961,16.4990210288231,-0.466502371512661,1237.2006590123,1275959.0
Timor-Leste,TLS,2019,62.0376597175521,13.6,90.6,11.7,,0.559823820376726,30.4131457216274,24.2128789232326,1507.24743550088,1300945.0
Timor-Leste,TLS,2020,61.9435104236718,14.9,96.0,11.4,,0.512347545686334,36.7520096715526,31.7257429812373,1947.83992943521,1326053.0
Timor-Leste,TLS,2021,61.8493611297915,16.3,100.0,12.1,,0.526390245745068,62.1863324414617,5.36980163959615,2015.82035757039,1350139.0
Timor-Leste,TLS,2022,61.7552118359112,17.8,99.7,11.4,,0.50726833881669,54.5122451931824,-20.5224785561874,1579.71085276403,1369295.0
Timor-Leste,TLS,2023,61.6610625420309,19.1,100.0,,,0.47995862126757,23.8680417124592,-18.135905003556,1279.21122757564,1384286.0
Togo,TGO,2000,23.3216400073543,0.3,17.0,77.1,410.709755967091,0.243402917138534,30.3028277716404,-0.783479610048047,679.533421599502,5140037.0
Togo,TGO,2001,23.2672292700864,0.4,19.6,82.0,399.0750456746,0.213439163585278,29.378615828701,0.823438752111855,667.298334712527,5277382.0
Togo,TGO,2002,23.2128185328185,0.5,21.3,78.7,403.003921585395,0.22149257547281,30.2198722396307,3.82662257675142,675.440797960321,5413274.0
Togo,TGO,2003,23.1584077955507,0.7,23.0,74.8,414.930640834631,0.258889907310065,31.0741865107219,6.72017142336034,702.799255960869,5552167.0
Togo,TGO,2004,23.1039970582828,0.9,24.8,76.1,408.681044425446,0.241902583126364,28.0385993487176,-0.978665332738743,678.28759996017,5696508.0
Togo,TGO,2005,23.0495863210149,1.1,26.5,77.2,405.977841108573,0.22434264883446,24.4297143100711,-4.66629938413338,630.248678309054,5844631.0
Togo,TGO,2006,22.995175583747,1.5,27.9,79.7,394.055905016925,0.203255278780994,25.0511547993418,2.65013209943473,629.079905835563,6010668.0
Togo,TGO,2007,22.9407648464791,1.9,30.0,79.9,397.655539665075,0.196805478169927,26.2884068802458,-1.1751368996605,603.83784338967,6188344.0
Togo,TGO,2008,22.8863541092113,2.3,31.8,76.5,402.378522599678,0.249512781975665,23.8623598669256,4.03561315398862,610.405413708475,6368812.0
Togo,TGO,2009,22.8319433719434,2.8,33.7,63.4,475.809640060012,0.413729525867825,20.6628801268805,5.45381096920332,625.711511370434,6551865.0
Togo,TGO,2010,22.7775326346755,3.4,30.8,65.8,462.98057269746,0.375041403085588,20.3367703008535,5.85433399076879,644.5632812645,6732590.0
Togo,TGO,2011,22.723110865968,3.9,39.7,69.1,453.365161767995,0.335011741531885,21.7641490273027,5.82325622135289,663.96334052788,6916474.0
Togo,TGO,2012,22.6686890972605,4.65,39.1,72.7,440.167543009316,0.316333405438535,20.0154635557205,6.30271426865185,687.495464571464,7100736.0
Togo,TGO,2013,22.614267328553,5.2,41.0,76.2,416.704251255243,0.265104025260238,22.1985252830239,5.82425069283059,709.09186114976,7285442.0
Togo,TGO,2014,22.5598455598456,6.0,45.7,81.4,423.574336787573,0.232146083279246,23.8476899946971,5.63323739145223,730.291049611232,7472450.0
Togo,TGO,2015,22.5054237911381,6.8,44.7,81.0,400.729144636073,0.201743528645689,22.8664405321196,5.4680413807304,751.051987587248,7663195.0
Togo,TGO,2016,22.4510020224306,7.5,46.8,80.7,422.806732967677,0.270784136343166,20.8834101208291,4.21490387414525,763.276185353302,7858289.0
Togo,TGO,2017,22.3965802537231,8.1,48.0,78.4,403.914387052726,0.205457519665787,20.4016230144725,4.00791259566937,774.274897347436,8057140.0
Togo,TGO,2018,22.3421584850156,9.0,50.0,76.7,411.046357385599,0.234453571702739,21.0297583235942,4.79518333086139,791.592405216309,8258778.0
Togo,TGO,2019,22.2877367163081,9.7,52.5,78.6,414.030094273623,0.24876321447494,19.3444197845633,4.92283321360694,810.512262603518,8463068.0
Togo,TGO,2020,22.2333149476007,10.6,54.1,76.2,424.622212633086,0.27934004789082,20.0749387018129,2.16228657424364,808.300697079208,8669720.0
Togo,TGO,2021,22.1788931788932,11.4,55.7,75.1,422.533121281505,0.285412460990908,20.0216103603057,5.12890113701732,829.786700130989,8878379.0
Togo,TGO,2022,22.1244714101857,12.3,57.2,,425.402321106605,0.286520909623578,21.2257076314374,6.29443692019429,861.508010803054,9089738.0
Togo,TGO,2023,22.0700496414782,13.2,59.2,,,0.272055924027687,20.8440819907588,6.19211576941919,893.753030300995,9304337.0
Tonga,TON,2000,12.4305555555556,33.7,85.6,2.5,,0.971980092912726,18.1054832340091,3.75409745006452,3866.68574867282,102677.0
Tonga,TON,2001,12.4305555555556,36.4,86.3,2.7,,0.916853845558051,18.4174602892502,1.49248125545273,3901.18055446166,103288.0
Tonga,TON,2002,12.4305555555556,39.1,87.0,2.5,,1.00698923696016,17.687542530742,4.4292235994526,4050.98945082432,103874.0
Tonga,TON,2003,12.4305555555556,41.8,87.6,2.0,,1.20137080716802,17.0678003356506,0.0518054450729011,4030.19673410072,104464.0
Tonga,TON,2004,12.4305555555556,44.2,88.3,2.1,542.490316071989,1.06404240941839,16.5603761993835,-1.96794740326561,3928.06014016386,105071.0
Tonga,TON,2005,12.4305555555556,46.8,89.0,2.1,539.410055739039,1.1469561185188,16.6647322768346,-0.657650703495165,3880.07037654517,105671.0
Tonga,TON,2006,12.4305555555556,49.8,92.3,1.9,536.455441258129,1.25267051283258,15.3239515886713,-2.16566342680382,3775.24832512712,106253.0
Tonga,TON,2007,12.4305555555556,52.2,90.5,2.2,543.447707212863,1.07002979592602,15.7013029178113,-2.46430779100223,3665.89534379299,106726.0
Tonga,TON,2008,12.4305555555556,54.5,91.2,2.0,,1.15585871799664,15.5113181085154,4.86284132376997,3833.60152751942,107020.0
Tonga,TON,2009,12.4305555555556,56.9,92.0,1.8,,1.22011510871897,16.7737154226022,-5.12917819150532,3630.76081551536,107203.0
Tonga,TON,2010,12.4305555555556,59.4,92.8,1.0,,1.17504655493482,18.0424982701103,0.824396914081831,3653.97801722796,107400.0
Tonga,TON,2011,12.4305555555556,62.0,92.2,1.1,,1.11555266338198,19.0875708794809,6.70369746238768,3892.76791192676,107570.0
Tonga,TON,2012,12.4305555555556,64.9,92.8,1.1,,1.0999441652708,18.8662320133186,0.919761024923076,3932.59350453286,107460.0
Tonga,TON,2013,12.4305555555556,68.0,95.1,1.6,,1.11507499206186,15.8952134096482,0.393922530137331,3962.16964095596,107078.0
Tonga,TON,2014,12.4305555555556,70.65,95.9,1.7,,1.23629337110375,16.128191902045,1.99053625497055,4058.815614369,106609.0
Tonga,TON,2015,12.4305555555556,73.2,100.0,1.9,,1.26961685282059,15.5472098085233,1.11374405685874,4123.90323993332,106095.0
Tonga,TON,2016,12.4305555555556,75.95,97.0,2.0,,1.35703726166559,15.9723714684611,6.59870436118344,4419.81472868939,105524.0
Tonga,TON,2017,12.4305555555556,78.5,98.2,2.0,,1.47025323664528,16.4212234408385,3.2023165092282,4568.62468668733,105356.0
Tonga,TON,2018,12.4305555555556,81.0,99.0,1.8,,1.39626966760446,15.2201451230749,0.527827266310538,4583.5594849415,105567.0
Tonga,TON,2019,12.4305555555556,83.2,98.4,1.8,,1.56621147167097,15.3617863881286,-0.285208794735084,4566.07497816235,105669.0
Tonga,TON,2020,12.4305555555556,85.2,99.9,1.9,,1.76436085673201,14.7467498085241,1.80618735341196,4647.0076512901,105704.0
Tonga,TON,2021,12.4305555555556,87.0,100.0,1.8,,1.95753151957531,16.2977959370298,-0.934926303735025,4612.90046969933,105490.0
Tonga,TON,2022,12.4305555555556,88.6,100.0,2.3,,1.53652824584452,17.2421442273298,-2.12854452405193,4533.96790206106,105042.0
Tonga,TON,2023,12.4305555555556,90.1,100.0,,,1.54688949013834,14.865250461644,2.79014366862668,4680.29974543195,104597.0
Trinidad and Tobago,TTO,2000,46.130604288499,100.0,91.3,0.8,7575.58896313876,14.5243806894211,47.5360468126773,6.90135959072803,10023.0206669207,1319774.0
Trinidad and Tobago,TTO,2001,46.0479532163743,100.0,96.3,0.7,8336.82302254039,16.3937394337668,45.2069910848034,4.16852398185424,10395.2041042218,1325567.0
Trinidad and Tobago,TTO,2002,45.9653021442495,100.0,96.5,0.7,8990.73441697741,17.6399444148735,42.9095754130396,7.93670968715332,11165.960015838,1332011.0
Trinidad and Tobago,TTO,2003,45.8826510721248,100.0,96.7,0.6,10077.8124597532,20.2752801392984,51.4964380558951,14.4409895389734,12714.5004334846,1338709.0
Trinidad and Tobago,TTO,2004,45.8,100.0,96.8,0.6,10262.1290415816,21.4812172025747,54.3682801507327,7.95005151069972,13657.2534995604,1345380.0
Trinidad and Tobago,TTO,2005,45.7173489278752,100.0,95.0,0.5,12423.5683148853,27.0529643242842,59.6470153480265,6.20893787954175,15075.4179709902,1294494.0
Trinidad and Tobago,TTO,2006,45.6346978557505,100.0,100.0,0.6,13820.6467519783,29.7041320734947,60.8194415532707,13.2080586051735,17021.2241679562,1297944.0
Trinidad and Tobago,TTO,2007,45.5520467836257,100.0,100.0,0.4,14651.4392568831,30.2514295711747,59.6521421660795,4.75420970092722,17758.6995224652,1303188.0
Trinidad and Tobago,TTO,2008,45.469395711501,100.0,100.0,0.5,14167.2834575522,29.5374323602481,63.9782596789726,3.39173707807387,18285.2735441992,1308587.0
Trinidad and Tobago,TTO,2009,45.3867446393762,100.0,99.0,0.5,14193.29907855,28.5737184624756,53.1358528774451,-4.3917292474614,17461.9640940055,1310106.0
Trinidad and Tobago,TTO,2010,45.3040935672515,100.0,100.0,0.4,15018.9097839263,31.1317933937106,53.8139564515672,3.32322471027371,17938.0949459463,1317714.0
Trinidad and Tobago,TTO,2011,45.2214424951267,100.0,97.5,0.4,14838.9882923701,31.0660464948167,57.0510122828478,-0.294354409043763,17746.509252615,1328019.0
Trinidad and Tobago,TTO,2012,45.1387914230019,100.0,100.0,0.4,14480.1691062996,28.5171293459977,46.824089797969,6.71074625448722,18835.6674122954,1335194.0
Trinidad and Tobago,TTO,2013,45.0561403508772,100.0,100.0,0.4,14331.4985446827,27.8473798577755,44.9801407863582,3.36819291689019,19392.1974593783,1340557.0
Trinidad and Tobago,TTO,2014,44.9734892787524,100.0,100.0,0.3,14611.6182206133,27.651535705021,43.6313576106985,3.67086851032413,20032.5402001718,1345343.0
Trinidad and Tobago,TTO,2015,44.8908382066277,100.0,100.0,0.4,14043.9759832685,27.2353106358828,35.9770489547931,-0.406283288730492,19887.2327716498,1349667.0
Trinidad and Tobago,TTO,2016,44.8089668615984,100.0,100.0,0.4,12250.992693627,24.9048855339594,34.414585903593,-7.53636305379372,18331.034459758,1353895.0
Trinidad and Tobago,TTO,2017,44.7270955165692,100.0,100.0,0.4,12330.86332127,23.9896125186399,36.1358259277044,-4.87274946918724,17402.6155328454,1356633.0
Trinidad and Tobago,TTO,2018,44.64522417154,100.0,100.0,0.5,12397.1007399961,24.00159506413,37.7745988816805,-0.945449700943314,17205.615135339,1359193.0
Trinidad and Tobago,TTO,2019,44.5633528265107,100.0,100.0,0.4,12540.3004394116,24.3573792966931,35.1969693154596,0.467734528855885,17225.361633712,1363985.0
Trinidad and Tobago,TTO,2020,44.4814814814815,100.0,100.0,0.5,10738.1172587056,21.8051912418372,31.1526187371636,-8.78879817831519,15679.9611486825,1366725.0
Trinidad and Tobago,TTO,2021,44.3996101364522,100.0,100.0,0.5,11220.6527801603,20.9747593886329,39.0474290567464,-0.716740625909793,15558.0940536829,1367558.0
Trinidad and Tobago,TTO,2022,44.317738791423,100.0,100.0,,11038.4068472239,20.8660094230143,45.6757832765475,0.86126082651883,15712.230497272,1365805.0
Trinidad and Tobago,TTO,2023,44.2358674463938,100.0,98.7,,,19.7069856893185,34.5053817954523,1.46645947294053,15922.7668349788,1367510.0
Tunisia,TUN,2000,4.29872554067971,91.1,94.8,14.2,748.273831151715,2.16396729727336,26.8066210495559,4.7099729138049,2864.54703666618,9764935.0
Tunisia,TUN,2001,4.31132852729145,93.1,97.3,14.2,781.40012180483,2.23029588506291,26.4366983342993,3.79627166202512,2941.73893592906,9869677.0
Tunisia,TUN,2002,4.32393151390319,94.7,97.8,14.6,783.697921952401,2.183950984379,26.5762343014844,1.32255714828946,2950.20410959054,9971515.0
Tunisia,TUN,2003,4.33653450051493,95.8,98.4,14.1,797.158334635846,2.14118228306991,25.5614419956351,4.70239953285241,3058.22895827842,10071632.0
Tunisia,TUN,2004,4.34913748712667,96.8,99.0,13.9,832.55467184916,2.24425872376825,25.5797726482743,6.23579072222647,3218.72320748457,10166163.0
Tunisia,TUN,2005,4.36174047373841,97.4,99.2,14.2,810.836929733225,2.28632090263617,26.4335697738291,3.4865455430439,3301.93817216029,10255472.0
Tunisia,TUN,2006,4.37434346035015,98.1,99.4,14.3,845.985604662777,2.34264831956205,27.1847312495356,5.24409983246916,3444.5513526091,10346410.0
Tunisia,TUN,2007,4.3869464469619,98.5,99.4,14.3,865.764456490386,2.39258887104803,28.9083416057516,6.70952097453554,3642.11977444786,10441702.0
Tunisia,TUN,2008,4.39954943357364,98.9,99.4,14.6,894.304160812003,2.41189228309621,31.44941852471,4.23778147502819,3760.11828478704,10542635.0
Tunisia,TUN,2009,4.41215242018538,99.1,99.5,16.1,859.962925384995,2.38155663473538,28.0412153272481,3.04345012371552,3835.25011939301,10650681.0
Tunisia,TUN,2010,4.42475540679712,99.3,99.5,12.6,955.707047372167,2.57579895188362,29.5235517709565,2.97113275066512,3906.90625867605,10765980.0
Tunisia,TUN,2011,4.4346035015448,99.5,99.5,13.2,902.903041115908,2.41262314515799,30.54812597421,-2.04663389535644,3784.7412903401,10886035.0
Tunisia,TUN,2012,4.44445159629248,99.6,99.5,13.0,930.16863461378,2.56515036313153,30.1215368230456,4.21667711535632,3900.04620132702,11009647.0
Tunisia,TUN,2013,4.45429969104016,99.7,99.7,13.2,935.797099690451,2.53281443802063,29.1379467288349,2.42993096446429,3947.58763533174,11141361.0
Tunisia,TUN,2014,4.46414778578785,99.8,99.8,12.9,939.769133002953,2.67906940110098,27.1288836396189,3.09032803070775,4021.59954703591,11274288.0
Tunisia,TUN,2015,4.47399588053553,99.8,99.9,12.5,952.983955126789,2.69429825515354,24.8970515198959,0.967834205635981,4014.94773686432,11402264.0
Tunisia,TUN,2016,4.48384397528321,99.8,100.0,12.4,955.176493865808,2.59021982927091,24.0076023041992,1.117231963992,4015.28893802703,11528674.0
Tunisia,TUN,2017,4.4936920700309,99.9,100.0,11.8,973.953481456321,2.60042961253673,23.624101204276,2.25261437620587,4062.80606534519,11650498.0
Tunisia,TUN,2018,4.50354016477858,99.9,99.8,11.9,973.074341333009,2.56581225435625,23.6862252235906,2.60696965356362,4127.97005697994,11765514.0
Tunisia,TUN,2019,4.51338825952626,99.9,100.0,12.2,950.614263724593,2.54693841667269,23.2353115777678,1.55009304966742,4153.27978615515,11875081.0
Tunisia,TUN,2020,4.52323635427395,99.9,99.9,12.9,896.515593998175,2.39839346012801,21.5120069019708,-8.97512622934723,3749.26841452928,11974057.0
Tunisia,TUN,2021,4.53308444902163,99.9,99.9,11.6,964.474882954034,2.57438568493559,23.3568690771039,4.73603648206102,3902.53322990199,12048622.0
Tunisia,TUN,2022,4.54293254376931,99.9,100.0,,956.041118887201,2.50498913554161,25.9624438396638,2.75228761004381,3986.54558325666,12119334.0
Tunisia,TUN,2023,4.55278063851699,99.9,100.0,,,2.55804077741188,24.0937583898893,0.184015548469745,3967.33387634534,12200431.0
Turkiye,TUR,2000,26.1792679599288,89.7,99.9,17.3,1166.01412005443,3.47043278431936,26.8038683547198,6.98528697817062,6326.25746472488,65425961.0
Turkiye,TUR,2001,26.3007198264101,90.4,99.9,18.1,1060.57071953568,3.1206808144442,25.5218513969355,-5.45940838563062,5906.92348536699,66245128.0
Turkiye,TUR,2002,26.4221716928914,91.2,99.8,17.5,1107.27991011855,3.24208511129842,24.6318670867085,6.43550883793114,6211.70542960394,67048795.0
Turkiye,TUR,2003,26.5436235593727,91.7,99.8,16.3,1159.99665803769,3.38625448591684,24.8432929751477,5.79909321038525,6496.07277294612,67831730.0
Turkiye,TUR,2004,26.665075425854,92.2,99.7,16.8,1176.75430160118,3.43889343076092,25.1592284848331,9.92540551918624,7061.62219794984,68592617.0
Turkiye,TUR,2005,26.7865272923353,92.7,99.7,15.3,1211.46561646669,3.5495611200862,25.2941440738888,9.11157745861635,7623.14640948457,69329557.0
Turkiye,TUR,2006,26.9079791588166,93.0,99.7,14.2,1328.69230138979,3.91176721812036,26.0949736856779,7.06762607623939,8078.5153787571,70045349.0
Turkiye,TUR,2007,27.0294310252979,93.5,99.7,12.5,1429.92300570179,4.28079364507414,26.4310925169888,5.10818513903604,8477.53328393352,70158112.0
Turkiye,TUR,2008,27.1508828917792,93.8,99.7,12.5,1385.17801532797,4.21593984029483,26.2111946844741,0.920118221365883,8447.93976396947,71051678.0
Turkiye,TUR,2009,27.2723347582605,93.9,99.7,13.1,1364.09730379872,4.1835136272879,24.0534082630626,-4.88269401706633,7925.30110421185,72039206.0
Turkiye,TUR,2010,27.3937866247418,94.2,100.0,14.2,1445.41016354332,4.26801919276368,24.5086143505767,8.54219848467686,8472.57809050119,73142150.0
Turkiye,TUR,2011,27.535990021179,94.4,100.0,12.7,1515.88033612695,4.48332295905392,26.8475365830986,10.9799625273598,9265.85910238578,74223629.0
Turkiye,TUR,2012,27.6781934176163,94.5,100.0,13.0,1567.31606123672,4.57803809727294,26.6835564000517,4.80762696633448,9588.32066531438,75175827.0
Turkiye,TUR,2013,27.8203968140535,94.7,100.0,13.8,1510.79118967025,4.38456228128668,27.7513691316392,8.48825689298511,10269.4489140773,76147624.0
Turkiye,TUR,2014,27.9626002104908,94.9,100.0,11.5,1543.09095693879,4.60446003106117,28.1981753928692,4.60079447270559,10597.9801881716,77181884.0
Turkiye,TUR,2015,28.104803606928,95.0,100.0,13.3,1646.83631130339,4.70276339686943,27.9632974104138,5.80557386628684,11064.6494504662,78218479.0
Turkiye,TUR,2016,28.104803606928,95.0,100.0,13.2,1724.54363987712,4.93533246982308,28.3385128402288,3.32366508200445,11279.6169531569,79277962.0
Turkiye,TUR,2017,28.2635292283305,95.1,100.0,11.4,1828.02986770908,5.39416444458135,29.0347245862534,7.82585730002594,12005.6459824832,80312698.0
Turkiye,TUR,2018,28.4660940971636,95.2,100.0,11.8,1771.33742856964,5.27401972926131,29.1851848904908,3.46815306092219,12255.0082146169,81407204.0
Turkiye,TUR,2019,28.6687888985616,95.1,100.0,14.1,1774.19625722275,5.01913672458907,27.0679926930773,1.30162365464503,12238.2950220128,82579440.0
Turkiye,TUR,2020,28.8714836999597,95.3,100.0,13.7,1762.01062220058,5.07395962903497,27.7974533640579,1.80306247087255,12338.643833135,83384680.0
Turkiye,TUR,2021,29.0741785013578,95.3,100.0,12.0,1894.62719281739,5.47500634541911,30.8205598235418,11.811094450607,13670.938029516,84147318.0
Turkiye,TUR,2022,29.2768733027559,95.3,100.0,,1841.55630679263,5.22956172007378,30.890102398727,5.44122511322401,14273.5747654873,84979913.0
Turkiye,TUR,2023,29.4795681041539,95.3,100.0,,1849.53592344542,5.23215412799609,28.1932800305474,5.04512369812289,14932.8851363122,85325965.0
Turkmenistan,TKM,2000,8.78215904496414,99.3,99.6,0.1,3247.66275154073,8.58454567057639,41.0606930882634,5.46906413252854,2255.01496788934,4582677.0
Turkmenistan,TKM,2001,8.78215904496414,99.4,99.6,0.1,2700.90899180476,8.61697874988049,41.971987241714,4.34384571432727,2306.30057631688,4675409.0
Turkmenistan,TKM,2002,8.78215904496414,99.5,99.6,0.1,2214.7855014736,9.06185494599499,40.2984084880637,0.257179925006284,2266.6336625636,4769465.0
Turkmenistan,TKM,2003,8.78215904496414,99.6,99.6,0.1,3005.38744315825,9.90000750432012,38.8856156889151,3.26882855955344,2295.29620574541,4863865.0
Turkmenistan,TKM,2004,8.78215904496414,99.7,99.5,0.1,3714.90894763692,10.3515202316697,37.8718504470333,5.00040743766748,2364.26725156856,4958093.0
Turkmenistan,TKM,2005,8.78215904496414,99.7,99.5,0.1,3554.4342564154,10.4702314233025,37.0639941772577,13.034034870022,2622.61796328876,5052257.0
Turkmenistan,TKM,2006,8.78215904496414,99.8,99.8,0.1,3604.33240214602,10.6776333492322,35.7901703447346,10.9733083254017,2856.77457038028,5147105.0
Turkmenistan,TKM,2007,8.78215904496414,99.8,99.6,0.1,3507.2827649472,11.591660332499,37.7096296296296,11.05929947045,3114.06330033038,5244046.0
Turkmenistan,TKM,2008,8.78215904496414,99.9,99.6,0.1,4237.18811987589,11.5880007386302,60.5457853244391,14.7,3504.34843278483,5345029.0
Turkmenistan,TKM,2009,8.78215904496414,99.9,99.7,0.1,3648.03950949321,10.0209076541311,60.9102428355696,6.10000011485643,3645.43522420841,5451592.0
Turkmenistan,TKM,2010,8.78215904496414,99.9,100.0,0.1,4077.8138474231,11.0800243550197,59.1311643516361,9.19999998805483,3900.14237925855,5564356.0
Turkmenistan,TKM,2011,8.78215904496414,99.9,99.8,0.1,4315.10295190096,11.6373653384927,65.8692912440737,14.6999999278723,4379.74943394339,5683417.0
Turkmenistan,TKM,2012,8.78215904496414,99.9,99.9,0.0,4232.43008359245,11.7581405053864,66.5798559141072,11.0999999615545,4761.0792759807,5808546.0
Turkmenistan,TKM,2013,8.78215904496414,99.9,99.9,0.1,3952.26848549516,10.99020918314,63.4277120836429,10.200000101399,5131.16736462999,5939341.0
Turkmenistan,TKM,2014,8.78215904496414,99.9,100.0,0.1,3758.60667175271,10.4055728761936,60.6696011092838,10.2999999705459,5533.03528846527,6075283.0
Turkmenistan,TKM,2015,8.78215904496414,99.9,100.0,0.1,3722.78312991377,10.9255651351321,54.2933303537937,6.49999990951666,5759.497903834,6215770.0
Turkmenistan,TKM,2016,8.78215904496414,99.9,100.0,0.1,3589.90954802381,10.5800733045589,51.4325436635517,6.1999999664301,5977.83828113854,6360041.0
Turkmenistan,TKM,2017,8.78215904496414,99.9,100.0,0.1,3558.31901850361,11.091151596704,47.0438896506004,6.50000004682975,6222.55590558882,6507061.0
Turkmenistan,TKM,2018,8.78215904496414,99.9,100.0,0.1,3427.90624399814,11.1534118125034,44.9063982786535,6.19999994137119,6460.94356849428,6655524.0
Turkmenistan,TKM,2019,8.78215904496414,99.9,99.9,0.1,3465.56523671972,10.7659028351791,42.4122793165524,6.30000004226711,6718.16608056274,6803944.0
Turkmenistan,TKM,2020,8.78215904496414,99.9,100.0,0.1,3395.82680039957,11.0541399660888,37.3826880265398,5.900000048526,6965.11226889286,6949912.0
Turkmenistan,TKM,2021,8.78215904496414,99.9,100.0,0.1,5128.82417624964,13.4562494897451,37.1241986904803,6.20000001747076,7248.70763225719,7092043.0
Turkmenistan,TKM,2022,8.78215904496414,99.8,100.0,,5625.64523686666,14.0053384467054,40.4477669790021,6.19999993621698,7551.03650143157,7230193.0
Turkmenistan,TKM,2023,8.78215904496414,99.8,100.0,,,12.8629910388274,39.272199471256,6.30015758549871,7880.44528570939,7364438.0
Turks and Caicos Islands,TCA,2000,11.0736842105263,,95.6,0.4,,0.945008008542445,15.0150590104723,,,18730.0
Turks and Caicos Islands,TCA,2001,11.0736842105263,,94.9,0.4,,0.939926440539436,14.007338921707,,,19576.0
Turks and Caicos Islands,TCA,2002,11.0736842105263,,95.2,0.4,,1.25746467932223,14.0949785919529,,,20597.0
Turks and Caicos Islands,TCA,2003,11.0736842105263,,95.4,0.4,,1.27491140056151,14.7753918452455,,,21727.0
Turks and Caicos Islands,TCA,2004,11.0736842105263,,95.7,0.4,,1.22506125306265,16.7164539945321,,,22856.0
Turks and Caicos Islands,TCA,2005,11.0736842105263,,96.0,0.4,,1.40070035017509,18.1991124795168,,,23988.0
Turks and Caicos Islands,TCA,2006,11.0736842105263,,96.2,0.3,,1.69963778211201,20.2239117651337,,,25123.0
Turks and Caicos Islands,TCA,2007,11.0736842105263,,96.6,0.3,,1.99847735059003,19.9741431692717,,37466.1822614725,26270.0
Turks and Caicos Islands,TCA,2008,11.0736842105263,,96.9,0.3,,2.14387282604733,19.5429612697117,8.27189312486149,38854.1075698814,27427.0
Turks and Caicos Islands,TCA,2009,11.0736842105263,,100.0,0.3,,2.28417517839653,16.1996427636893,-19.5502467595022,29988.5997375172,28588.0
Turks and Caicos Islands,TCA,2010,11.0736842105263,,100.0,0.3,,2.46477689229631,11.9362889275876,0.984924853810682,29111.8729223189,29739.0
Turks and Caicos Islands,TCA,2011,11.0736842105263,,100.0,0.4,,1.81222848991766,7.9283128949713,4.62049892978239,29363.9475927366,30846.0
Turks and Caicos Islands,TCA,2012,11.0736842105263,,93.1,0.4,,1.80533507641548,8.08058613336407,-2.66655562053364,27441.3335987017,32127.0
Turks and Caicos Islands,TCA,2013,11.0736842105263,,100.0,0.4,,1.99387870323597,8.40723340375848,1.07088049554032,26477.5410719582,33653.0
Turks and Caicos Islands,TCA,2014,11.0736842105263,,100.0,0.4,,2.16833095577746,7.97110615144182,8.71129580824217,27636.8210228067,35050.0
Turks and Caicos Islands,TCA,2015,11.0736842105263,,100.0,0.4,,2.18549378500205,8.25866152758946,11.3148293929929,29457.0140691162,36605.0
Turks and Caicos Islands,TCA,2016,11.0736842105263,,100.0,0.4,,2.29936056374788,7.96687070223397,7.25118627570265,30183.0002949881,38315.0
Turks and Caicos Islands,TCA,2017,11.0736842105263,,100.0,0.3,,2.21231177811741,9.00290327373748,74.5879880544188,50586.1032335151,39913.0
Turks and Caicos Islands,TCA,2018,11.0736842105263,,100.0,0.4,,4.56459491325585,9.09559174301107,6.75264845178367,51863.1830309332,41559.0
Turks and Caicos Islands,TCA,2019,11.0736842105263,,100.0,0.5,,5.12208682759579,8.62929879475565,4.98170549382992,52419.8862128617,43166.0
Turks and Caicos Islands,TCA,2020,11.0736842105263,,99.4,0.5,,4.84161672599468,11.1361550196159,-33.8170973434652,33739.4253991739,44386.0
Turks and Caicos Islands,TCA,2021,11.0736842105263,,100.0,0.8,,4.75211634949053,9.80865520005111,29.6293781722414,42907.7492465912,45243.0
Turks and Caicos Islands,TCA,2022,11.0736842105263,,99.9,0.8,,4.8094749929112,10.0498633655924,14.0871234168153,48307.3079245499,45847.0
Turks and Caicos Islands,TCA,2023,11.0736842105263,,100.0,,,4.78808606433179,9.48175117001586,13.7311481139228,54523.0330927151,46198.0
Tuvalu,TUV,2000,33.3333333333333,7.3,94.6,0.0,,0.0,6.24423076923077,-0.970489205783323,3056.55101983122,9544.0
Tuvalu,TUV,2001,33.3333333333333,8.9,94.8,0.0,,0.0,7.41518518518519,0.0,3043.15907920605,9586.0
Tuvalu,TUV,2002,33.3333333333333,10.4,94.6,0.0,,0.0,7.35032258064516,9.52380952380953,3320.16858154912,9623.0
Tuvalu,TUV,2003,33.3333333333333,12.8,95.1,0.0,,0.0,9.54133333333333,-4.34782608695652,3152.22822039796,9695.0
Tuvalu,TUV,2004,33.3333333333333,15.3,95.3,0.0,,0.0,8.99612903225806,-2.27272727272727,3042.6128529965,9816.0
Tuvalu,TUV,2005,33.3333333333333,18.4,95.5,0.0,,0.0,7.41766666666667,-4.65116279069767,2864.90524160208,9940.0
Tuvalu,TUV,2006,33.3333333333333,22.4,95.7,0.0,,0.0,5.403125,2.4390243902439,2900.92710155819,10056.0
Tuvalu,TUV,2007,33.3333333333333,27.2,96.7,0.0,,0.0,7.44117647058824,7.14285714285714,3069.67368184077,10182.0
Tuvalu,TUV,2008,33.3333333333333,32.95,96.2,0.2,,0.0,12.2605263157895,6.66666666666667,3230.22109521715,10321.0
Tuvalu,TUV,2009,33.3333333333333,38.6,96.5,0.2,,0.0,11.0388888888889,-6.25,2987.80397939993,10461.0
Tuvalu,TUV,2010,33.3333333333333,44.6,96.7,0.4,,0.0,5.52571428571429,-2.22222222222223,2879.29645720352,10614.0
Tuvalu,TUV,2011,33.3333333333333,50.5,97.0,0.2,,0.0,8.89210526315789,6.81818181818181,3028.2511217061,10780.0
Tuvalu,TUV,2012,33.3333333333333,55.3,97.7,0.3,,0.0,7.635,-2.12765957446808,2922.07629963849,10934.0
Tuvalu,TUV,2013,33.3333333333333,60.0,97.6,0.7,,0.0,7.49075,4.34782608695652,3030.55285189857,11001.0
Tuvalu,TUV,2014,33.3333333333333,63.6,97.9,0.7,,0.0,7.39348837209302,0.0,3035.24325598472,10984.0
Tuvalu,TUV,2015,33.3333333333333,66.9,98.1,3.0,,0.0,7.01551020408163,10.4166666666667,3357.83417700071,10963.0
Tuvalu,TUV,2016,33.3333333333333,69.4,97.3,7.3,,0.0,,5.66037735849056,3558.61212970652,10930.0
Tuvalu,TUV,2017,33.3333333333333,71.3,98.7,7.0,,0.0,,2.44839285714286,3666.20189700038,10869.0
Tuvalu,TUV,2018,33.3333333333333,73.5,99.0,6.4,,0.0,,1.38728384151602,3757.85997284742,10751.0
Tuvalu,TUV,2019,33.3333333333333,73.95,99.7,6.3,,0.0,,13.8220984406966,4345.99606453315,10581.0
Tuvalu,TUV,2020,33.3333333333333,75.0,99.4,5.0,,0.0,,-4.27493206901397,4233.0183205634,10399.0
Tuvalu,TUV,2021,33.3333333333333,76.4,99.7,5.0,,0.0,,1.8041359113616,4396.04894488478,10194.0
Tuvalu,TUV,2022,33.3333333333333,76.75,100.0,5.2,,0.0,,0.677309361438304,4515.29701517492,9992.0
Tuvalu,TUV,2023,33.3333333333333,77.0,100.0,,,0.0,,3.85280919517032,4773.34085526672,9816.0
Uganda,UGA,2000,15.8297882988839,0.8,7.4,95.3,386.584595406427,0.0589121317991763,21.4381815994678,3.141907338187,509.19755319016,24000150.0
Uganda,UGA,2001,15.6233271608028,0.8,8.6,95.5,386.092603822015,0.0580990392018387,21.168654308304,5.18366112490236,519.456547890884,24745676.0
Uganda,UGA,2002,15.4168660227216,0.8,7.8,95.6,387.324648119083,0.0641643497186176,22.9201021171547,8.73268576440127,547.405338919875,25532870.0
Uganda,UGA,2003,15.2104048846404,0.8,10.5,95.6,388.389226414675,0.0656873047500839,22.6767077659616,6.47325867166543,564.720539196569,26352124.0
Uganda,UGA,2004,15.0039437465592,0.8,11.6,95.3,388.649807194251,0.0667402824171229,20.8640088141741,6.80723334361883,585.339489080616,27154515.0
Uganda,UGA,2005,14.7974826084781,0.8,8.9,94.5,392.296679300675,0.0794505968164188,23.5101064935397,6.33256511623156,604.404813057618,27963289.0
Uganda,UGA,2006,14.5910214703969,0.8,9.0,94.2,393.870894212368,0.0895533698457974,22.7661611506903,10.7847443857453,650.270540867444,28794003.0
Uganda,UGA,2007,14.3845603323157,0.8,14.8,94.1,396.66304999539,0.104854649192353,25.0773314305706,8.41242596551071,684.542241787248,29653430.0
Uganda,UGA,2008,14.1780991942345,0.8,15.9,94.1,402.698980928732,0.11396368506114,25.768110035453,8.70875190154499,722.565167003452,30539553.0
Uganda,UGA,2009,13.9716380561533,0.8,10.0,94.3,414.792171517828,0.121798404134717,27.2861852856713,6.80151734860395,749.342865535423,31451151.0
Uganda,UGA,2010,13.7164372631159,0.9,12.1,93.6,421.142950548341,0.117311081090243,27.5918336188994,5.63761163749757,768.624091660131,32390802.0
Uganda,UGA,2011,13.5107121484141,0.9,14.6,93.3,429.271141094876,0.127802680432468,27.5582956754514,9.3916554927176,816.516366587228,33354543.0
Uganda,UGA,2012,13.3049870337123,0.9,20.5,93.4,436.121048102054,0.126072306268161,27.1786073378959,3.83745560605229,823.580468285493,34337438.0
Uganda,UGA,2013,13.0992619190106,0.9,13.9,93.1,449.382170398049,0.124837840133874,25.4646646803777,3.58690582623025,828.988669729986,35337042.0
Uganda,UGA,2014,12.8935368043088,0.9,20.4,92.4,456.037640791645,0.133324031827087,25.222682012996,5.10630732539796,845.978664791099,36395539.0
Uganda,UGA,2015,12.687811689607,1.0,18.5,91.7,470.560471935976,0.149085649404502,27.1098848763257,5.18785986002466,862.934610355811,37531446.0
Uganda,UGA,2016,12.4820965489727,1.1,26.7,91.4,473.604213435105,0.154688947840922,26.1664603884593,4.78100029254482,874.648370639216,38799152.0
Uganda,UGA,2017,12.2763814083383,1.1,32.4,91.3,468.55301936099,0.155657206984187,26.0309948147929,3.13140551723596,871.093880017151,40177388.0
Uganda,UGA,2018,12.070666267704,1.2,41.9,90.5,468.502676315592,0.164969635756831,26.2360116484378,6.30392378262997,895.07512785438,41565831.0
Uganda,UGA,2019,11.8649012567325,1.3,41.3,90.5,455.421313903164,0.1642944102063,26.6204366953482,6.43874503276439,920.939101515671,42999637.0
Uganda,UGA,2020,11.6591861160981,1.4,42.1,91.6,475.325187025973,0.160149709994918,26.4905245869762,2.95130642218098,917.0350317644,44457152.0
Uganda,UGA,2021,11.4534375623379,1.5,45.2,91.0,483.425019132137,0.176657279649966,27.149441688847,3.53658034070898,919.401675217265,45910930.0
Uganda,UGA,2022,11.2477114502294,1.6,47.1,90.9,482.821621536668,0.168117583772769,26.7661486333726,4.58802192181773,933.094056370423,47312719.0
Uganda,UGA,2023,11.0419703770197,1.8,51.5,,,0.166813953979235,25.7532114394482,5.33697295511469,955.745797275462,48656601.0
Ukraine,UKR,2000,16.4149477863122,91.2,99.1,1.2,2700.10061007166,7.28514189616492,31.6502770712209,5.90000000024899,1409.22265625,49556660.0
Ukraine,UKR,2001,16.4215068611375,91.7,99.2,1.2,2730.9849933122,7.33438335645808,29.9078962945424,8.80000000367222,1547.2783203125,49106855.0
Ukraine,UKR,2002,16.4283495011565,92.1,99.3,1.0,2786.00498673634,7.40706121198512,30.2155139276837,5.33964720719075,1644.28125,48677281.0
Ukraine,UKR,2003,16.4349086891981,92.5,99.3,1.0,2914.06696251373,8.13374301585325,30.4267094517856,9.51660986436364,1814.25854492188,48315136.0
Ukraine,UKR,2004,16.4414678772396,93.0,99.4,1.2,2957.98499344051,7.68697352392554,29.3717696283534,11.7953525281136,2042.44494628906,47979507.0
Ukraine,UKR,2005,16.4468915047119,93.3,99.9,1.3,2964.77701596962,7.50423510865356,30.1861914393484,3.07123039245209,2122.6015625,47585556.0
Ukraine,UKR,2006,16.4540182270091,93.65,99.5,1.8,2866.6234732695,7.53783934894648,30.5434517130428,7.57142076322967,2298.13232421875,47278694.0
Ukraine,UKR,2007,16.4614295824487,93.9,99.8,2.4,2961.88351682898,7.81301613219001,30.6585222325477,8.21584445165715,2498.35205078125,47062798.0
Ukraine,UKR,2008,16.4682731478285,94.1,99.8,2.7,2875.89657843683,7.52327011315342,28.083434007624,2.24349159628288,2567.69409179688,46819175.0
Ukraine,UKR,2009,16.4748325623144,94.3,99.9,3.0,2453.43957426865,6.26790678763997,24.759831137373,-15.1364679101502,2188.17016601563,46623731.0
Ukraine,UKR,2010,16.4813919768004,94.5,100.0,2.9,2848.78160077932,6.8001696142477,25.6492814021248,4.09200436668087,2285.93383789063,46456003.0
Ukraine,UKR,2011,16.5190223020093,94.7,100.0,2.7,2732.88427034676,7.19759562163247,24.8391242667758,5.44528081048476,2418.12084960938,46307853.0
Ukraine,UKR,2012,16.5566526272181,94.8,99.9,2.9,2650.99861590717,7.03131803172885,24.2660524050508,0.152314967200653,2426.92944335938,46210056.0
Ukraine,UKR,2013,16.594282952427,95.0,100.0,3.5,2517.91132267143,6.83496373147307,22.4302649907366,0.045439094492707,2432.41625976563,46126770.0
Ukraine,UKR,2014,16.6327746033938,95.1,100.0,3.5,2298.60778628289,5.85851548255714,22.8189915653958,-10.0788949840953,2308.6435546875,45972380.0
Ukraine,UKR,2015,16.6704068773844,95.1,100.0,4.2,2027.641681734,4.93846267555134,21.7279577419459,-9.7729872128676,2094.47387695313,45784896.0
Ukraine,UKR,2016,16.6824906350878,95.1,100.0,5.5,2007.97794185628,4.98162827265164,23.1783620717483,2.44098194492067,2156.0830078125,45616832.0
Ukraine,UKR,2017,16.6942862074918,95.1,100.0,6.5,1967.83535233788,4.52463056805499,23.2888002154817,2.35997228099491,2217.7529296875,45436041.0
Ukraine,UKR,2018,16.7034863652054,95.1,100.0,6.9,2068.75608372619,4.82875863377984,23.2933329813033,3.48836234022659,2308.6669921875,45208907.0
Ukraine,UKR,2019,16.7138419054194,95.1,100.0,7.4,1987.62473314258,4.62458753784522,22.5804196823995,3.19950386354134,2398.07836914063,44957458.0
Ukraine,UKR,2020,16.7241974456334,95.3,100.0,8.7,1932.92182292303,4.45159215930416,20.7999429657705,-3.75281793983162,2324.107421875,44680014.0
Ukraine,UKR,2021,16.7345529858474,95.1,100.0,8.9,2096.06217562326,4.38244379511425,23.1537142195647,3.44562065945944,2426.6123046875,44298640.0
Ukraine,UKR,2022,16.7449085260614,95.1,100.0,,1479.47224953939,2.90739555971061,18.0108316024427,-28.7585842155085,1874.66296386719,41048766.0
Ukraine,UKR,2023,16.7552640662755,94.9,100.0,,1508.27791300021,3.22518031774765,19.0867598647608,5.53473354963334,2164.26123046875,37732836.0
United Arab Emirates,ARE,2000,4.35694170656153,100.0,100.0,0.1,8956.94929901911,25.3198800655489,48.5170116316395,10.8527042153779,56939.2701807931,3493575.0
United Arab Emirates,ARE,2001,4.36802309208674,100.0,100.0,0.1,11703.2751045514,27.1939982651151,49.6763412859899,1.39908503706683,54169.4153530236,3723590.0
United Arab Emirates,ARE,2002,4.37910447761194,100.0,100.0,0.1,10866.2518811768,26.1619793238318,47.5457475824448,2.43345681089617,52216.8753217152,3956826.0
United Arab Emirates,ARE,2003,4.39018586313714,100.0,100.0,0.1,10102.2168560285,25.956044391153,49.1210129154604,8.80054081355328,53619.1925678774,4192457.0
United Arab Emirates,ARE,2004,4.40126724866235,100.0,100.0,0.1,9441.12715739602,25.9698706267172,51.6783480847693,9.56643663767056,55611.419401142,4428967.0
United Arab Emirates,ARE,2005,4.41234863418755,100.0,100.0,0.1,9535.23423153349,26.2522643034306,55.6434763024807,4.85514119553341,55363.5661047143,4664790.0
United Arab Emirates,ARE,2006,4.42343001971276,100.0,100.0,0.1,9239.48012400956,25.3932243317163,57.903111718071,9.83731976924005,56629.9761392644,5009100.0
United Arab Emirates,ARE,2007,4.43451140523796,100.0,100.0,0.1,8929.91291284475,24.382755503246,54.840228590251,3.18439017324592,52038.6159567932,5624635.0
United Arab Emirates,ARE,2008,4.44559279076317,100.0,100.0,0.1,9426.22252523971,26.0607102012736,58.0179784435584,3.19183627331763,47922.6988207823,6302664.0
United Arab Emirates,ARE,2009,4.45667417628837,100.0,100.0,0.1,9485.64696621464,24.6511808903397,52.044956000368,-5.24292190384988,42672.1987890808,6707058.0
United Arab Emirates,ARE,2010,4.46775556181357,100.0,100.0,0.1,8944.43348137498,25.0301244367043,50.2592548678862,1.60285004671343,42328.8508165469,6869838.0
United Arab Emirates,ARE,2011,4.46775556181357,100.0,100.0,0.1,8558.24529408267,24.9498559934509,55.7510208781767,6.73646786920814,43687.7782783233,7104538.0
United Arab Emirates,ARE,2012,4.46775556181357,100.0,100.0,0.1,8614.16881429917,25.0303188225095,55.356407543947,4.6832657020049,43958.5681120856,7391448.0
United Arab Emirates,ARE,2013,4.46775556181357,100.0,100.0,0.1,8858.22242582428,25.3545579109196,52.9894122214127,4.91847806719888,44312.6337162614,7693031.0
United Arab Emirates,ARE,2014,4.46775556181357,100.0,100.0,0.1,9633.42212114175,24.5815838321273,50.7402069875437,4.63288144983127,44257.6514761082,8059440.0
United Arab Emirates,ARE,2015,4.46775556181357,100.0,100.0,0.1,10146.376786057,24.3205333372838,42.1588028480264,7.08767348587587,44910.334995523,8505237.0
United Arab Emirates,ARE,2016,4.46775556181357,100.0,100.0,0.1,10355.5476088804,23.7748451471417,39.8749229592768,5.65793329224303,45168.4982473243,8935095.0
United Arab Emirates,ARE,2017,4.46775556181357,100.0,100.0,0.2,8521.13677246594,22.1639068763908,41.4122717128473,-1.06137661464977,43293.0203824801,9223225.0
United Arab Emirates,ARE,2018,4.46775556181357,100.0,100.0,0.3,8482.30317231137,20.0375833141554,45.7439845434706,1.53716683173516,43377.7858697225,9346701.0
United Arab Emirates,ARE,2019,4.46775556181357,100.0,100.0,0.7,8816.50943614681,20.945786930361,43.4669683746299,1.27134240761141,43468.4586811918,9445785.0
United Arab Emirates,ARE,2020,4.46775556181357,100.0,100.0,0.9,8154.35294132635,20.8141058466097,40.3215883178557,-8.69342617885171,39878.474427695,9401038.0
United Arab Emirates,ARE,2021,4.46775556181357,100.0,100.0,1.0,8674.22641438132,20.8269278649571,45.3811872508727,4.55278571242283,40935.8936567784,9575152.0
United Arab Emirates,ARE,2022,4.46775556181357,100.0,100.0,,8335.80957162683,19.3731459635094,49.3332992568668,7.51448425801082,41828.5553298104,10074977.0
United Arab Emirates,ARE,2023,4.46775556181357,100.0,100.0,,,18.3804823292732,45.4007387994769,4.30118228020602,41926.5823645673,10483751.0
United Kingdom,GBR,2000,12.2101434299177,100.0,100.0,1.0,3786.40281086309,9.37230154582975,22.6809648077092,4.52438074810904,39297.1366317267,58892514.0
United Kingdom,GBR,2001,12.2535444136734,100.0,100.0,0.8,3785.6601241847,9.52500193970965,21.7733033648489,2.39102229602824,40082.1359356822,59119673.0
United Kingdom,GBR,2002,12.296945397429,100.0,100.0,1.0,3716.62337347063,9.21604321231769,21.2370024258232,1.70902736258567,40594.932929345,59370479.0
United Kingdom,GBR,2003,12.3403463811846,100.0,100.0,0.9,3764.06191688174,9.40083618149317,20.8760857408543,3.21851612669614,41706.8303930126,59647577.0
United Kingdom,GBR,2004,12.3837473649403,100.0,100.0,1.1,3697.50381825103,9.35478076788979,20.2198255952825,2.32601853325993,42434.8209023638,59987905.0
United Kingdom,GBR,2005,12.4271483486959,100.0,100.0,1.4,3689.55051742336,9.2634507993102,20.2645432136421,2.7906547174688,43320.5628684438,60401206.0
United Kingdom,GBR,2006,12.4705493324515,100.0,100.0,1.6,3601.05090812166,9.20229684969568,20.1946444035506,2.18982132415704,43944.9985799069,60846820.0
United Kingdom,GBR,2007,12.5139503162072,100.0,100.0,1.8,3443.58715993443,8.97579081257711,19.7229026460162,2.93091133582351,44882.141312304,61322463.0
United Kingdom,GBR,2008,12.5573512999628,100.0,100.0,2.4,3370.1581117517,8.63835719565399,20.0744967754056,-0.0494116727402769,44508.2874631479,61806995.0
United Kingdom,GBR,2009,12.6007522837184,100.0,100.0,3.0,3144.00201324492,7.76330695463938,18.7333630455206,-4.58740819226323,42146.5095879962,62276270.0
United Kingdom,GBR,2010,12.6441532674741,100.0,100.0,3.2,3235.05383786127,7.97797355319206,18.5566755103695,2.26054460931586,42762.720840223,62766365.0
United Kingdom,GBR,2011,12.7235150663415,100.0,100.0,4.0,2973.83120573757,7.25917227971883,18.3010218899425,0.851437739020326,42791.0934313474,63258810.0
United Kingdom,GBR,2012,12.8028768652089,100.0,100.0,4.2,3028.77223348044,7.55583494216069,18.2827169299324,1.52826034721852,43136.7006795996,63711000.0
United Kingdom,GBR,2013,12.8822386640764,100.0,100.0,5.2,2962.29760006424,7.33126023168431,18.592711752238,1.71846961308464,43585.1936238647,64139000.0
United Kingdom,GBR,2014,12.9616004629438,100.0,100.0,6.6,2767.96188412765,6.66445837202105,18.3478341562377,3.16017351468152,44627.8818268644,64620000.0
United Kingdom,GBR,2015,13.0409622618113,100.0,100.0,7.7,2774.79682774608,6.38957565142576,18.1397353548933,2.14040560033371,45255.3449216209,65088000.0
United Kingdom,GBR,2016,13.0574959699087,100.0,100.0,7.7,2696.97999020896,5.97285960339598,17.6677948178206,2.20652020635357,45888.0105130748,65607000.0
United Kingdom,GBR,2017,13.0781631050304,100.0,100.0,8.8,2658.99577329303,5.77133371736955,17.8215277161884,3.02322219840339,47018.0254757676,65966000.0
United Kingdom,GBR,2018,13.1153639482495,100.0,100.0,10.2,2632.15067210726,5.64018313747379,18.0023660420923,1.55133095078786,47514.7763693453,66289000.0
United Kingdom,GBR,2019,13.1525647914686,100.0,100.0,11.4,2515.97344619501,5.38807912233045,17.8736338534045,1.25629899760824,47864.7588712634,66631000.0
United Kingdom,GBR,2020,13.1856322076634,100.0,100.0,13.6,2317.4085386833,4.78988972791562,17.4957170827215,-10.047896637362,42982.4631007642,66744000.0
United Kingdom,GBR,2021,13.2214553796553,100.0,100.0,12.2,2377.26368887082,5.04470918428281,16.9553165949957,8.5431118453255,46487.3424706549,66984000.0
United Kingdom,GBR,2022,13.2554871243748,100.0,100.0,,2254.36941582721,4.80733240636649,16.8198596717719,5.14970388522993,48433.009835767,67604000.0
United Kingdom,GBR,2023,13.2907130161617,100.0,100.0,,2127.6084341819,4.44995911931321,17.6714033030008,0.271650048355255,47934.9375098983,68492000.0
United States,USA,2000,33.1301735880689,100.0,100.0,5.4,8055.14548852416,21.0118753202743,22.451586084268,4.07758575682804,48379.7551705781,282162411.0
United States,USA,2001,33.1867556145437,100.0,100.0,4.7,7824.24393877407,20.6255077855762,21.4690044492824,0.955538348341605,48361.0167607073,284968955.0
United States,USA,2002,33.2433376410185,100.0,100.0,4.8,7840.46095949898,19.9103793387111,20.65246551384,1.70044732643726,48729.1586442625,287625193.0
United States,USA,2003,33.2999196674933,100.0,100.0,5.3,7791.30391526846,19.9681657791826,20.7394766935216,2.79560596320081,49662.7520549839,290107933.0
United States,USA,2004,33.3565016939681,100.0,100.0,5.5,7878.53717143427,20.0815597947275,20.9500365551967,3.84777169556921,51098.5573007417,292805298.0
United States,USA,2005,33.4130837204429,100.0,100.0,5.8,7843.3910574627,19.9249914215479,21.206269818199,3.48354993555606,52393.4513113092,295516599.0
United States,USA,2006,33.4696657469177,100.0,100.0,6.4,7694.40657948116,19.4048177077015,21.5869617861711,2.78453963650701,53335.5896950225,298379912.0
United States,USA,2007,33.5262477733925,100.0,100.0,6.3,7756.0141894981,19.4956606869752,21.423882162085,2.00385829784946,53889.3964951775,301231207.0
United States,USA,2008,33.6360635020585,100.0,100.0,6.8,7484.83268900712,18.7089026291301,20.793507368224,0.113587249881704,53442.7136899777,304093966.0
United States,USA,2009,33.6927352193296,100.0,100.0,7.3,7053.35846690965,17.1890632001903,19.2684772980173,-2.57650022958367,51611.3217087719,306771529.0
United States,USA,2010,33.7494069366007,100.0,100.0,7.4,7162.55933024159,17.847084306938,19.3102572393851,2.69519257744442,52555.7695134023,309378227.0
United States,USA,2011,33.7794700582241,100.0,100.0,8.4,7009.64607964907,17.0203888981196,19.407502343174,1.56440685763506,52956.6630340962,311839461.0
United States,USA,2012,33.8095331798474,100.0,100.0,8.5,6820.46062064875,16.1854221004814,19.1626113169507,2.28911338669843,53738.1476714593,314339099.0
United States,USA,2013,33.8395963014708,100.0,100.0,8.9,6888.38143742637,16.495975221911,19.2416260217373,2.11783009790057,54462.6252412407,316726282.0
United States,USA,2014,33.8696594230942,100.0,100.0,9.0,6915.64165280321,16.4248953102317,19.3315152083176,2.52381981363968,55394.4510435329,319257560.0
United States,USA,2015,33.8997225447175,100.0,100.0,8.9,6789.64733291075,15.9501022949136,18.5871320435183,2.94555045484053,56572.9188996063,321815121.0
United States,USA,2016,33.8997225447175,100.0,100.0,9.3,6663.4963294418,15.5045482189269,18.0422212818459,1.81945147788167,57151.4708448372,324353340.0
United States,USA,2017,33.8669264120375,100.0,100.0,9.7,6590.83509745633,15.1847127213968,18.4354240836094,2.45762229852507,58151.7021391854,326608609.0
United States,USA,2018,33.8669264120375,100.0,100.0,9.9,6738.27272433986,15.5796456645972,18.6308982431189,2.96650506901305,59526.665698712,328529577.0
United States,USA,2019,33.8669264120375,100.0,100.0,10.2,6700.93033990565,15.0439662080505,18.2804280414808,2.58382533412825,60750.9898621637,330226227.0
United States,USA,2020,33.8669264120375,100.0,100.0,11.0,6141.53125755889,13.4715821678248,17.5084284843618,-2.16302914036166,59194.6665172031,331577720.0
United States,USA,2021,33.8669264120375,100.0,100.0,10.9,6445.83409243358,14.3161154347115,17.8846533610262,6.05505293244555,62680.2503585805,332099760.0
United States,USA,2022,33.8669264120375,100.0,100.0,,6511.68841394546,14.4177148825165,,2.51237531986017,63886.1317069841,334017321.0
United States,USA,2023,33.8669264120375,100.0,100.0,,6363.50015820072,13.7119419860139,,2.88755600749487,65186.5977244157,336806231.0
Upper middle income,UMC,2000,30.1739877530615,51.9266477943037,94.3602354729774,24.7576902058413,1060.00600285289,3.04485222943716,35.6594335889939,6.01794678943035,3401.7581851933,2365022283.0
Upper middle income,UMC,2001,30.1104186983455,53.1518026113373,94.846474879951,23.9539036010756,1072.0639511697,3.10727811744039,35.5966922706755,3.46285030442375,3485.97108933991,2387807616.0
Upper middle income,UMC,2002,30.0475471881046,54.3371113384736,95.2999666524644,23.3936017651862,1109.00706764028,3.24183486754655,36.4469894695535,4.86475919995965,3622.88276205947,2409341702.0
Upper middle income,UMC,2003,29.9789589058562,55.5821152908214,95.5085423335644,21.9360208050356,1198.37209586372,3.55486177808177,36.5327321445613,5.94126759667999,3804.91315712557,2430373908.0
Upper middle income,UMC,2004,29.9155379665618,57.0037121902402,95.8757221291525,19.972600701939,1303.44244785189,3.88531117506441,37.0870522629478,7.89021521972755,4069.5833421864,2451601935.0
Upper middle income,UMC,2005,29.8519117333899,58.533907764649,95.7242684970584,18.430436768434,1378.18603104993,4.20279069145924,37.5978787756421,7.58111506944306,4340.46159471507,2472862826.0
Upper middle income,UMC,2006,29.7943483000986,60.0685682727211,96.6830833993331,17.7588234927998,1454.04250465329,4.51174432672583,38.2550818980845,8.6240086675993,4676.07510610399,2493333038.0
Upper middle income,UMC,2007,29.7321297148089,61.8848157645019,96.8312352259995,16.7774713255611,1526.93600565183,4.7902838812707,38.0129101608512,9.43196907169563,5078.7612280631,2512165159.0
Upper middle income,UMC,2008,29.669756473366,63.6443129277076,97.3006939075634,16.4144187151124,1561.74380897354,4.89179634912775,38.7472884893415,6.31332594891273,5356.37188864324,2532345548.0
Upper middle income,UMC,2009,29.6094611612618,65.5100124592374,97.7115595192027,16.110203195669,1591.35674612489,5.01358370595089,37.4125634076814,3.53562271484722,5500.85154302411,2553016162.0
Upper middle income,UMC,2010,29.5471983836039,67.6315800269014,98.2012683195219,15.363151286548,1703.10053278591,5.38001584265287,37.7327829888041,8.54083082585677,5923.1985183612,2573477299.0
Upper middle income,UMC,2011,29.5130355251422,69.6553192019644,98.4156997389488,14.378550940055,1778.44033277147,5.726240578719,38.3082279044589,6.91230216658607,6280.70261021177,2594753350.0
Upper middle income,UMC,2012,29.4792612008859,71.8346812010175,98.6507857543902,14.2589863945024,1817.2633029138,5.8580829143318,38.07111364933,5.78004359971993,6583.74590160709,2618393970.0
Upper middle income,UMC,2013,29.447088576917,73.9918858978734,98.8163975569597,14.1934413509233,1854.51243697484,6.02118956071597,37.2291907186773,5.66741400374929,6893.44299401399,2642487513.0
Upper middle income,UMC,2014,29.413275464026,76.2595187780333,98.9184889422887,14.3687879721054,1873.76985303847,6.02344710339996,36.5929431632129,4.98650926608535,7174.24712646659,2665669456.0
Upper middle income,UMC,2015,29.3792940965511,78.2468999712865,98.9983511185364,14.5429189160572,1849.46535472757,5.89568417084084,35.1947323146697,4.50970067372548,7435.76486473308,2687902951.0
Upper middle income,UMC,2016,29.370747474937,80.1621232356569,99.0344942337774,14.9096847055022,1843.96771884513,5.86527310533092,34.4422248598504,4.56594224373168,7713.6658752299,2709372162.0
Upper middle income,UMC,2017,29.3153363919536,82.0711014698116,99.1608269162571,15.1318149947337,1887.17860444167,5.94421227535642,34.7586262830423,5.36349627990562,8062.58107378635,2731150081.0
Upper middle income,UMC,2018,29.2977506925327,83.8590597543787,99.1796087241328,15.3128112264645,1939.59022498749,6.12153305997666,35.3586074874979,4.91536338812493,8396.09643945285,2751574852.0
Upper middle income,UMC,2019,29.275543301678,85.3554682046079,99.2771270394009,15.8640951439244,1997.84431417578,6.22134433613929,34.453906263634,4.20032824786712,8690.67729327633,2769964564.0
Upper middle income,UMC,2020,29.2569268047687,86.8641038502053,99.2175769160247,16.5853427587953,1996.26167675173,6.16596169170076,34.0053788198061,-0.379702218317163,8611.33439075379,2784871872.0
Upper middle income,UMC,2021,29.2250540664168,88.0809187587392,99.4356373038317,,2115.53205968789,6.46329979017962,35.7321526313766,7.70448199039548,9237.86507507475,2796004294.0
Upper middle income,UMC,2022,29.2048911042831,89.1343667770246,99.5088717815517,,2141.67912444725,6.45608153815997,35.9037551985216,3.45482027640851,9532.80274711637,2803106334.0
Upper middle income,UMC,2023,,90.128369994347,99.4286124139067,,2252.06636574287,6.66445464243171,34.4258495318649,4.58560028646708,9948.674954332,2809097616.0
Uruguay,URY,2000,7.82196320420523,100.0,97.6,38.7,948.595701266831,1.70552622829056,22.0452037217921,-1.92993063549235,11096.3309569487,3266206.0
Uruguay,URY,2001,8.02896811792938,100.0,97.7,41.6,831.884484463778,1.53241153472962,21.9351337396218,-3.84412995940374,10643.5574019273,3274251.0
Uruguay,URY,2002,8.23597303165353,100.0,97.8,43.2,772.008348325172,1.40548549239722,21.8623288483766,-7.73200721540044,9806.7713064359,3278867.0
Uruguay,URY,2003,8.44297794537767,100.0,97.9,43.8,774.971327216851,1.40046922058061,23.0937944115791,0.805283915893824,9878.75684344081,3281186.0
Uruguay,URY,2004,8.64998285910182,100.0,98.0,39.3,884.970363414793,1.7528908230759,22.4348058065943,5.00416035564457,10366.9067382871,3283148.0
Uruguay,URY,2005,8.85698777282596,100.0,98.0,41.3,916.698612830821,1.69451857722282,23.7753368710773,7.4601321302473,11131.3984890038,3285771.0
Uruguay,URY,2006,9.06399268655011,100.0,98.5,37.6,990.488024294237,1.97248462231107,22.8965222038345,4.09857735445401,11574.470540231,3289506.0
Uruguay,URY,2007,9.27099760027425,100.0,98.7,43.2,985.905732498087,1.85654505268799,23.644048640083,6.54151084504817,12310.482735502,3295153.0
Uruguay,URY,2008,9.4780025139984,100.0,98.8,44.1,1274.16949472415,2.39732758116842,22.7673513144942,7.17614466455107,13165.83628166,3302177.0
Uruguay,URY,2009,9.68500742772255,100.0,99.1,44.6,1254.7362886566,2.36627935606604,24.0794070442123,4.24349419462426,13691.71420689,3310091.0
Uruguay,URY,2010,9.89201234144669,100.0,99.3,53.3,1226.9840852731,1.94598292040572,24.5288557176886,7.8034096507169,14722.3780081191,3318580.0
Uruguay,URY,2011,10.1076448405896,100.0,99.2,49.7,1327.77878788273,2.34076033455321,22.7051202439987,5.16213302463606,15443.9961926395,3326825.0
Uruguay,URY,2012,10.3232773397326,100.0,99.6,47.9,1407.51757319789,2.66279826623545,22.8622289256151,3.53817872056869,15949.3176985435,3335401.0
Uruguay,URY,2013,10.5389098388756,100.0,99.6,51.9,1378.79092656473,2.28942554965314,23.6692403427945,4.63753862902416,16639.4054750651,3345337.0
Uruguay,URY,2014,10.7545423380185,100.0,99.7,56.7,1397.55777562001,2.00617697761903,24.7006411459084,3.23879122952364,17122.0364563225,3356334.0
Uruguay,URY,2015,10.9701748371615,100.0,99.7,59.4,1491.04897158511,2.04722838394224,25.4417580545225,0.370741257681345,17125.9016800298,3368017.0
Uruguay,URY,2016,11.1244429208091,100.0,99.7,60.3,1550.98299580242,2.0209020670953,18.8673144534742,1.68979822971775,17357.2349992841,3379283.0
Uruguay,URY,2017,11.2444292080905,100.0,99.8,60.8,1512.8381875657,1.89093027524777,18.0319037217202,1.74037643374211,17611.6036701032,3388438.0
Uruguay,URY,2018,11.364415495372,100.0,99.8,60.8,1560.97897875852,2.0241364499516,18.3333886744675,0.164777608940113,17608.9441195037,3394534.0
Uruguay,URY,2019,11.4844017826534,100.0,99.9,59.3,1540.78251179675,2.10646631378845,17.5601694192064,0.928351141267498,17758.4384372986,3397206.0
Uruguay,URY,2020,11.6043880699349,100.0,100.0,61.2,1531.60055590501,2.03399973168326,16.9555909661564,-7.35732706484723,16443.3635000843,3398968.0
Uruguay,URY,2021,11.7243743572163,100.0,100.0,57.8,1644.69693874435,2.51768262973273,17.7321588983411,5.84427312558179,17416.0052208869,3396695.0
Uruguay,URY,2022,11.8443606444978,100.0,100.0,,1626.06034935571,2.38667285182486,17.7086542108617,4.48622703072073,18228.3558443761,3390913.0
Uruguay,URY,2023,11.9643469317792,100.0,100.0,,,2.41753370123087,16.7520259965349,0.742128785315927,18378.9833563662,3388081.0
Uzbekistan,UZB,2000,6.7928870436847,83.0,99.6,0.7,1866.70954311251,5.30608034339216,20.2297579555228,3.83500000014033,1269.72137546219,24787054.0
Uzbekistan,UZB,2001,6.88276941852809,83.5,99.6,0.8,1863.69950730922,5.28624567526799,19.9520841370069,4.1638382499889,1306.60633175114,25090283.0
Uzbekistan,UZB,2002,6.97181030072653,83.9,99.7,1.0,1907.69659032329,5.38898455825556,19.3887412418459,3.97348819235724,1341.95995981671,25399980.0
Uzbekistan,UZB,2003,7.06140195513872,84.2,99.5,1.4,1823.5423217092,5.01609431105649,20.445956928078,4.23262738154364,1381.8257280882,25711259.0
Uzbekistan,UZB,2004,7.15084351834219,84.6,99.5,1.0,1780.21898584248,5.07679600143684,22.3056846912976,7.44900060559664,1466.6134889113,26029350.0
Uzbekistan,UZB,2005,7.23996269350165,85.1,99.4,1.6,1662.08972765071,4.76265580553155,26.0120326061017,6.95000719569097,1549.04577531643,26356975.0
Uzbekistan,UZB,2006,7.32899942640817,85.2,99.5,0.8,1695.1035686445,5.03472727468172,26.8384702412792,7.45141847621768,1643.14645619601,26699043.0
Uzbekistan,UZB,2007,7.41577282652574,85.2,99.5,0.9,1634.47696212044,4.85281286665302,26.8627172756297,9.4730053054454,1773.75803693248,27076008.0
Uzbekistan,UZB,2008,7.50509144040719,85.4,99.5,0.8,1656.55650065035,4.99330891026782,29.0650709010567,9.02916101784777,1904.45855506712,27494774.0
Uzbekistan,UZB,2009,7.59450412322655,85.4,99.5,1.2,1488.61678124243,4.45651377155528,30.3526438159739,8.05093332733966,2025.04298646098,27939328.0
Uzbekistan,UZB,2010,7.6844723004781,85.4,99.6,1.3,1592.96476589268,4.78418105352781,21.2295148101409,7.5971679610016,2144.6400056546,28385506.0
Uzbekistan,UZB,2011,7.77762735510281,85.3,99.7,0.9,1603.22239464061,4.81134014423661,19.7779804592697,7.52513989422977,2271.00936223002,28823196.0
Uzbekistan,UZB,2012,7.86948141349243,85.2,99.7,1.3,1387.65012211387,4.20977063590157,20.427938155189,7.10244488706317,2395.84036755728,29261903.0
Uzbekistan,UZB,2013,7.96137580342781,84.7,99.8,1.2,1350.32249660587,4.0848046860347,21.2945196362137,7.29655036969899,2530.68447898703,29724065.0
Uzbekistan,UZB,2014,8.05307155527101,84.5,99.8,1.4,1240.29664862077,3.74415254822206,22.0708925481202,6.8738384408164,2659.99075095273,30222994.0
Uzbekistan,UZB,2015,8.05583295506128,84.2,99.9,1.7,1165.60752398201,3.49764512064744,22.520460823215,7.21877350820803,2803.19018021751,30749346.0
Uzbekistan,UZB,2016,8.1397486557828,83.4,99.9,1.6,1209.61523440111,3.64421845300852,22.9212712989472,5.93215079993293,2918.67725852903,31284568.0
Uzbekistan,UZB,2017,8.19844389770035,83.2,100.0,1.7,1253.44940769753,3.71680877488413,24.7253778434458,4.39527463349263,2995.76761437743,31819178.0
Uzbekistan,UZB,2018,8.25712061408984,82.25,100.0,1.5,1272.07621933957,3.48417486035642,28.6428986359695,5.55919572919288,3108.1618786112,32373490.0
Uzbekistan,UZB,2019,8.31637366503615,81.95,100.0,1.6,1285.18444128817,3.49213238730726,31.9991183695607,6.77992399655236,3259.36964632494,32964701.0
Uzbekistan,UZB,2020,8.37322137751049,80.7,100.0,1.0,1351.37520056543,3.69033904584871,32.0252433250071,1.56334277260515,3249.05191094018,33586372.0
Uzbekistan,UZB,2021,8.43180461723851,79.8,99.9,1.0,1465.19908492256,3.9236623289729,32.3968180112869,8.03468312640049,3442.7248445034,34243696.0
Uzbekistan,UZB,2022,8.49046413042492,79.0,100.0,,1381.80448771676,3.68952648984493,31.4813507507112,6.00134232203442,3576.71552716054,34938955.0
Uzbekistan,UZB,2023,8.54914331101781,78.1,100.0,,,3.72011269845735,31.0244117605751,6.29141635082311,3725.67414578619,35652307.0
Vanuatu,VUT,2000,36.2838392124692,13.3,22.2,49.5,,0.450931657012793,11.2229908389199,5.92480905652914,2841.73909435642,186281.0
Vanuatu,VUT,2001,36.2838392124692,13.5,24.0,51.3,,0.511435316781046,9.04749199573106,-3.39758248938256,2676.92934450613,191031.0
Vanuatu,VUT,2002,36.2838392124692,13.6,25.7,53.3,,0.490649076139955,8.95138565917982,-5.19831875936035,2475.16636434639,195863.0
Vanuatu,VUT,2003,36.2838392124692,13.5,27.5,52.7,,0.558915246131928,8.18998048145738,4.28833511695458,2518.521315183,200746.0
Vanuatu,VUT,2004,36.2838392124692,13.6,29.2,55.4,145.835662652945,0.42486789719558,7.59748057740852,3.98739280216962,2555.73432279339,205711.0
Vanuatu,VUT,2005,36.2838392124692,13.5,31.0,54.9,142.342000379579,0.423230214461947,7.84740891814221,5.30532647259227,2626.85057870874,210760.0
Vanuatu,VUT,2006,36.2838392124692,13.4,26.4,55.3,143.56969845732,0.371891831810414,8.09487564543005,8.46069747205426,2780.97475852227,215923.0
Vanuatu,VUT,2007,36.2838392124692,13.2,33.6,51.6,158.173502774815,0.592020824671451,7.94926084161972,2.8758922877538,2791.7418410919,221276.0
Vanuatu,VUT,2008,36.2838392124692,13.1,36.5,52.1,,0.567220224243706,9.10913251925229,5.60099182147214,2875.08524058992,226896.0
Vanuatu,VUT,2009,36.2838392124692,13.0,33.3,38.7,,0.620029132345927,11.1955989060499,3.03730354099602,2888.13715784739,232731.0
Vanuatu,VUT,2010,36.2838392124692,12.9,44.1,38.1,,0.650162855511904,12.8730998830697,1.25886720329326,2856.77377649901,238248.0
Vanuatu,VUT,2011,36.2838392124692,12.9,42.0,35.8,,0.738066487592104,9.99492054277629,3.13980290023412,2883.22689591881,243474.0
Vanuatu,VUT,2012,36.2838392124692,13.0,43.9,39.0,,0.593451541487366,7.87407257715292,1.01004768692042,2849.05448321427,248883.0
Vanuatu,VUT,2013,36.2838392124692,13.0,31.7,40.9,,0.59336220243475,8.21151592925291,0.463390415135095,2799.28262661802,254482.0
Vanuatu,VUT,2014,36.2838392124692,13.4,49.1,31.5,,0.673608976329542,7.50006657257742,2.5750403162878,2807.83422956759,260240.0
Vanuatu,VUT,2015,36.2838392124692,13.7,52.3,35.6,,0.598269078282306,10.7490519094664,3.96591946444873,2854.89412272653,266101.0
Vanuatu,VUT,2016,36.2838392124692,14.3,57.8,33.1,,0.609731446191843,10.4769109101537,3.47154471544715,2889.01404801498,272087.0
Vanuatu,VUT,2017,36.2838392124692,14.8,62.8,35.7,,0.597471517771546,10.1699916743073,4.41266598569969,2946.96186165079,278507.0
Vanuatu,VUT,2018,36.2838392124692,15.5,61.6,29.7,,0.802078111470628,10.0951662680732,2.90023027256446,2960.65376683153,285259.0
Vanuatu,VUT,2019,36.2838392124692,16.1,64.5,31.6,,0.750038529376509,9.502093997208,3.24118765540442,2986.2036911437,291985.0
Vanuatu,VUT,2020,36.2838392124692,17.2,67.3,26.0,,0.841536783355306,10.2793317386042,-4.99249142889525,2771.87098808052,298858.0
Vanuatu,VUT,2021,36.2838392124692,18.1,70.0,24.6,,0.95106385761178,9.06722551743364,-1.55229489129462,2666.30269843855,305868.0
Vanuatu,VUT,2022,36.2838392124692,19.3,71.6,25.0,,0.865368028979767,7.37210563507584,5.18622862422562,2740.27545530661,313046.0
Vanuatu,VUT,2023,36.2838392124692,20.6,61.6,,,0.847978677253136,,2.093743250054,2733.35978526081,320409.0
"Venezuela, RB",VEN,2000,55.7235984354628,97.6,98.9,15.3,2391.36796026802,5.61613486816086,46.4048482561673,3.6869441668769,3740.0195496928,24526708.0
"Venezuela, RB",VEN,2001,55.53698769911,97.4,99.9,14.0,2188.40606705914,5.73575850236842,42.9102931639246,3.39423610779077,3796.80579715312,24979922.0
"Venezuela, RB",VEN,2002,55.3503769627572,97.3,99.8,12.8,2648.88652521803,5.8223547552569,46.6549699116747,-8.85564735286771,3398.56849937324,25435671.0
"Venezuela, RB",VEN,2003,55.1637662264044,97.25,95.7,13.4,2432.12630470112,5.52282625726638,48.8417070697997,-7.75530004959877,3079.6634541359,25892703.0
"Venezuela, RB",VEN,2004,54.9771554900516,97.2,99.1,14.6,2305.02805179379,5.68334234468926,51.1134764353283,18.2866066891244,3580.85417271298,26340838.0
"Venezuela, RB",VEN,2005,54.7905447536988,97.1,98.8,14.2,2371.58340737061,5.82165836799224,53.0883974696502,10.3179138043147,3884.70081071301,26785804.0
"Venezuela, RB",VEN,2006,54.603934017346,97.1,99.3,15.6,2375.23205873567,5.83970371595838,51.9276623968995,9.87214910851037,4199.39766916963,27224686.0
"Venezuela, RB",VEN,2007,54.4173232809931,96.9,98.9,16.6,2391.58062016859,5.64100518337439,49.2828626757633,8.75357880785845,4496.84905010777,27649363.0
"Venezuela, RB",VEN,2008,54.2307125446403,97.0,98.9,16.4,2346.77022538359,5.84962138322166,50.6124593374834,5.27785412398785,4665.9531880382,28053696.0
"Venezuela, RB",VEN,2009,54.0441018082875,96.9,99.0,16.2,2234.25825126867,5.81077320450049,40.8120935299234,-3.20230265749002,4455.4532320933,28438298.0
"Venezuela, RB",VEN,2010,53.8574910719347,96.8,99.1,13.8,2621.33385247062,6.13592407148401,48.4086022795909,-1.48879125078356,4332.02681796507,28813101.0
"Venezuela, RB",VEN,2011,53.6711070800975,96.7,98.8,14.8,2309.22244633281,5.92634036716951,48.6321324133785,4.17642535923936,4455.41063337951,29185212.0
"Venezuela, RB",VEN,2012,53.4847230882603,96.5,99.3,13.8,2309.91542806381,6.55732695996789,,5.62595697508632,4647.37303726595,29553826.0
"Venezuela, RB",VEN,2013,53.2983390964231,96.5,99.4,15.4,2529.69123843792,6.45112739625486,,1.34309403607486,4653.3645655649,29912198.0
"Venezuela, RB",VEN,2014,53.1119551045859,96.3,100.0,12.1,2174.61144769649,6.34368674716556,,-3.89438647450667,4421.60786723331,30254079.0
"Venezuela, RB",VEN,2015,52.9255711127487,96.1,100.0,15.4,2090.86986204943,5.75436845431794,,-6.22137102671199,4103.1384987005,30573972.0
"Venezuela, RB",VEN,2016,52.7671447196871,95.8,99.4,14.6,1901.6695815311,5.29608278304555,,-17.0403345996548,3382.73477932247,30765720.0
"Venezuela, RB",VEN,2017,52.6366759254011,95.5,99.2,14.3,1798.71760054216,4.97170927982669,,-15.6714088720003,2871.31531165261,30565323.0
"Venezuela, RB",VEN,2018,52.5341647298906,95.4,99.9,14.6,1384.67691686277,4.62269142706999,,-19.6553415972227,2365.59281270712,29807592.0
"Venezuela, RB",VEN,2019,52.4596111331557,94.9,99.8,15.8,1396.90783852331,4.15965140487118,,-27.6579678662627,1762.73734800083,28938098.0
"Venezuela, RB",VEN,2020,52.4130151351964,94.55,99.9,31.2,1104.64248743922,2.69531333359842,,-29.9985699155957,1255.37263090506,28444077.0
"Venezuela, RB",VEN,2021,52.3477807380534,94.4,100.0,33.7,1317.36867421741,2.68692781094409,,0.955433428579269,1276.62381449407,28237826.0
"Venezuela, RB",VEN,2022,52.2949719403662,93.9,100.0,,1478.06434305688,3.26104790565291,,8.00091310654791,1379.97778822986,28213017.0
"Venezuela, RB",VEN,2023,52.2338793719177,93.5,100.0,,,3.40591488864612,,4.00168591128376,1430.74575249312,28300854.0
Viet Nam,VNM,2000,37.8836880344628,13.2,88.2,57.7,372.486738202477,0.732762940866418,36.7307753268455,6.78731640463151,1212.19657794381,77154011.0
Viet Nam,VNM,2001,38.3956282747758,16.0,88.9,56.1,393.081627304938,0.796360252330399,38.1294216644677,6.19289331233377,1273.8052690094,77969361.0
Viet Nam,VNM,2002,38.9788826275962,19.2,89.1,52.2,424.572449525025,0.927761034143203,38.4866787864761,6.32082099160833,1340.51670460271,78772224.0
Viet Nam,VNM,2003,39.5565130454414,22.2,90.3,50.8,441.331501223992,0.975900126008347,39.4700078083864,6.89906349055258,1418.74337471509,79563777.0
Viet Nam,VNM,2004,40.0738026897152,25.8,91.0,45.8,485.432705372372,1.14424418007545,40.2087495299221,7.53641060890386,1510.94449049599,80338971.0
Viet Nam,VNM,2005,40.2320697359967,29.4,96.1,44.1,509.245126631649,1.23999989986226,38.1311399002846,7.54724772895918,1609.96268313651,81088313.0
Viet Nam,VNM,2006,40.7502549593184,33.3,96.0,44.2,515.075042472671,1.25547815833719,38.5847310338981,6.97795481056711,1699.67620343393,82167897.0
Viet Nam,VNM,2007,41.2943261730623,37.0,93.1,41.9,544.673183366382,1.36684666856981,38.5116248479069,7.12950448605439,1788.9485028957,83633375.0
Viet Nam,VNM,2008,41.7762218982583,41.2,93.8,39.3,572.099542305108,1.47684691804671,37.0776963788801,5.66177120891362,1856.00519883979,85175788.0
Viet Nam,VNM,2009,42.2930662932198,46.05,96.1,37.0,615.142147070174,1.62877944346484,37.3881863793419,5.39789754014181,1927.13427057454,86460018.0
Viet Nam,VNM,2010,42.7332154461943,50.9,97.4,34.6,670.10802910064,1.79273486369334,33.0228771360005,6.42324482239482,2027.58184375924,87455152.0
Viet Nam,VNM,2011,43.1647323195567,56.6,99.0,36.3,663.574440140704,1.77200618969635,34.580408780539,6.41316889681683,2132.90453762087,88468314.0
Viet Nam,VNM,2012,43.5708247064191,62.3,97.9,37.9,664.347312614103,1.74532095481779,35.8602323946766,5.5045447041189,2224.11404253256,89510356.0
Viet Nam,VNM,2013,44.0639521125592,68.6,98.5,37.4,674.678165107275,1.80141667663283,35.575150437736,5.55351081026072,2320.08431444934,90573104.0
Viet Nam,VNM,2014,44.4428488915694,74.5,99.2,36.7,745.633531778112,1.95182181139621,35.2985684880333,6.42224312118567,2439.28655744423,91679578.0
Viet Nam,VNM,2015,44.8711640388917,79.7,99.3,27.8,679.445923972947,2.16344818077591,34.2665466382117,6.98715430598611,2577.56885340113,92823254.0
Viet Nam,VNM,2016,45.8783548775157,84.4,99.2,26.8,738.879533385899,2.38090235568537,34.1152288612372,6.69000892660424,2715.57887431272,94000117.0
Viet Nam,VNM,2017,45.9963369846492,88.6,100.0,28.3,757.479979941312,2.40871172027244,35.3903640729728,6.94019037359206,2868.13680013379,95176977.0
Viet Nam,VNM,2018,46.2346815387217,91.7,100.0,24.3,885.646841787765,2.93126723532271,36.5424334086447,7.46500685572751,3048.28327602145,96237319.0
Viet Nam,VNM,2019,46.4768416451573,94.1,99.4,20.4,987.27147244039,3.46316479458409,36.8031368977554,7.35926270105006,3241.07648966529,97173776.0
Viet Nam,VNM,2020,46.7190017515929,95.9,99.8,18.9,991.281232485165,3.5515331687432,36.7437132938801,2.86541320912272,3303.16949807493,98079191.0
Viet Nam,VNM,2021,46.9611618580284,97.2,100.0,24.2,962.199524881189,3.39788716841419,37.3915192469302,2.55372852648131,3358.21734764714,98935098.0
Viet Nam,VNM,2022,47.203321964464,98.1,100.0,,1023.0571362687,3.45101965872917,38.4823612398341,8.53750046755788,3617.66311465012,99680655.0
Viet Nam,VNM,2023,47.4454820708996,98.7,99.8,,,3.89354026267807,37.5815697548824,5.06502391455075,3775.46375555802,100352192.0
Virgin Islands (U.S.),VIR,2000,58.4857142857143,,100.0,0.5,,0.0018409086725207,,,,108642.0
Virgin Islands (U.S.),VIR,2001,57.9028571428571,,100.0,0.6,,0.0018424858819519,,,,108549.0
Virgin Islands (U.S.),VIR,2002,57.32,,100.0,0.6,,0.0018431650830806,,,43205.7246740388,108509.0
Virgin Islands (U.S.),VIR,2003,56.7371428571429,,100.0,0.6,,0.0018432330307359,,-0.396080883885759,43036.1815136022,108505.0
Virgin Islands (U.S.),VIR,2004,56.1542857142857,,100.0,0.6,,0.0018438957830103,,3.28589367936377,44466.2872190216,108466.0
Virgin Islands (U.S.),VIR,2005,55.5714285714286,,100.0,0.7,,0.0018441168063585,,3.4853090172239,46021.5905731819,108453.0
Virgin Islands (U.S.),VIR,2006,54.9885714285714,,100.0,0.7,,0.001845546235547,,3.50499314666143,47671.567182812,108369.0
Virgin Islands (U.S.),VIR,2007,54.4057142857143,,100.0,0.7,,0.0018460913630615,,4.01059402194477,49598.1259079427,108337.0
Virgin Islands (U.S.),VIR,2008,53.8228571428571,,100.0,0.7,,0.0018450695129939,,1.21862495452891,50174.7528938473,108397.0
Virgin Islands (U.S.),VIR,2009,53.24,,100.0,0.8,,0.001844950370835,,-6.59478885893981,46862.8076001874,108404.0
Virgin Islands (U.S.),VIR,2010,52.6571428571429,,100.0,0.7,,0.0018457506206336,,0.596383224317051,47162.7375570431,108357.0
Virgin Islands (U.S.),VIR,2011,53.0742857142857,,100.0,1.2,,0.0018468926031951,,-8.20424555364315,43320.176769501,108290.0
Virgin Islands (U.S.),VIR,2012,53.4914285714286,,100.0,2.0,,0.0018486338595777,,-14.8125,36938.1682086351,108188.0
Virgin Islands (U.S.),VIR,2013,53.9085714285714,,100.0,2.9,,0.0018511491008043,,-6.28515529469308,34663.6460602129,108041.0
Virgin Islands (U.S.),VIR,2014,54.3257142857143,,100.0,4.2,,0.0018538773845497,,-1.77453027139875,34098.7109972738,107882.0
Virgin Islands (U.S.),VIR,2015,54.7428571428571,,100.0,5.6,,0.0018568033273915,,-0.425079702444208,34007.3529411765,107712.0
Virgin Islands (U.S.),VIR,2016,55.1714285714286,,100.0,5.7,,0.001860188251051,,1.6008537886873,34614.7482633247,107516.0
Virgin Islands (U.S.),VIR,2017,55.6,,100.0,5.3,,0.0018642630102254,,-0.735294117647058,34435.4944455756,107281.0
Virgin Islands (U.S.),VIR,2018,56.0285714285714,,100.0,5.8,,0.0018691414098933,,1.87830687830687,35174.1019944986,107001.0
Virgin Islands (U.S.),VIR,2019,56.4571428571428,,100.0,6.2,,0.0018749589852722,,2.90833549727343,36309.7438446842,106669.0
Virgin Islands (U.S.),VIR,2020,56.8857142857143,,100.0,5.9,,0.0018816445573431,,-1.61493817814787,35850.7433148653,106290.0
Virgin Islands (U.S.),VIR,2021,57.3142857142857,,100.0,5.9,,0.0018891092849721,,3.66760707873814,37313.0484931531,105870.0
Virgin Islands (U.S.),VIR,2022,57.7428571428571,,100.0,5.9,,0.0018972991945964,,-1.31123206333498,36983.431060272,105413.0
Virgin Islands (U.S.),VIR,2023,58.1714285714286,,100.0,,,0.0019062687648331,,,,104917.0
West Bank and Gaza,PSE,2000,1.50830564784053,,99.7,17.5,,,21.4924888724036,-8.5555726838292,2436.01207739636,2922153.0
West Bank and Gaza,PSE,2001,1.52275747508306,,99.1,17.1,,,24.0227789294902,-9.31108114182962,2153.45735383203,2997784.0
West Bank and Gaza,PSE,2002,1.53720930232558,,99.2,21.8,,,20.0686202823556,-12.4883821798129,1836.98042481351,3075373.0
West Bank and Gaza,PSE,2003,1.55166112956811,,99.1,21.7,,,23.1905241935484,14.0156476793996,2041.60484619659,3154969.0
West Bank and Gaza,PSE,2004,1.56611295681063,,99.5,23.1,,,19.9887032651908,21.9244861205987,2426.41565630382,3236626.0
West Bank and Gaza,PSE,2005,1.58056478405316,,99.6,22.8,,,20.9844509042667,11.2906511829271,2632.24627423958,3320396.0
West Bank and Gaza,PSE,2006,1.59501661129568,,99.7,18.1,,,18.3553652562497,-0.996556103477076,2540.26763083127,3406334.0
West Bank and Gaza,PSE,2007,1.60946843853821,,98.8,20.5,,,17.5679625840398,3.78828152085981,2569.98434108953,3494496.0
West Bank and Gaza,PSE,2008,1.62392026578073,,99.8,20.1,,,17.336944626833,7.42918225547835,2685.98601828464,3591977.0
West Bank and Gaza,PSE,2009,1.63837209302326,,99.9,16.5,,,17.5581582299615,8.59349087893864,2840.01594969395,3689099.0
West Bank and Gaza,PSE,2010,1.65282392026578,,99.9,14.1,,,18.6262459329649,5.77736205629419,2927.08101953403,3786161.0
West Bank and Gaza,PSE,2011,1.65913621262458,,99.7,15.4,,,18.9342129964867,9.60080848913594,3128.10811061384,3882986.0
West Bank and Gaza,PSE,2012,1.66544850498339,,99.8,12.2,,,20.2360669702828,6.09645656326154,3237.91619995789,3979998.0
West Bank and Gaza,PSE,2013,1.67176079734219,,99.9,11.7,,,18.5586918722948,4.69856986552234,3309.63120243098,4076708.0
West Bank and Gaza,PSE,2014,1.678073089701,,99.9,10.8,,,17.9717935338142,-0.157866650855297,3227.84934482645,4173398.0
West Bank and Gaza,PSE,2015,1.6843853820598,,99.9,11.0,,,16.4252383269875,3.72129967114788,3272.15432360708,4270092.0
West Bank and Gaza,PSE,2016,1.6843853820598,,100.0,12.3,,,17.2627779869396,8.86461881995935,3483.09903532972,4367088.0
West Bank and Gaza,PSE,2017,1.6843853820598,,99.9,10.5,,,19.2317708333333,1.41936756294787,3462.97986107136,4454805.0
West Bank and Gaza,PSE,2018,1.6843853820598,,100.0,12.7,,,19.2841256773528,1.22707737782703,3417.79440837962,4569087.0
West Bank and Gaza,PSE,2019,1.6843853820598,,100.0,13.9,,,18.4328946216476,1.36268746558062,3378.4346209191,4685306.0
West Bank and Gaza,PSE,2020,1.6843853820598,,100.0,15.0,,,17.0283999819724,-11.3184661065134,2922.46801084844,4803269.0
West Bank and Gaza,PSE,2021,1.68298755186722,,100.0,15.4,,,17.6851289414104,7.01198227592003,3051.48607007995,4922749.0
West Bank and Gaza,PSE,2022,1.68298755186722,,100.0,15.4,,,17.3927108606611,4.08276027347105,3099.9609010368,5043612.0
West Bank and Gaza,PSE,2023,1.68298755186722,,100.0,,,,15.5805444898279,-4.55580428525744,2888.76306072177,5165775.0
World,WLD,2000,32.373759569026,48.9258544997835,78.2214008583172,17.5262813966932,1590.53600804969,4.00941219065332,27.8879778710513,4.55506182477725,7858.90796621258,6161884811.0
World,WLD,2001,32.3344314178347,49.6033207848088,78.7152432244994,17.2141012541802,1584.48166042261,4.00897208423349,26.9495814896535,2.03855309163356,7912.24589263937,6245112906.0
World,WLD,2002,32.2953595345931,50.2525426502302,79.1007987332702,17.2206557859887,1597.42958388422,4.01471766775148,26.43286169319,2.31107096730885,7989.62889151096,6327557399.0
World,WLD,2003,32.2539212599977,50.9502252876777,79.9649010273987,17.067470633117,1635.68493163054,4.15283206035147,26.4321878651386,3.09383471039331,8131.19308358597,6409750441.0
World,WLD,2004,32.1772151348171,51.6901468110625,79.9521476684051,16.7834791518651,1682.91262485075,4.28299230672157,26.820657591831,4.50184539653775,8388.59733771259,6492769815.0
World,WLD,2005,32.1369399989646,52.4516706578794,80.7013310816536,16.6370993331808,1708.55270571192,4.38817337084941,27.3130876693773,4.05453629039749,8618.44740525166,6575841506.0
World,WLD,2006,32.0985781567973,53.2203320699032,81.3534633010675,16.7290772224366,1735.35240707658,4.47772210317331,27.821745958516,4.47616958858079,8890.47332913352,6659977025.0
World,WLD,2007,32.0594407969041,54.1726279156741,81.9711576658049,16.5374660334277,1759.58764727864,4.58801760972481,27.8832879181393,4.41384473328108,9166.56507078682,6744489399.0
World,WLD,2008,32.0242370807185,55.0826622739617,82.6681723773023,16.6569817886533,1760.65936421268,4.56130977188499,28.209367214008,2.09239458384161,9240.5056265252,6830513541.0
World,WLD,2009,31.9854288136139,56.1060916392017,82.8658227064746,17.0654993607187,1722.83553405813,4.44982588000567,26.6793742828617,-1.31864911944237,9005.17592406812,6916589116.0
World,WLD,2010,31.9456325774178,57.1730466136601,83.4471382973513,16.7414815095897,1797.33396996069,4.67104781262243,27.62129979624,4.52424032554688,9298.74987325049,7001266876.0
World,WLD,2011,31.911541080106,58.3130334845191,84.5062333878765,16.6987205578704,1803.96021847689,4.76232754519287,28.1760947016753,3.33900335400304,9492.82945551876,7087120034.0
World,WLD,2012,31.4712089390986,59.6211121970968,84.93629043483,16.8962150785112,1803.79054500971,4.77385868425967,28.1540557171329,2.73120979279713,9630.06477941677,7176929184.0
World,WLD,2013,31.4370965108556,61.0627496030153,85.7106877963555,17.1692464159295,1810.81129534032,4.80903716920815,27.857281471925,2.88814205849086,9786.8793911809,7265892332.0
World,WLD,2014,31.4027044198949,62.4390436750468,86.1955840187905,17.3299951573821,1809.84216220621,4.77690089127195,27.6512462544278,3.13301748764174,9972.4823409961,7354068030.0
World,WLD,2015,31.3672852185744,63.9449625067399,86.9239995427518,17.4035082673572,1790.2311990423,4.6979632206542,26.7581066816507,3.11378907834442,10161.9445773234,7441677465.0
World,WLD,2016,31.3398157847626,65.3976911802573,88.1044791994569,17.6281084915531,1784.72552759688,4.64960332789754,26.2097721966568,2.79359207247063,10324.8400705021,7528879985.0
World,WLD,2017,31.2888985608941,66.8618369839326,88.9317628469647,17.8541835016377,1802.79548497669,4.67177747634658,26.6974193670991,3.45183009055707,10561.100105291,7614523410.0
World,WLD,2018,31.2515001256163,68.324904878855,89.7973878560124,18.1052270747944,1825.73810732344,4.73428080473987,27.1690541542086,3.27395826417856,10789.6668089725,7697233736.0
World,WLD,2019,31.2123964792576,69.6893832205839,90.1083920202658,18.5751641385934,1828.43822584776,4.70069318784206,26.6012800207035,2.67911757479919,10963.6816310515,7778008621.0
World,WLD,2020,31.1755410752473,71.05987164834,90.3956876080963,19.7355641050053,1761.47471149444,4.47400584361336,25.9954241984094,-2.8992231033702,10541.8118545305,7854748424.0
World,WLD,2021,31.1756771274206,72.2764141456031,91.3342664591051,,1850.99790788266,4.68420055184532,27.1416570882211,6.41334961541973,11124.7495292116,7920514854.0
World,WLD,2022,31.1430410787403,73.3585439353749,91.2883104888965,,1853.66774677224,4.66731333968557,27.2584810728139,3.40305483746891,11403.9410808157,7989545217.0
World,WLD,2023,,74.4233687014423,91.5991774421991,,,4.67693780495436,26.2727691431167,2.9485947500487,11631.7164772209,8064057930.0
"Yemen, Rep.",YEM,2000,1.03983180862549,54.25,49.2,0.9,241.884502378759,0.802338303623073,48.7835790730058,6.1819155928913,2114.67265566851,19624141.0
"Yemen, Rep.",YEM,2001,1.03983180862549,55.2,50.4,0.9,260.291246901483,0.829144572122412,44.9083545705105,3.80364587188127,2129.77268762778,20226147.0
"Yemen, Rep.",YEM,2002,1.03983180862549,55.7,51.5,0.9,244.765880104457,0.807128897860081,45.1536229524171,3.9352315052778,2148.88860494788,20835086.0
"Yemen, Rep.",YEM,2003,1.03983180862549,56.6,52.6,0.8,264.070554409773,0.910498458290656,45.9141110094936,3.74739818489111,2164.86083019467,21456379.0
"Yemen, Rep.",YEM,2004,1.03983180862549,57.55,49.6,0.8,279.891332102562,0.925129916420184,47.8015521496085,3.972696401183,2185.78999159086,22095167.0
"Yemen, Rep.",YEM,2005,1.03983180862549,58.0,54.8,0.7,289.030753712905,0.966350059686043,51.5233832621526,5.59174807563268,2237.63762643152,22790085.0
"Yemen, Rep.",YEM,2006,1.03983180862549,58.4,55.8,0.8,299.542924935684,0.974638708108025,51.9588106170624,3.17040935922364,2234.74266863312,23543083.0
"Yemen, Rep.",YEM,2007,1.03983180862549,58.9,57.2,0.8,283.812949035491,1.00023924584184,52.3036364513925,3.33842795605096,2235.75075901067,24318082.0
"Yemen, Rep.",YEM,2008,1.03983180862549,59.0,58.4,0.7,289.811528650795,1.0053703136687,52.5715277111729,3.64756947012633,2244.04491655237,25111941.0
"Yemen, Rep.",YEM,2009,1.03983180862549,59.3,59.6,0.7,311.080562559356,1.0658436506035,52.7856660563457,3.86622951587742,2257.46902086832,25927724.0
"Yemen, Rep.",YEM,2010,1.03983180862549,59.2,60.8,0.8,291.861999994351,0.984687109444892,52.9607477523107,7.70128607527964,2356.19960422096,26754387.0
"Yemen, Rep.",YEM,2011,1.03983180862549,59.1,62.0,0.9,240.192428627502,0.833886302805684,53.1065650909838,-12.7148969035133,1994.83663337222,27582897.0
"Yemen, Rep.",YEM,2012,1.03983180862549,58.7,52.4,1.1,210.827759194461,0.773829681433409,39.7484554361741,2.39299021364694,1981.45800046603,28433647.0
"Yemen, Rep.",YEM,2013,1.03983180862549,58.4,75.6,0.8,281.953182312038,0.982094877377072,38.9944141504647,4.82351908493912,2014.7289059487,29312952.0
"Yemen, Rep.",YEM,2014,1.03983180862549,57.8,66.1,0.8,259.815942651214,0.938116526235472,39.8882580148089,-0.188690241954504,1950.1625450589,30226309.0
"Yemen, Rep.",YEM,2015,1.03983180862549,57.0,67.4,2.0,119.994093431265,0.457400001457025,33.866159352981,-27.9945462502541,1362.1738120601,31159379.0
"Yemen, Rep.",YEM,2016,1.03983180862549,55.8,68.9,2.6,83.3695325901369,0.331047266795208,25.9022680665842,-9.37512379736752,1197.95865971172,32109010.0
"Yemen, Rep.",YEM,2017,1.03983180862549,55.0,79.2,3.0,71.9650301584181,0.296939453573988,25.9240409654207,-5.07179568062152,1103.45634849842,33090921.0
"Yemen, Rep.",YEM,2018,1.03983180862549,54.1,62.0,2.9,93.9408794935562,0.35186257770312,25.4429978433173,0.752447592962554,1079.32938366255,34085182.0
"Yemen, Rep.",YEM,2019,1.03983180862549,52.7,72.8,3.0,92.6774709704908,0.351518230200281,,,,35111408.0
"Yemen, Rep.",YEM,2020,1.03983180862549,51.3,73.9,3.5,77.587699828637,0.313196150764429,,,,36134863.0
"Yemen, Rep.",YEM,2021,1.03983180862549,50.1,74.9,3.7,71.3420686631943,0.302074058238196,,,,37140230.0
"Yemen, Rep.",YEM,2022,1.03983180862549,48.8,76.0,,68.9495345137687,0.287369793942245,,,,38222876.0
"Yemen, Rep.",YEM,2023,1.03983180862549,47.3,83.6,,,0.269743195612762,,,,39390799.0
Zambia,ZMB,2000,63.2965199962335,13.8,16.7,90.0,595.567896345718,0.194876413395542,23.2438941549244,3.89732294341896,804.48463418783,10017631.0
Zambia,ZMB,2001,63.2483622324756,14.3,20.2,89.8,596.349927915799,0.19058254162032,23.3606116903584,5.31686827418419,822.020935308251,10325185.0
Zambia,ZMB,2002,63.2002044687176,14.6,17.4,89.6,603.817790407024,0.194197023295284,23.8755524352252,4.50601428032604,833.021177549004,10647949.0
Zambia,ZMB,2003,63.1520467049597,15.0,18.5,89.3,611.086621828071,0.203867677204048,24.1349730396824,6.94497398221223,863.650190656785,10983595.0
Zambia,ZMB,2004,63.1038889412018,15.5,20.3,89.4,611.62904243083,0.203153975614114,25.6961251757115,7.03239511515218,895.475258534826,11338198.0
Zambia,ZMB,2005,63.0557311774439,15.6,23.3,88.9,607.942409416347,0.211070757215382,26.8496240283076,7.23559900655543,929.079255855905,11718819.0
Zambia,ZMB,2006,63.0075734136859,15.9,24.1,89.7,604.442195262904,0.198597590529511,30.3961173223662,7.90369444480079,968.563565019492,12129553.0
Zambia,ZMB,2007,62.959415649928,16.2,18.5,90.7,597.399634418715,0.174189032545343,31.9096804308122,8.35243624447406,1013.08567432637,12565085.0
Zambia,ZMB,2008,62.9112578861701,16.2,25.7,89.8,616.785241364652,0.200263813418666,30.9906155705809,7.77389581542363,1053.58612301068,13021324.0
Zambia,ZMB,2009,62.8631001224122,16.2,26.6,89.2,619.989950482658,0.213107272147601,30.2244688791227,9.2203484058663,1110.71918102486,13490389.0
Zambia,ZMB,2010,62.8149423586543,16.1,22.0,89.2,629.082900793812,0.230036760341164,32.2389147610701,10.2982233241213,1183.41712409199,13965594.0
Zambia,ZMB,2011,62.5618047054709,15.8,28.3,87.9,646.079173071802,0.239454830917406,34.4442819243584,5.56925219263019,1208.46424569634,14437796.0
Zambia,ZMB,2012,62.3086670522875,15.4,29.2,85.4,662.330990673445,0.289620990303567,32.0106503918136,7.59738104901994,1258.78938578996,14913629.0
Zambia,ZMB,2013,62.0555293991041,15.1,30.1,85.3,671.712530708792,0.307539510527861,32.5564491082462,5.05753695047252,1280.77012176778,15398997.0
Zambia,ZMB,2014,61.8023917459207,14.5,27.9,84.6,682.741627698753,0.346397664972352,32.9441480248783,4.69328316376705,1299.01241762504,15895315.0
Zambia,ZMB,2015,61.5492540927373,14.0,31.1,84.0,686.58901801905,0.356605174836236,33.65724911523,2.92037511217961,1295.87788680068,16399089.0
Zambia,ZMB,2016,61.2959550168821,13.3,35.4,84.0,683.714230135287,0.374035815469437,34.8771666095938,3.75510031678988,1303.57513869133,16914423.0
Zambia,ZMB,2017,61.0428846231453,12.8,40.3,83.5,702.724841881756,0.46088254788055,37.3040449214626,3.52586277149926,1308.76829240086,17441320.0
Zambia,ZMB,2018,60.789706614294,12.1,40.2,83.8,726.480224274828,0.506471474864007,34.4853215849232,4.03449389667165,1321.25045711573,17973569.0
Zambia,ZMB,2019,60.5365151535533,11.5,43.0,86.1,741.616894830948,0.487959304388463,34.9419812171167,1.44130602603785,1301.18132976178,18513839.0
Zambia,ZMB,2020,60.283337144702,10.9,44.6,85.4,759.022718469978,0.500068339000267,40.1976896628281,-2.78505506545167,1228.73500113195,19059395.0
Zambia,ZMB,2021,60.0301501230848,10.2,46.7,83.0,769.932818962888,0.49379688135964,41.8319384724467,6.23492204726448,1269.10821808895,19603607.0
Zambia,ZMB,2022,59.7769691548178,9.7,47.8,,800.674873527651,0.524548827570452,35.2838210182449,5.21122360356247,1298.8480495593,20152938.0
Zambia,ZMB,2023,59.523784150984,9.2,51.1,,,0.548090097623693,35.107778069402,5.36794285493059,1330.85998216751,20723965.0
Zimbabwe,ZWE,2000,47.4757141010728,33.6,33.7,69.5,555.920693046092,1.23243627783423,,-3.05911780575599,1677.34896793251,11892055.0
Zimbabwe,ZWE,2001,47.3566240144759,33.7,34.2,72.3,540.270613966905,1.21917145823374,,1.43951727721958,1690.14666163116,11971901.0
Zimbabwe,ZWE,2002,47.237533927879,33.5,34.2,74.7,519.581800171555,1.1029519129975,,-8.89401285792752,1525.07935706564,12087653.0
Zimbabwe,ZWE,2003,47.1184438412822,33.2,35.1,78.0,477.200797479578,0.893403485176119,,-16.9950733355763,1250.91948331231,12232323.0
Zimbabwe,ZWE,2004,46.9993537546853,32.4,35.6,81.8,449.272021527134,0.838216656520482,24.3823706636825,-5.80753964196205,1165.54447081543,12365896.0
Zimbabwe,ZWE,2005,46.8802636680884,32.1,36.1,80.3,479.190598403953,0.922182297304139,26.4793991229974,-5.71112541241364,1088.63148420699,12483432.0
Zimbabwe,ZWE,2006,46.7611735814915,31.7,37.2,78.7,494.383766335302,0.848775110404865,30.6513058245743,-3.46140290336963,1038.22375658033,12636445.0
Zimbabwe,ZWE,2007,46.6420834948947,31.3,37.2,78.0,472.966456400849,0.825339903958573,32.4614004438359,-3.653250914872,987.200362596937,12804058.0
Zimbabwe,ZWE,2008,46.5229934082978,31.1,37.7,81.6,416.061487434695,0.641176361194705,30.4832503395201,-17.6689987958491,803.044944654991,12959149.0
Zimbabwe,ZWE,2009,46.4039033217009,30.8,43.4,82.6,417.993358333389,0.604392218090679,21.4538686244604,13.2720546167979,896.915532877845,13142790.0
Zimbabwe,ZWE,2010,46.284813235104,30.4,38.9,81.2,420.028576465643,0.753832502230367,20.6947355315308,19.6754077019323,1056.20884563889,13356548.0
Zimbabwe,ZWE,2011,46.1657231485072,30.3,36.9,77.2,444.80696274803,1.16578931263931,21.7201786093983,14.1939156801139,1184.93421020563,13595424.0
Zimbabwe,ZWE,2012,46.0466330619103,30.0,44.0,77.0,454.708020211244,0.922261124294909,25.3306858994948,16.6654290410337,1360.15230034275,13817887.0
Zimbabwe,ZWE,2013,45.9275429753134,30.1,40.6,79.3,462.865283072286,0.907590570671441,23.8001125610251,1.98948554025198,1367.81831689463,14013808.0
Zimbabwe,ZWE,2014,45.8084528887166,29.8,32.3,80.8,460.332017093667,0.886871374194176,23.7189510650842,2.37698561663417,1381.25404125871,14207359.0
Zimbabwe,ZWE,2015,45.6893628021197,29.9,33.7,80.8,453.579542968744,0.881442359972868,22.3586547006621,1.77985356392176,1387.12632595026,14399013.0
Zimbabwe,ZWE,2016,45.5702727155228,29.9,42.5,81.7,423.185508873165,0.771813225130946,22.1153495385289,0.75579405855224,1378.34256192374,14600294.0
Zimbabwe,ZWE,2017,45.4511826289259,29.9,44.0,82.0,416.196232814442,0.714789054258429,32.0157377663457,4.73441117758482,1422.91948946927,14812482.0
Zimbabwe,ZWE,2018,45.3320925423291,30.1,45.4,79.7,445.175095167118,0.816285156253118,31.0377751295783,5.00992154297603,1472.14603844842,15034452.0
Zimbabwe,ZWE,2019,45.2130024557322,30.1,46.7,81.0,412.165419523265,0.731473434469001,38.9749459493832,-6.33244976028571,1357.53087818754,15271368.0
Zimbabwe,ZWE,2020,45.0939123691353,30.3,52.7,84.1,373.557246170741,0.584444223465771,40.4336448935323,-7.81695060188729,1230.81933361016,15526888.0
Zimbabwe,ZWE,2021,44.9748222825385,30.3,49.0,82.4,405.518563648677,0.68892544949393,36.9163101350258,8.46801676808001,1312.20001358807,15797210.0
Zimbabwe,ZWE,2022,44.8557321959416,30.5,50.1,,416.586875381392,0.719220842842293,46.4723635392825,6.13926327570213,1369.19761495571,16069056.0
Zimbabwe,ZWE,2023,44.7366421093447,30.7,62.0,,,0.76899436270709,33.2555519083931,5.3508687909833,1418.47184628799,16340822.0
